CATEGORY,№,START_TIME,ROAD,RESPONSIBILITY,FREIGHT,PASSENGER,COMMUTER,REASON,DEPARTMENT,YEAR,FREIGHT_COUNT,FREIGHT_TIMEOUT,PASSENGER_COUNT,PASSENGER_TIMEOUT,COMMUTER_COUNT,COMMUTER_TIMEOUT,DELTA_TIME,DELTA_MINUTES,TIME_DIFF,EVENT_NUMBER,INDEX,SEASON,LAMBDA0
3,13160423,2024-01-01 19:27:00,Южно-Уральская,"Ю-УР, ИЧ Ю-УР Ш",,,,"Резистор, обрыв",CSH,2024,,,,,,,0 days 00:00:00,0.0,0.0,1,0.0,Зима,0.0006334806240957
2,13161187,2024-01-02 20:55:00,Южно-Уральская,"Ю-УР, ШЧ-4 (Э)",,"1шт ч(к учету 0,13ч)",,Сбой АЛС с задержкой поезда,CSH,2024,,,1.0,"0,13ч",,,1 days 01:28:00,1528.0,1528.0,2,0.0025445292620865,Зима,0.0006334806240957
3,13161746,2024-01-03 08:07:00,Южно-Уральская,"Ю-УР, ШЧ-14 (Э)",,,,"Контактная система, увеличенное сопротивление контакта",CSH,2024,,,,,,,1 days 12:40:00,2200.0,672.0,3,0.005089058524173,Зима,0.0006334806240957
3,13163787,2024-01-04 15:46:00,Южно-Уральская,"Ю-УР, ШЧ-13 (Р)",,,,"Лампы, перегорание основной нити",CSH,2024,,,,,,,2 days 20:19:00,4099.0,1899.0,4,0.0076335877862595,Зима,0.0006334806240957
3,13171090,2024-01-10 09:53:00,Южно-Уральская,"Ю-УР, ШЧ-6 (Э)",,,,Пережог плавкой вставки предохранителя линии СЦБ,CSH,2024,,,,,,,8 days 14:26:00,12386.0,8287.0,5,0.010178117048346,Зима,0.0006334806240957
3,13172934,2024-01-10 23:46:00,Южно-Уральская,"Ю-УР, ВЧДЭ-1 ЧЕЛЯБИНСК",,,,"Неисправности роликов (шелушение, намины, раковины, трещины и др.)",CV,2024,,,,,,,9 days 04:19:00,13219.0,833.0,6,0.0127226463104325,Зима,0.0006334806240957
3,13175463,2024-01-11 16:58:00,Южно-Уральская,"Ю-УР, ШЧ-13 (Р)",,,,"Контактная система, потеря контакта",CSH,2024,,,,,,,9 days 21:31:00,14251.0,1032.0,7,0.015267175572519,Зима,0.0006334806240957
3,13175427,2024-01-11 17:00:00,Южно-Уральская,"Ю-УР, ШЧ-10 (Р)",,,,Неисправность петель связи,CSH,2024,,,,,,,9 days 21:33:00,14253.0,2.0,8,0.0178117048346055,Зима,0.0006334806240957
3,13181174,2024-01-15 13:50:00,Южно-Уральская,"Ю-УР, ВЧДЭ-2 ОРЕНБУРГ",,,,Неисправность тормозного цилиндра грузового вагона,CV,2024,,,,,,,13 days 18:23:00,19823.0,5570.0,9,0.0203562340966921,Зима,0.0006334806240957
3,13182970,2024-01-16 21:14:00,Южно-Уральская,"Ю-УР, ВЧДЭ-1 ЧЕЛЯБИНСК",,,,Повреждение/трещина корпуса резьбового тройника,CV,2024,,,,,,,15 days 01:47:00,21707.0,1884.0,10,0.0229007633587786,Зима,0.0006334806240957
3,13185165,2024-01-17 09:29:00,Южно-Уральская,"З-СИБ, ВЧДЭ-12 ВХОДНАЯ",,,,Неравномерный прокат по кругу катания колеса грузового вагона выше нормы,CV,2024,,,,,,,15 days 14:02:00,22442.0,735.0,11,0.0254452926208651,Зима,0.0006334806240957
3,13186516,2024-01-19 07:18:00,Южно-Уральская,"Ю-УР, ТЧЭ-5",,,,Прочая неисправность обшивки корпуса кузова локомотива,CT,2024,,,,,,,17 days 11:51:00,25191.0,2749.0,12,0.0279898218829516,Зима,0.0006334806240957
2,13186355,2024-01-19 11:08:00,Южно-Уральская,"Ю-УР, ШЧ-5 (Э)","1шт ч(к учету 0,42ч)",,,Обрыв монтажного провода,CSH,2024,1.0,"0,42ч",,,,,17 days 15:41:00,25421.0,230.0,13,0.0305343511450381,Зима,0.0006334806240957
3,13187674,2024-01-20 13:05:00,Южно-Уральская,"Ю-УР, ВЧДЭ-1 ЧЕЛЯБИНСК",,,,Разрыв диафрагмы клапана мягкости,CV,2024,,,,,,,18 days 17:38:00,26978.0,1557.0,14,0.0330788804071246,Зима,0.0006334806240957
3,13191155,2024-01-21 22:43:00,Южно-Уральская,"КРАС, ВЧДЭ-8 АБАКАН",,,,Тонкий гребень колеса грузового вагона,CV,2024,,,,,,,20 days 03:16:00,28996.0,2018.0,15,0.0356234096692111,Зима,0.0006334806240957
3,13189817,2024-01-22 13:08:00,Южно-Уральская,"Ю-УР, ВЧДЭ-1 ЧЕЛЯБИНСК",,,,Неисправность автосцепного оборудования грузового вагона,CV,2024,,,,,,,20 days 17:41:00,29861.0,865.0,16,0.0381679389312977,Зима,0.0006334806240957
3,13192018,2024-01-22 20:08:00,Южно-Уральская,"КРАС, ВЧДЭ-7 КРАСНОЯРСК-ВОСТ",,,,Тонкий гребень колеса грузового вагона,CV,2024,,,,,,,21 days 00:41:00,30281.0,420.0,17,0.0407124681933842,Зима,0.0006334806240957
3,13191571,2024-01-23 15:43:00,Южно-Уральская,"Ю-УР, ВЧДЭ-1 ЧЕЛЯБИНСК",,,,Неисправность автосцепного оборудования грузового вагона,CV,2024,,,,,,,21 days 20:16:00,31456.0,1175.0,18,0.0432569974554707,Зима,0.0006334806240957
3,13193628,2024-01-23 20:05:00,Южно-Уральская,"З-СИБ, ВЧДЭ-6 ИНСКАЯ",,,,Тонкий гребень колеса грузового вагона,CV,2024,,,,,,,22 days 00:38:00,31718.0,262.0,19,0.0458015267175572,Зима,0.0006334806240957
3,13192174,2024-01-24 07:36:00,Южно-Уральская,"Ю-УР, ШЧ-4 (Э)",,,,"Сигнальная обмотка, короткое замыкание",CSH,2024,,,,,,,22 days 12:09:00,32409.0,691.0,20,0.0483460559796437,Зима,0.0006334806240957
3,13198294,2024-01-29 20:40:00,Южно-Уральская,"Ю-УР, ШЧ-8 (Э)",,,,Обрыв монтажного провода,CSH,2024,,,,,,,28 days 01:13:00,40393.0,7984.0,21,0.0508905852417302,Зима,0.0006334806240957
3,13199526,2024-01-30 18:10:00,Южно-Уральская,"Ю-УР, ШЧ-10 (Р)",,,,"Светодиоды, неисправность",CSH,2024,,,,,,,28 days 22:43:00,41683.0,1290.0,22,0.0534351145038167,Зима,0.0006334806240957
3,13201389,2024-01-31 08:50:00,Южно-Уральская,"КРАС, ВЧДЭ-7 КРАСНОЯРСК-ВОСТ",,,,Тонкий гребень колеса грузового вагона,CV,2024,,,,,,,29 days 13:23:00,42563.0,880.0,23,0.0559796437659033,Зима,0.0006334806240957
2,13215066,2024-02-01 02:48:00,Южно-Уральская,"З-СИБ, ТЧЭ-3",,"1шт ч(к учету 0,13ч)",,Прочая неисправность силовых контактов электромагнитного контактора вспомогательных цепей и цепей управления,CT,2024,,,1.0,"0,13ч",,,30 days 07:21:00,43641.0,1078.0,24,0.0585241730279898,Зима,0.0006334806240957
3,13201710,2024-02-01 12:56:00,Южно-Уральская,"Ю-УР, ШЧ-4 (Э)",,,,"Лампы, перегорание основной нити",CSH,2024,,,,,,,30 days 17:29:00,44249.0,608.0,25,0.0610687022900763,Зима,0.0006334806240957
3,13203334,2024-02-02 09:40:00,Южно-Уральская,"Ю-УР, ВЧДЭ-1 ЧЕЛЯБИНСК",,,,Круговой наплыв металла на фаску обода колеса грузового вагона,CV,2024,,,,,,,31 days 14:13:00,45493.0,1244.0,26,0.0636132315521628,Зима,0.0006334806240957
3,13209570,2024-02-07 03:26:00,Южно-Уральская,"Ю-УР, ШЧ-10 (Р)",,,,"Электродвигатель, постоянного тока (МСП, ДСП), понижение изоляции относительно корпуса",CSH,2024,,,,,,,36 days 07:59:00,52319.0,6826.0,27,0.0661577608142493,Зима,0.0006334806240957
2,13209979,2024-02-07 08:00:00,Южно-Уральская,"Ю-УР, ШЧ-1 (Э)","2шт ч(к учету 0,68ч)",,,Нарушение контакта штепсель/рельс,CSH,2024,2.0,"0,68ч",,,,,36 days 12:33:00,52593.0,274.0,28,0.0687022900763358,Зима,0.0006334806240957
3,13215148,2024-02-08 09:46:00,Южно-Уральская,"СВЕРД, ВЧДЭ-4",,,,Излом пружины рессорного подвешивания грузового вагона,CV,2024,,,,,,,37 days 14:19:00,54139.0,1546.0,29,0.0712468193384223,Зима,0.0006334806240957
3,13218030,2024-02-12 00:00:00,Южно-Уральская,"Ю-УР, ТЧЭ-5",,,,Прочая неисправность обшивки корпуса кузова локомотива,CT,2024,,,,,,,41 days 04:33:00,59313.0,5174.0,30,0.0737913486005089,Зима,0.0006334806240957
1,13219293,2024-02-12 16:47:00,Южно-Уральская,"Ю-УР, ТЧЭ-1","83шт (к учету 56) ч(к учету 222,55ч)","21шт (к учету 14) ч(к учету 80,4ч)","2шт ч(к учету 8,82)ч",Деформация обшивки корпуса кузова локомотива,CT,2024,56.0,"222,55ч",14.0,"80,4ч",2.0,"8,82ч",41 days 21:20:00,60320.0,1007.0,31,0.0763358778625954,Зима,0.0006334806240957
2,13221067,2024-02-13 13:05:00,Южно-Уральская,"СВЕРД, ТЧЭ-15","1шт ч(к учету 0,25ч)",,,"Код 14.2 Пробоксовки в виде местного износа и выкрашивания металла в местах термомеханических повреждений головки рельса из-за боксования, юза колес подвижного состава или нарушения режимов шлифования рельсошлифовальными поездами",CT,2024,1.0,"0,25ч",,,,,42 days 17:38:00,61538.0,1218.0,32,0.0788804071246819,Зима,0.0006334806240957
3,13224777,2024-02-16 02:03:00,Южно-Уральская,"Ю-УР, ВЧДЭ-1 ЧЕЛЯБИНСК",,,,Разрыв большой диафрагмы/ утечка по большой диафрагме усл. № 270.716-2 (483А.043),CV,2024,,,,,,,45 days 06:36:00,65196.0,3658.0,33,0.0814249363867684,Зима,0.0006334806240957
3,13225075,2024-02-16 06:35:00,Южно-Уральская,"Ю-УР, ШЧ-13 (Р)",,,,"Обмотка, короткое замыкание",CSH,2024,,,,,,,45 days 11:08:00,65468.0,272.0,34,0.0839694656488549,Зима,0.0006334806240957
3,13225728,2024-02-16 15:40:00,Южно-Уральская,"Ю-УР, ШЧ-8 (Э)",,,,"Конденсатор, снижение емкости",CSH,2024,,,,,,,45 days 20:13:00,66013.0,545.0,35,0.0865139949109414,Зима,0.0006334806240957
3,13228581,2024-02-16 17:31:00,Южно-Уральская,"КРАС, ВЧДЭ-7 КРАСНОЯРСК-ВОСТ",,,,Тонкий гребень колеса грузового вагона,CV,2024,,,,,,,45 days 22:04:00,66124.0,111.0,36,0.089058524173028,Зима,0.0006334806240957
3,13227027,2024-02-18 04:12:00,Южно-Уральская,"Ю-УР, ШЧ-13 (Р)",,,,"Срабатывание (перегорание), несоответствие номинала",CSH,2024,,,,,,,47 days 08:45:00,68205.0,2081.0,37,0.0916030534351145,Зима,0.0006334806240957
3,13228595,2024-02-18 07:18:00,Южно-Уральская,"З-СИБ, ВЧДЭ-12 ВХОДНАЯ",,,,Тонкий гребень колеса грузового вагона,CV,2024,,,,,,,47 days 11:51:00,68391.0,186.0,38,0.094147582697201,Зима,0.0006334806240957
3,13228603,2024-02-18 14:52:00,Южно-Уральская,"КРАС, ВЧДЭ-1 БОГОТОЛ",,,,Неравномерный прокат по кругу катания колеса грузового вагона выше нормы,CV,2024,,,,,,,47 days 19:25:00,68845.0,454.0,39,0.0966921119592875,Зима,0.0006334806240957
3,13227653,2024-02-18 20:53:00,Южно-Уральская,"Ю-УР, ШЧ-8 (Э)",,,,"Автопереключатель, разрегулировка контактов",CSH,2024,,,,,,,48 days 01:26:00,69206.0,361.0,40,0.099236641221374,Зима,0.0006334806240957
3,13233587,2024-02-18 23:19:00,Южно-Уральская,"З-СИБ, ВЧДЭ-11 АЛТАЙСКАЯ",,,,Неравномерный прокат по кругу катания колеса грузового вагона выше нормы,CV,2024,,,,,,,48 days 03:52:00,69352.0,146.0,41,0.1017811704834605,Зима,0.0006334806240957
2,13231472,2024-02-21 11:26:00,Южно-Уральская,"Ю-УР, ШЧ-11 (Э)","4шт ч(к учету 1,97ч)",,,"Жилы, внутренний обрыв",CSH,2024,4.0,"1,97ч",,,,,50 days 15:59:00,72959.0,3607.0,42,0.104325699745547,Зима,0.0006334806240957
2,13239162,2024-02-28 09:16:00,Южно-Уральская,"Ю-УР, ВЧДЭ-1 ЧЕЛЯБИНСК","2шт ч(к учету 1,43ч)",,,Неплотность тормозной магистрали грузового вагона,CV,2024,2.0,"1,43ч",,,,,57 days 13:49:00,82909.0,9950.0,43,0.1068702290076335,Зима,0.0006334806240957
2,13240175,2024-02-29 07:14:00,Южно-Уральская,"Ю-УР, ШЧ-13 (Р)","1шт ч(к учету 0,18ч)",,"1шт ч(к учету 0,18)ч","Контактная система, увеличенное сопротивление",CSH,2024,1.0,"0,18ч",,,1.0,"0,18ч",58 days 11:47:00,84227.0,1318.0,44,0.1094147582697201,Зима,0.0006334806240957
3,13242349,2024-03-01 12:17:00,Южно-Уральская,"Ю-УР, ШЧ-11 (Э)",,,,"Срабатывание (перегорание), нарушение контакта штепсельного разъема, нарушение контакта",CSH,2024,,,,,,,59 days 16:50:00,85970.0,1743.0,45,0.1119592875318066,Весна,0.0006851635733915
2,13242507,2024-03-02 01:46:00,Южно-Уральская,"Ю-УР, ВЧДЭ-1 ЧЕЛЯБИНСК","1шт ч(к учету 0,63ч)",,,"Шелушение, раковины, коррозия на  деталях подшипника",CV,2024,1.0,"0,63ч",,,,,60 days 06:19:00,86779.0,809.0,46,0.1145038167938931,Весна,0.0006851635733915
2,13245760,2024-03-04 21:58:00,Южно-Уральская,"Ю-УР, ШЧ-16 (Э)","3шт (к учету 2) ч(к учету 1,62ч)","1шт ч(к учету 0,17ч)",,Нарушение изоляции монтажных проводов,CSH,2024,2.0,"1,62ч",1.0,"0,17ч",,,63 days 02:31:00,90871.0,4092.0,47,0.1170483460559796,Весна,0.0006851635733915
3,13248341,2024-03-06 03:32:00,Южно-Уральская,"Ю-УР, ШЧ-16 (Э)",,,,"Лампы, перегорание основной нити",CSH,2024,,,,,,,64 days 08:05:00,92645.0,1774.0,48,0.1195928753180661,Весна,0.0006851635733915
3,13251130,2024-03-07 07:30:00,Южно-Уральская,"Ю-УР, ВЧДЭ-5 КАРТАЛЫ",,,,Неравномерный прокат по кругу катания колеса грузового вагона выше нормы,CV,2024,,,,,,,65 days 12:03:00,94323.0,1678.0,49,0.1221374045801526,Весна,0.0006851635733915
3,13253121,2024-03-08 15:49:00,Южно-Уральская,"Ю-УР, ШЧ-8 (Э)",,,,"Контактная система, сваривание контактов",CSH,2024,,,,,,,66 days 20:22:00,96262.0,1939.0,50,0.1246819338422391,Весна,0.0006851635733915
2,13253949,2024-03-09 20:26:00,Южно-Уральская,"Ю-УР, ШЧ-10 (Р)",,"1шт ч(к учету 0,12ч)",,"Контактная система, увеличенное сопротивление",CSH,2024,,,1.0,"0,12ч",,,68 days 00:59:00,97979.0,1717.0,51,0.1272264631043257,Весна,0.0006851635733915
3,13259038,2024-03-13 08:17:00,Южно-Уральская,"Ю-УР, ШЧ-4 (Э)",,,,Плохой контакт,CSH,2024,,,,,,,71 days 12:50:00,103010.0,5031.0,52,0.1297709923664122,Весна,0.0006851635733915
3,13260876,2024-03-14 08:35:00,Южно-Уральская,"Ю-УР, ШЧ-6 (Э)",,,,"Автопереключатель, разрегулировка контактов",CSH,2024,,,,,,,72 days 13:08:00,104468.0,1458.0,53,0.1323155216284987,Весна,0.0006851635733915
2,13261871,2024-03-14 17:11:00,Южно-Уральская,"Ю-УР, ШЧ-13 (Р)","2шт ч(к учету 0,5ч)",,,"Нарушение контакта в штепсельных розетках, неисправность контактных губок",CSH,2024,2.0,"0,5ч",,,,,72 days 21:44:00,104984.0,516.0,54,0.1348600508905852,Весна,0.0006851635733915
2,13261921,2024-03-14 19:09:00,Южно-Уральская,"Ю-УР, ШЧ-13 (Р)","2шт ч(к учету 1,15ч)",,,"Нарушение контакта в разъемах блоков, неисправность контактных губок",CSH,2024,2.0,"1,15ч",,,,,72 days 23:42:00,105102.0,118.0,55,0.1374045801526717,Весна,0.0006851635733915
3,13262874,2024-03-15 11:37:00,Южно-Уральская,"Ю-УР, ШЧ-5 (Э)",,,,"Резистор, обрыв",CSH,2024,,,,,,,73 days 16:10:00,106090.0,988.0,56,0.1399491094147582,Весна,0.0006851635733915
1,13268852,2024-03-17 00:50:00,Южно-Уральская,"Ю-УР, ТЧЭ-5",,,,Прочая неисправность воздухопровода тормозной магистрали,CT,2024,,,,,,,75 days 05:23:00,108323.0,2233.0,57,0.1424936386768447,Весна,0.0006851635733915
2,13265126,2024-03-18 04:35:00,Южно-Уральская,"Ю-УР, ШЧ-13 (Р)","3шт (к учету 2) ч(к учету 0,7ч)",,,"Контактная система, увеличенное сопротивление контакта",CSH,2024,2.0,"0,7ч",,,,,76 days 09:08:00,109988.0,1665.0,58,0.1450381679389313,Весна,0.0006851635733915
2,13267094,2024-03-19 13:14:00,Южно-Уральская,"Ю-УР, ШЧ-14 (Э)","1шт ч(к учету 0,28ч)",,,"Нарушение контакта в разъемах блоков, неисправность контактных губок",CSH,2024,1.0,"0,28ч",,,,,77 days 17:47:00,111947.0,1959.0,59,0.1475826972010178,Весна,0.0006851635733915
3,13271483,2024-03-20 16:18:00,Южно-Уральская,"З-СИБ, ВЧДЭ-6 ИНСКАЯ",,,,Выщербина на ободе колеса грузового вагона,CV,2024,,,,,,,78 days 20:51:00,113571.0,1624.0,60,0.1501272264631043,Весна,0.0006851635733915
3,13274208,2024-03-21 12:00:00,Южно-Уральская,"СВЕРД, ВЧДЭ-4",,,,Выщербина на ободе колеса грузового вагона,CV,2024,,,,,,,79 days 16:33:00,114753.0,1182.0,61,0.1526717557251908,Весна,0.0006851635733915
2,13270403,2024-03-21 21:56:00,Южно-Уральская,"Ю-УР, ШЧ-13 (Р)","2шт ч(к учету 1,38ч)",,,"Контактная система, сваривание контактов",CSH,2024,2.0,"1,38ч",,,,,80 days 02:29:00,115349.0,596.0,62,0.1552162849872773,Весна,0.0006851635733915
2,13271344,2024-03-22 14:10:00,Южно-Уральская,"Ю-УР, ШЧ-10 (Р)","1шт ч(к учету 0,33ч)",,,"Обмотка, короткое замыкание",CSH,2024,1.0,"0,33ч",,,,,80 days 18:43:00,116323.0,974.0,63,0.1577608142493638,Весна,0.0006851635733915
3,13273380,2024-03-23 08:50:00,Южно-Уральская,"З-СИБ, ВЧДЭ-23 БЕЛОВО",,,,Выщербина на ободе колеса грузового вагона,CV,2024,,,,,,,81 days 13:23:00,117443.0,1120.0,64,0.1603053435114503,Весна,0.0006851635733915
3,13272266,2024-03-23 15:40:00,Южно-Уральская,"Ю-УР, ШЧ-13 (Р)",,,,"Обмотка, короткое замыкание",CSH,2024,,,,,,,81 days 20:13:00,117853.0,410.0,65,0.1628498727735369,Весна,0.0006851635733915
3,13279848,2024-03-26 06:05:00,Южно-Уральская,"КРАС, ВЧДЭ-7 КРАСНОЯРСК-ВОСТ",,,,Ослабление (разрушение) торцевого крепления,CV,2024,,,,,,,84 days 10:38:00,121598.0,3745.0,66,0.1653944020356234,Весна,0.0006851635733915
3,13276176,2024-03-27 03:31:00,Южно-Уральская,"Ю-УР, ШЧ-4 (Э)",,,,Пережог плавкой вставки предохранителя линии СЦБ,CSH,2024,,,,,,,85 days 08:04:00,122884.0,1286.0,67,0.1679389312977099,Весна,0.0006851635733915
3,13277847,2024-03-27 08:34:00,Южно-Уральская,"Ю-ВОСТ, ВЧДЭ-3 СТОЙЛЕНСКАЯ",,,,Тонкий гребень колеса грузового вагона,CV,2024,,,,,,,85 days 13:07:00,123187.0,303.0,68,0.1704834605597964,Весна,0.0006851635733915
2,13278225,2024-03-28 10:26:00,Южно-Уральская,"Ю-УР, ШЧ-13 (Р)","5шт ч(к учету 2,72ч)",,,"Нарушение контакта в разъемах блоков, сообщение",CSH,2024,5.0,"2,72ч",,,,,86 days 14:59:00,124739.0,1552.0,69,0.1730279898218829,Весна,0.0006851635733915
3,13278930,2024-03-28 20:50:00,Южно-Уральская,"Ю-УР, ШЧ-8 (Э)",,,,"Нарушение контакта в штепсельных розетках, неисправность контактных губок",CSH,2024,,,,,,,87 days 01:23:00,125363.0,624.0,70,0.1755725190839694,Весна,0.0006851635733915
2,13279985,2024-03-29 17:46:00,Южно-Уральская,"Ю-УР, ШЧ-4 (Э)","1шт ч(к учету 0,5ч)",,,Закорачивание РЦ деталями ВСП,CSH,2024,1.0,"0,5ч",,,,,87 days 22:19:00,126619.0,1256.0,71,0.178117048346056,Весна,0.0006851635733915
3,13280317,2024-03-30 02:45:00,Южно-Уральская,"Ю-УР, ШЧ-10 (Р)",,,,"Лампы, перегорание основной нити",CSH,2024,,,,,,,88 days 07:18:00,127158.0,539.0,72,0.1806615776081425,Весна,0.0006851635733915
3,13281209,2024-03-30 04:25:00,Южно-Уральская,"Ю-УР, ВЧДЭ-5 КАРТАЛЫ",,,,Тонкий гребень колеса грузового вагона,CV,2024,,,,,,,88 days 08:58:00,127258.0,100.0,73,0.183206106870229,Весна,0.0006851635733915
2,13288048,2024-04-03 15:35:00,Южно-Уральская,"Ю-УР, ШЧ-13 (Р)","2шт (к учету 1) ч(к учету 0,58ч)",,,"Контактная система, потеря контакта",CSH,2024,1.0,"0,58ч",,,,,92 days 20:08:00,133688.0,6430.0,74,0.1857506361323155,Весна,0.0006851635733915
3,13296205,2024-04-06 11:59:00,Южно-Уральская,"З-СИБ, ВЧДЭ-11 АЛТАЙСКАЯ",,,,Тонкий гребень колеса грузового вагона,CV,2024,,,,,,,95 days 16:32:00,137792.0,4104.0,75,0.188295165394402,Весна,0.0006851635733915
3,13294776,2024-04-07 04:50:00,Южно-Уральская,"Ю-УР, ШЧ-10 (Р)",,,,"Срабатывание, воздействие тягового тока",CSH,2024,,,,,,,96 days 09:23:00,138803.0,1011.0,76,0.1908396946564885,Весна,0.0006851635733915
3,13294883,2024-04-07 06:30:00,Южно-Уральская,"Ю-УР, ШЧ-8 (Э)",,,,Коррозия,CSH,2024,,,,,,,96 days 11:03:00,138903.0,100.0,77,0.193384223918575,Весна,0.0006851635733915
3,13294919,2024-04-07 07:50:00,Южно-Уральская,"Ю-УР, ШЧ-14 (Э)",,,,"Кнопки, нарушение регулировки контакта при работе внутри пульта",CSH,2024,,,,,,,96 days 12:23:00,138983.0,80.0,78,0.1959287531806615,Весна,0.0006851635733915
3,13295436,2024-04-07 16:15:00,Южно-Уральская,"Ю-УР, ВЧДЭ-1 ЧЕЛЯБИНСК",,,,Неплотность тормозной магистрали грузового вагона,CV,2024,,,,,,,96 days 20:48:00,139488.0,505.0,79,0.1984732824427481,Весна,0.0006851635733915
3,13307069,2024-04-09 12:30:00,Южно-Уральская,"Ю-УР, ИЧ Ю-УР Ш",,,,"Лампы, перегорание основной нити",CSH,2024,,,,,,,98 days 17:03:00,142143.0,2655.0,80,0.2010178117048346,Весна,0.0006851635733915
2,13300216,2024-04-09 16:42:00,Южно-Уральская,"Ю-УР, ШЧ-8 (Э)","1шт ч(к учету 0,45ч)",,,"Срабатывание (перегорание), несоответствие номинала",CSH,2024,1.0,"0,45ч",,,,,98 days 21:15:00,142395.0,252.0,81,0.2035623409669211,Весна,0.0006851635733915
3,13306303,2024-04-10 06:58:00,Южно-Уральская,"КРАС, ВЧДЭ-1 БОГОТОЛ",,,,Неравномерный прокат по кругу катания колеса грузового вагона выше нормы,CV,2024,,,,,,,99 days 11:31:00,143251.0,856.0,82,0.2061068702290076,Весна,0.0006851635733915
3,13307892,2024-04-11 20:40:00,Южно-Уральская,"Ю-ВОСТ, ВЧДЭ-3 СТОЙЛЕНСКАЯ",,,,Тонкий гребень колеса грузового вагона,CV,2024,,,,,,,101 days 01:13:00,145513.0,2262.0,83,0.2086513994910941,Весна,0.0006851635733915
3,13308878,2024-04-11 20:42:00,Южно-Уральская,"Ю-ВОСТ, ВЧДЭ-3 СТОЙЛЕНСКАЯ",,,,Тонкий гребень колеса грузового вагона,CV,2024,,,,,,,101 days 01:15:00,145515.0,2.0,84,0.2111959287531806,Весна,0.0006851635733915
3,13307785,2024-04-13 05:25:00,Южно-Уральская,"Ю-УР, ШЧ-8 (Э)",,,,"Контактная система, сваривание контактов",CSH,2024,,,,,,,102 days 09:58:00,147478.0,1963.0,85,0.2137404580152671,Весна,0.0006851635733915
3,13316118,2024-04-15 15:46:00,Южно-Уральская,"Ю-УР, ШЧ-5 (Э)",,,,"Лампы, перегорание основной нити",CSH,2024,,,,,,,104 days 20:19:00,150979.0,3501.0,86,0.2162849872773536,Весна,0.0006851635733915
3,13311145,2024-04-15 23:15:00,Южно-Уральская,"Ю-УР, ШЧ-1 (Э)",,,,"Жилы, внутренний обрыв",CSH,2024,,,,,,,105 days 03:48:00,151428.0,449.0,87,0.2188295165394402,Весна,0.0006851635733915
3,13315155,2024-04-16 02:24:00,Южно-Уральская,"КРАС, ВЧДЭ-1 БОГОТОЛ",,,,Тонкий гребень колеса грузового вагона,CV,2024,,,,,,,105 days 06:57:00,151617.0,189.0,88,0.2213740458015267,Весна,0.0006851635733915
2,13312386,2024-04-16 13:28:00,Южно-Уральская,"Ю-УР, ШЧ-5 (Э)","2шт ч(к учету 0,58ч)",,,Понижение сопротивления изоляции,CSH,2024,2.0,"0,58ч",,,,,105 days 18:01:00,152281.0,664.0,89,0.2239185750636132,Весна,0.0006851635733915
3,13313465,2024-04-17 06:34:00,Южно-Уральская,"Ю-УР, ШЧ-11 (Э)",,,,Отсутствие смазки на башмаках,CSH,2024,,,,,,,106 days 11:07:00,153307.0,1026.0,90,0.2264631043256997,Весна,0.0006851635733915
2,13314965,2024-04-17 23:10:00,Южно-Уральская,"Ю-УР, ШЧ-4 (Э)","2шт ч(к учету 1,95ч)",,,"Обмотка, обрыв",CSH,2024,2.0,"1,95ч",,,,,107 days 03:43:00,154303.0,996.0,91,0.2290076335877862,Весна,0.0006851635733915
3,13317099,2024-04-18 01:12:00,Южно-Уральская,"Ю-ВОСТ, ВЧДЭ-5 КАЗИНКА",,,,Тонкий гребень колеса грузового вагона,CV,2024,,,,,,,107 days 05:45:00,154425.0,122.0,92,0.2315521628498727,Весна,0.0006851635733915
3,13322360,2024-04-18 19:12:00,Южно-Уральская,"КРАС, ВЧДЭ-7 КРАСНОЯРСК-ВОСТ",,,,Завар тормозного башмака грузового вагона,CV,2024,,,,,,,107 days 23:45:00,155505.0,1080.0,93,0.2340966921119593,Весна,0.0006851635733915
3,13317836,2024-04-19 13:01:00,Южно-Уральская,"Ю-УР, ИЧ Ю-УР Ш",,,,"Нарушение контакта в штепсельных розетках, неисправность контактных губок",CSH,2024,,,,,,,108 days 17:34:00,156574.0,1069.0,94,0.2366412213740458,Весна,0.0006851635733915
3,13319063,2024-04-20 10:40:00,Южно-Уральская,"Ю-УР, ШЧ-10 (Р)",,,,"Обмотка, обрыв обмотки",CSH,2024,,,,,,,109 days 15:13:00,157873.0,1299.0,95,0.2391857506361323,Весна,0.0006851635733915
3,13319977,2024-04-21 08:08:00,Южно-Уральская,"Ю-УР, ШЧ-4 (Э)",,,,"Лампы, перегорание основной нити",CSH,2024,,,,,,,110 days 12:41:00,159161.0,1288.0,96,0.2417302798982188,Весна,0.0006851635733915
3,13322398,2024-04-22 16:42:00,Южно-Уральская,"Ю-УР, ШЧ-1 (Э)",,,,"Коробки, остальные, некачественная пайка",CSH,2024,,,,,,,111 days 21:15:00,161115.0,1954.0,97,0.2442748091603053,Весна,0.0006851635733915
3,13324449,2024-04-23 15:38:00,Южно-Уральская,"Ю-УР, ВЧДЭ-1 ЧЕЛЯБИНСК",,,,"Шелушение, раковины, коррозия на  деталях подшипника",CV,2024,,,,,,,112 days 20:11:00,162491.0,1376.0,98,0.2468193384223918,Весна,0.0006851635733915
3,13324667,2024-04-23 18:07:00,Южно-Уральская,"Ю-УР, ШЧ-13 (Р)",,,,"Обмотка, обрыв обмотки",CSH,2024,,,,,,,112 days 22:40:00,162640.0,149.0,99,0.2493638676844783,Весна,0.0006851635733915
3,13325504,2024-04-24 07:33:00,Южно-Уральская,"Ю-УР, ВЧДЭ-1 ЧЕЛЯБИНСК",,,,Неисправность ходовой части грузового вагона,CV,2024,,,,,,,113 days 12:06:00,163446.0,806.0,100,0.2519083969465648,Весна,0.0006851635733915
3,13331313,2024-04-26 05:13:00,Южно-Уральская,"КРАС, ВЧДЭ-7 КРАСНОЯРСК-ВОСТ",,,,Тонкий гребень колеса грузового вагона,CV,2024,,,,,,,115 days 09:46:00,166186.0,2740.0,101,0.2544529262086514,Весна,0.0006851635733915
3,13334199,2024-04-29 14:03:00,Южно-Уральская,"Ю-УР, ШЧ-13 (Р)",,,,Потеря контакта в соединениях РШ,CSH,2024,,,,,,,118 days 18:36:00,171036.0,4850.0,102,0.2569974554707379,Весна,0.0006851635733915
3,13338814,2024-04-30 03:16:00,Южно-Уральская,"З-СИБ, ВЧДЭ-6 ИНСКАЯ",,,,Тонкий гребень колеса грузового вагона,CV,2024,,,,,,,119 days 07:49:00,171829.0,793.0,103,0.2595419847328244,Весна,0.0006851635733915
2,13335156,2024-04-30 12:05:00,Южно-Уральская,"Ю-УР, ШЧ-8 (Э)",,,"1шт ч(к учету 0,22)ч","Нарушение контакта в разъемах блоков, неисправность контактных губок",CSH,2024,,,,,1.0,"0,22ч",119 days 16:38:00,172358.0,529.0,104,0.2620865139949109,Весна,0.0006851635733915
3,13342784,2024-05-02 04:13:00,Южно-Уральская,"КРАС, ВЧДЭ-7 КРАСНОЯРСК-ВОСТ",,,,Тонкий гребень колеса грузового вагона,CV,2024,,,,,,,121 days 08:46:00,174766.0,2408.0,105,0.2646310432569974,Весна,0.0006851635733915
2,13342946,2024-05-05 17:15:00,Южно-Уральская,"Ю-УР, ШЧ-11 (Э)","3шт ч(к учету 1,45ч)",,,Излом штепселя,CSH,2024,3.0,"1,45ч",,,,,124 days 21:48:00,179868.0,5102.0,106,0.2671755725190839,Весна,0.0006851635733915
3,13350626,2024-05-06 06:55:00,Южно-Уральская,"З-СИБ, ВЧДЭ-6 ИНСКАЯ",,,,Тонкий гребень колеса грузового вагона,CV,2024,,,,,,,125 days 11:28:00,180688.0,820.0,107,0.2697201017811705,Весна,0.0006851635733915
2,13343584,2024-05-06 07:16:00,Южно-Уральская,"Ю-УР, ШЧ-6 (Э)","5шт ч(к учету 1,28ч)",,,Механические повреждения тяговыми и блуждающими токами,CSH,2024,5.0,"1,28ч",,,,,125 days 11:49:00,180709.0,21.0,108,0.272264631043257,Весна,0.0006851635733915
3,13345847,2024-05-07 05:00:00,Южно-Уральская,"Ю-УР, ШЧ-4 (Э)",,,,"Тормозная шина, неисправность",CSH,2024,,,,,,,126 days 09:33:00,182013.0,1304.0,109,0.2748091603053435,Весна,0.0006851635733915
3,13352004,2024-05-10 07:00:00,Южно-Уральская,"Ю-УР, ШЧ-1 (Э)",,,,"Срабатывание, коммутационные перенапряжения",CSH,2024,,,,,,,129 days 11:33:00,186453.0,4440.0,110,0.27735368956743,Весна,0.0006851635733915
2,13352789,2024-05-11 01:15:00,Южно-Уральская,"Ю-УР, ШЧ-13 (Р)","5шт ч(к учету 3,28ч)",,,"Обрыв троса, коррозия металла",CSH,2024,5.0,"3,28ч",,,,,130 days 05:48:00,187548.0,1095.0,111,0.2798982188295165,Весна,0.0006851635733915
3,13353669,2024-05-12 01:17:00,Южно-Уральская,"Ю-УР, ШЧ-6 (Э)",,,,"Нарушение контакта в штепсельных розетках, неисправность контактных губок",CSH,2024,,,,,,,131 days 05:50:00,188990.0,1442.0,112,0.2824427480916031,Весна,0.0006851635733915
3,13353751,2024-05-12 02:50:00,Южно-Уральская,"Ю-УР, ШЧ-8 (Э)",,,,"Жилы, внутренний обрыв",CSH,2024,,,,,,,131 days 07:23:00,189083.0,93.0,113,0.2849872773536895,Весна,0.0006851635733915
2,13354313,2024-05-12 15:26:00,Южно-Уральская,"Ю-УР, ШЧ-8 (Э)","1шт ч(к учету 0,47ч)",,,Излом датчика УКСПС по старой трещине,CSH,2024,1.0,"0,47ч",,,,,131 days 19:59:00,189839.0,756.0,114,0.2875318066157761,Весна,0.0006851635733915
2,13362579,2024-05-16 17:14:00,Южно-Уральская,"Ю-УР, ВЧДЭ-2 ОРЕНБУРГ","1шт ч(к учету 0,75ч)","1шт ч(к учету 0,1ч)",,Несоответствие длины соединительного рукава,CV,2024,1.0,"0,75ч",1.0,"0,1ч",,,135 days 21:47:00,195707.0,5868.0,115,0.2900763358778626,Весна,0.0006851635733915
3,13363237,2024-05-17 07:31:00,Южно-Уральская,"Ю-УР, ШЧ-5 (Э)",,,,"Изоляция, понижение сопротивления",CSH,2024,,,,,,,136 days 12:04:00,196564.0,857.0,116,0.2926208651399491,Весна,0.0006851635733915
3,13369571,2024-05-20 08:35:00,Южно-Уральская,"Ю-УР, ВЧДЭ-5 КАРТАЛЫ",,,,Тонкий гребень колеса грузового вагона,CV,2024,,,,,,,139 days 13:08:00,200948.0,4384.0,117,0.2951653944020356,Весна,0.0006851635733915
3,13366893,2024-05-20 09:09:00,Южно-Уральская,"Ю-УР, ШЧ-14 (Э)",,,,"Нарушение контакта в штепсельных розетках, неисправность контактных губок",CSH,2024,,,,,,,139 days 13:42:00,200982.0,34.0,118,0.2977099236641221,Весна,0.0006851635733915
2,13366940,2024-05-20 09:46:00,Южно-Уральская,"Ю-УР, ШЧ-10 (Р)",,"1шт ч(к учету 0,17ч)",,"Контактная система, увеличенное сопротивление",CSH,2024,,,1.0,"0,17ч",,,139 days 14:19:00,201019.0,37.0,119,0.3002544529262086,Весна,0.0006851635733915
3,13367983,2024-05-21 03:13:00,Южно-Уральская,"Ю-УР, ШЧ-10 (Р)",,,,"Лампы, перегорание основной нити",CSH,2024,,,,,,,140 days 07:46:00,202066.0,1047.0,120,0.3027989821882951,Весна,0.0006851635733915
3,13373502,2024-05-22 22:15:00,Южно-Уральская,"З-СИБ, ВЧДЭ-25 НОВОКУЗНЕЦК",,,,Тонкий гребень колеса грузового вагона,CV,2024,,,,,,,142 days 02:48:00,204648.0,2582.0,121,0.3053435114503817,Весна,0.0006851635733915
3,13371856,2024-05-23 07:00:00,Южно-Уральская,"Ю-УР, ШЧ-5 (Э)",,,,"Внутренний монтаж, обрыв",CSH,2024,,,,,,,142 days 11:33:00,205173.0,525.0,122,0.3078880407124681,Весна,0.0006851635733915
2,13385076,2024-05-23 22:39:00,Южно-Уральская,"СЕВ, ВЧДЭ-10 ИСАКОГОРКА","1шт ч(к учету 0,32ч)",,,"Неисправности роликов (шелушение, намины, раковины, трещины и др.)",CV,2024,1.0,"0,32ч",,,,,143 days 03:12:00,206112.0,939.0,123,0.3104325699745547,Весна,0.0006851635733915
3,13374236,2024-05-24 16:48:00,Южно-Уральская,"Ю-УР, ШЧ-4 (Э)",,,,Обрыв проводов линий СЦБ,CSH,2024,,,,,,,143 days 21:21:00,207201.0,1089.0,124,0.3129770992366412,Весна,0.0006851635733915
2,13374432,2024-05-24 20:45:00,Южно-Уральская,"Ю-УР, ШЧ-8 (Э)","1шт ч(к учету 0,97ч)",,,Ослабление затяжки болтов,CSH,2024,1.0,"0,97ч",,,,,144 days 01:18:00,207438.0,237.0,125,0.3155216284987277,Весна,0.0006851635733915
3,13383863,2024-05-25 01:06:00,Южно-Уральская,"КРАС, ВЧДЭ-1 БОГОТОЛ",,,,"Проворот, разрыв внутреннего кольца",CV,2024,,,,,,,144 days 05:39:00,207699.0,261.0,126,0.3180661577608142,Весна,0.0006851635733915
3,13376405,2024-05-25 04:45:00,Южно-Уральская,"З-СИБ, ВЧДЭ-23 БЕЛОВО",,,,Выщербина на ободе колеса грузового вагона,CV,2024,,,,,,,144 days 09:18:00,207918.0,219.0,127,0.3206106870229007,Весна,0.0006851635733915
2,13374686,2024-05-25 06:09:00,Южно-Уральская,"Ю-УР, ШЧ-13 (Р)","1шт ч(к учету 0,25ч)",,,"Контактная система, увеличенное сопротивление",CSH,2024,1.0,"0,25ч",,,,,144 days 10:42:00,208002.0,84.0,128,0.3231552162849873,Весна,0.0006851635733915
3,13375800,2024-05-26 13:16:00,Южно-Уральская,"Ю-УР, ВЧДЭ-1 ЧЕЛЯБИНСК",,,,Тонкий гребень колеса грузового вагона,CV,2024,,,,,,,145 days 17:49:00,209869.0,1867.0,129,0.3256997455470738,Весна,0.0006851635733915
3,13379256,2024-05-26 22:42:00,Южно-Уральская,"З-СИБ, ВЧДЭ-25 НОВОКУЗНЕЦК",,,,Тонкий гребень колеса грузового вагона,CV,2024,,,,,,,146 days 03:15:00,210435.0,566.0,130,0.3282442748091603,Весна,0.0006851635733915
2,13382609,2024-05-31 08:16:00,Южно-Уральская,"Ю-УР, ШЧ-1 (Э)","7шт (к учету 6) ч(к учету 3,53ч)",,,"Контактная система, сваривание контактов",CSH,2024,6.0,"3,53ч",,,,,150 days 12:49:00,216769.0,6334.0,131,0.3307888040712468,Весна,0.0006851635733915
2,13382873,2024-05-31 10:51:00,Южно-Уральская,"Ю-УР, ШЧ-8 (Э)","2шт ч(к учету 1,25ч)",,,"Контакты штепсельного разъема, износ",CSH,2024,2.0,"1,25ч",,,,,150 days 15:24:00,216924.0,155.0,132,0.3333333333333333,Весна,0.0006851635733915
3,13388093,2024-05-31 11:57:00,Южно-Уральская,"З-СИБ, ВЧДЭ-12 ВХОДНАЯ",,,,Тонкий гребень колеса грузового вагона,CV,2024,,,,,,,150 days 16:30:00,216990.0,66.0,133,0.3358778625954198,Весна,0.0006851635733915
3,13386383,2024-05-31 15:30:00,Южно-Уральская,"Ю-УР, ШЧ-16 (Э)",,,,"Лампы, перегорание основной нити",CSH,2024,,,,,,,150 days 20:03:00,217203.0,213.0,134,0.3384223918575064,Весна,0.0006851635733915
3,13383264,2024-05-31 15:51:00,Южно-Уральская,"Ю-УР, ВЧДЭ-1 ЧЕЛЯБИНСК",,,,Тонкий гребень колеса грузового вагона,CV,2024,,,,,,,150 days 20:24:00,217224.0,21.0,135,0.3409669211195928,Весна,0.0006851635733915
3,13387686,2024-06-04 07:00:00,Южно-Уральская,"Ю-УР, ШЧ-8 (Э)",,,,"Кнопки, потеря контакта в штепсельном разъеме",CSH,2024,,,,,,,154 days 11:33:00,222453.0,5229.0,136,0.3435114503816794,Лето,0.0007456559889733
3,13388462,2024-06-04 13:07:00,Южно-Уральская,"Ю-УР, ШЧ-10 (Р)",,,,"Резистор, потеря контакта",CSH,2024,,,,,,,154 days 17:40:00,222820.0,367.0,137,0.3460559796437659,Лето,0.0007456559889733
3,13393619,2024-06-04 16:36:00,Южно-Уральская,"С-КАВ, ВЧДЗ-13 КРАСНОДАР",,,,Тонкий гребень колеса грузового вагона,CV,2024,,,,,,,154 days 21:09:00,223029.0,209.0,138,0.3486005089058524,Лето,0.0007456559889733
2,13389094,2024-06-04 16:38:00,Южно-Уральская,"Ю-УР, ШЧ-4 (Э)",,,"1шт ч(к учету 0,48)ч",Неисправность блока контроля напряжения,CSH,2024,,,,,1.0,"0,48ч",154 days 21:11:00,223031.0,2.0,139,0.3511450381679389,Лето,0.0007456559889733
3,13396635,2024-06-05 02:30:00,Южно-Уральская,"З-СИБ, ВЧДЭ-6 ИНСКАЯ",,,,Тонкий гребень колеса грузового вагона,CV,2024,,,,,,,155 days 07:03:00,223623.0,592.0,140,0.3536895674300254,Лето,0.0007456559889733
3,13391058,2024-06-05 13:40:00,Южно-Уральская,"Ю-УР, ШЧ-8 (Э)",,,,"Срабатывание, атмосферные перенапряжения",CSH,2024,,,,,,,155 days 18:13:00,224293.0,670.0,141,0.356234096692112,Лето,0.0007456559889733
3,13391487,2024-06-05 15:50:00,Южно-Уральская,"Ю-УР, ШЧ-8 (Э)",,,,"Срабатывание (перегорание), несоответствие номинала",CSH,2024,,,,,,,155 days 20:23:00,224423.0,130.0,142,0.3587786259541984,Лето,0.0007456559889733
3,13393910,2024-06-06 16:21:00,Южно-Уральская,"Ю-УР, ШЧ-16 (Э)",,,,"Нарушение контакта в штепсельных розетках, замятие контакта",CSH,2024,,,,,,,156 days 20:54:00,225894.0,1471.0,143,0.361323155216285,Лето,0.0007456559889733
3,13394127,2024-06-06 20:07:00,Южно-Уральская,"Ю-УР, ШЧ-8 (Э)",,,,Неисправность болометра,CSH,2024,,,,,,,157 days 00:40:00,226120.0,226.0,144,0.3638676844783715,Лето,0.0007456559889733
3,13394247,2024-06-06 22:50:00,Южно-Уральская,"Ю-УР, ШЧ-4 (Э)",,,,"Соединительная муфта, неисправность",CSH,2024,,,,,,,157 days 03:23:00,226283.0,163.0,145,0.366412213740458,Лето,0.0007456559889733
3,13396317,2024-06-07 22:30:00,Южно-Уральская,"Ю-УР, ШЧ-8 (Э)",,,,Потеря контакта в разъемах,CSH,2024,,,,,,,158 days 03:03:00,227703.0,1420.0,146,0.3689567430025445,Лето,0.0007456559889733
2,13397673,2024-06-09 10:38:00,Южно-Уральская,"Ю-УР, ИЧ Ю-УР Ш","1шт ч(к учету 0,28ч)",,,Обрыв,CSH,2024,1.0,"0,28ч",,,,,159 days 15:11:00,229871.0,2168.0,147,0.371501272264631,Лето,0.0007456559889733
3,13400255,2024-06-11 06:02:00,Южно-Уральская,"Ю-УР, ШЧ-5 (Э)",,,,"Срабатывание, несоответствие номинала",CSH,2024,,,,,,,161 days 10:35:00,232475.0,2604.0,148,0.3740458015267175,Лето,0.0007456559889733
3,13401852,2024-06-11 18:56:00,Южно-Уральская,"Ю-УР, ШЧ-8 (Э)",,,,"Трансформатор, обрыв обмотки",CSH,2024,,,,,,,161 days 23:29:00,233249.0,774.0,149,0.376590330788804,Лето,0.0007456559889733
2,13402109,2024-06-12 02:40:00,Южно-Уральская,"Ю-УР, ШЧ-13 (Р)","1шт ч(к учету 0,78ч)",,,"Контактная система, увеличенное сопротивление контакта",CSH,2024,1.0,"0,78ч",,,,,162 days 07:13:00,233713.0,464.0,150,0.3791348600508906,Лето,0.0007456559889733
3,13403921,2024-06-13 09:35:00,Южно-Уральская,"Ю-УР, ШЧ-4 (Э)",,,,"Слабая затяжка , сползание зажимов линий СЦБ",CSH,2024,,,,,,,163 days 14:08:00,235568.0,1855.0,151,0.3816793893129771,Лето,0.0007456559889733
3,13403793,2024-06-13 11:38:00,Южно-Уральская,"Ю-УР, ВЧДЭ-2 ОРЕНБУРГ",,,,Другие причины,CV,2024,,,,,,,163 days 16:11:00,235691.0,123.0,152,0.3842239185750636,Лето,0.0007456559889733
3,13406352,2024-06-14 22:48:00,Южно-Уральская,"Ю-УР, ВЧДЭ-1 ЧЕЛЯБИНСК",,,,Завышение фрикционного клина гасителя колебаний относительно опорной поверхности надрессорной балки,CV,2024,,,,,,,165 days 03:21:00,237801.0,2110.0,153,0.3867684478371501,Лето,0.0007456559889733
3,13407617,2024-06-16 07:24:00,Южно-Уральская,"Ю-УР, ШЧ-10 (Р)",,,,"Внутренний монтаж, короткое замыкание",CSH,2024,,,,,,,166 days 11:57:00,239757.0,1956.0,154,0.3893129770992366,Лето,0.0007456559889733
3,13411287,2024-06-17 06:57:00,Южно-Уральская,"КРАС, ВЧДЭ-8 АБАКАН",,,,Тонкий гребень колеса грузового вагона,CV,2024,,,,,,,167 days 11:30:00,241170.0,1413.0,155,0.3918575063613231,Лето,0.0007456559889733
3,13412853,2024-06-17 10:31:00,Южно-Уральская,"Ю-УР, ШЧ-10 (Р)",,,,"Кнопки, нарушение регулировки контакта при работе внутри пульта",CSH,2024,,,,,,,167 days 15:04:00,241384.0,214.0,156,0.3944020356234097,Лето,0.0007456559889733
3,13410203,2024-06-18 06:15:00,Южно-Уральская,"Ю-УР, ИЧ Ю-УР Ш",,,,Обрыв жил контрольного кабеля линий СЦБ,CSH,2024,,,,,,,168 days 10:48:00,242568.0,1184.0,157,0.3969465648854962,Лето,0.0007456559889733
3,13409812,2024-06-18 06:40:00,Южно-Уральская,"Ю-УР, ШЧ-8 (Э)",,,,Отключение внешнего электроснабжения,CSH,2024,,,,,,,168 days 11:13:00,242593.0,25.0,158,0.3994910941475827,Лето,0.0007456559889733
2,13410782,2024-06-18 17:41:00,Южно-Уральская,"Ю-УР, ШЧ-8 (Э)","1шт ч(к учету 0,48ч)",,,Пробой изоляции,CSH,2024,1.0,"0,48ч",,,,,168 days 22:14:00,243254.0,661.0,159,0.4020356234096692,Лето,0.0007456559889733
3,13410905,2024-06-18 21:30:00,Южно-Уральская,"Ю-УР, ШЧ-6 (Э)",,,,"Сигнальная обмотка, обрыв",CSH,2024,,,,,,,169 days 02:03:00,243483.0,229.0,160,0.4045801526717557,Лето,0.0007456559889733
3,13411036,2024-06-19 01:20:00,Южно-Уральская,"Ю-УР, ШЧ-13 (Р)",,,,"Диод, обрыв",CSH,2024,,,,,,,169 days 05:53:00,243713.0,230.0,161,0.4071246819338422,Лето,0.0007456559889733
2,13411662,2024-06-19 10:25:00,Южно-Уральская,"Ю-УР, ШЧ-10 (Р)","3шт ч(к учету 0,72ч)",,,"Контактная система, увеличенное сопротивление контакта",CSH,2024,3.0,"0,72ч",,,,,169 days 14:58:00,244258.0,545.0,162,0.4096692111959287,Лето,0.0007456559889733
3,13411882,2024-06-19 13:30:00,Южно-Уральская,"Ю-УР, ШЧ-10 (Р)",,,,"Внутренний монтаж, короткое замыкание монтажа",CSH,2024,,,,,,,169 days 18:03:00,244443.0,185.0,163,0.4122137404580153,Лето,0.0007456559889733
3,13412014,2024-06-19 15:04:00,Южно-Уральская,"Ю-УР, ШЧ-1 (Э)",,,,"Срабатывание, коммутационные перенапряжения",CSH,2024,,,,,,,169 days 19:37:00,244537.0,94.0,164,0.4147582697201017,Лето,0.0007456559889733
3,13417139,2024-06-19 19:45:00,Южно-Уральская,"КРАС, ВЧДЭ-7 КРАСНОЯРСК-ВОСТ",,,,Тонкий гребень колеса грузового вагона,CV,2024,,,,,,,170 days 00:18:00,244818.0,281.0,165,0.4173027989821883,Лето,0.0007456559889733
3,13417195,2024-06-20 09:13:00,Южно-Уральская,"С-КАВ, ВЧДЗ-13 КРАСНОДАР",,,,Неравномерный прокат по кругу катания колеса грузового вагона выше нормы,CV,2024,,,,,,,170 days 13:46:00,245626.0,808.0,166,0.4198473282442748,Лето,0.0007456559889733
3,13414597,2024-06-20 19:31:00,Южно-Уральская,"Ю-УР, ВЧДЭ-2 ОРЕНБУРГ",,,,Ослабление/обрыв крепления магистральной трубы,CV,2024,,,,,,,171 days 00:04:00,246244.0,618.0,167,0.4223918575063613,Лето,0.0007456559889733
3,13413835,2024-06-21 03:03:00,Южно-Уральская,"Ю-УР, ВЧДЭ-1 ЧЕЛЯБИНСК",,,,Тонкий гребень колеса грузового вагона,CV,2024,,,,,,,171 days 07:36:00,246696.0,452.0,168,0.4249363867684478,Лето,0.0007456559889733
3,13414054,2024-06-21 07:57:00,Южно-Уральская,"Ю-УР, ШЧ-8 (Э)",,,,"Не срабатывание (не перегорание), несоответствие номинала",CSH,2024,,,,,,,171 days 12:30:00,246990.0,294.0,169,0.4274809160305343,Лето,0.0007456559889733
2,13415119,2024-06-22 00:01:00,Южно-Уральская,"Ю-УР, ШЧ-8 (Э)","2шт (к учету 1) ч(к учету 1,18ч)",,,Резисторы блока выпрямителей,CSH,2024,1.0,"1,18ч",,,,,172 days 04:34:00,247954.0,964.0,170,0.4300254452926209,Лето,0.0007456559889733
3,13416119,2024-06-23 04:56:00,Южно-Уральская,"Ю-УР, ШЧ-6 (Э)",,,,"Выпрямительные элементы, пробой",CSH,2024,,,,,,,173 days 09:29:00,249689.0,1735.0,171,0.4325699745547073,Лето,0.0007456559889733
3,13416135,2024-06-23 05:50:00,Южно-Уральская,"Ю-УР, ШЧ-4 (Э)",,,,Неисправность блока контроля напряжения,CSH,2024,,,,,,,173 days 10:23:00,249743.0,54.0,172,0.4351145038167939,Лето,0.0007456559889733
3,13417040,2024-06-24 05:11:00,Южно-Уральская,"Ю-УР, ШЧ-10 (Р)",,,,"Диод, пробой",CSH,2024,,,,,,,174 days 09:44:00,251144.0,1401.0,173,0.4376590330788804,Лето,0.0007456559889733
3,13418259,2024-06-24 20:00:00,Южно-Уральская,"Ю-УР, ШЧ-6 (Э)",,,,"Муфта, неисправность",CSH,2024,,,,,,,175 days 00:33:00,252033.0,889.0,174,0.4402035623409669,Лето,0.0007456559889733
3,13418655,2024-06-25 07:02:00,Южно-Уральская,"Ю-УР, ШЧ-4 (Э)",,,,Неисправность блока контроля напряжения,CSH,2024,,,,,,,175 days 11:35:00,252695.0,662.0,175,0.4427480916030534,Лето,0.0007456559889733
3,13423278,2024-06-26 07:25:00,Южно-Уральская,"КРАС, ВЧДЭ-7 КРАСНОЯРСК-ВОСТ",,,,Тонкий гребень колеса грузового вагона,CV,2024,,,,,,,176 days 11:58:00,254158.0,1463.0,176,0.4452926208651399,Лето,0.0007456559889733
2,13420708,2024-06-26 11:05:00,Южно-Уральская,"Ю-УР, ШЧ-1 (Э)",,"1шт ч(к учету 0,1ч)",,"Не срабатывание (не перегорание), воздействие тягового тока",CSH,2024,,,1.0,"0,1ч",,,176 days 15:38:00,254378.0,220.0,177,0.4478371501272264,Лето,0.0007456559889733
2,13423805,2024-06-28 12:32:00,Южно-Уральская,"Ю-УР, ШЧ-8 (Э)","2шт ч(к учету 1,33ч)",,,Неисправность устройств электроснабжения,CSH,2024,2.0,"1,33ч",,,,,178 days 17:05:00,257345.0,2967.0,178,0.4503816793893129,Лето,0.0007456559889733
2,13428266,2024-07-02 10:30:00,Южно-Уральская,"Ю-УР, ШЧ-1 (Э)","2шт ч(к учету 0,45ч)","2шт ч(к учету 0,13ч)",,"Внутренний монтаж, короткое замыкание",CSH,2024,2.0,"0,45ч",2.0,"0,13ч",,,182 days 15:03:00,262983.0,5638.0,179,0.4529262086513995,Лето,0.0007456559889733
2,13428638,2024-07-02 12:43:00,Южно-Уральская,"Ю-УР, ШЧ-10 (Р)","1шт ч(к учету 0,6ч)",,"1шт ч(к учету 0,12)ч","Контактная система, потеря контакта",CSH,2024,1.0,"0,6ч",,,1.0,"0,12ч",182 days 17:16:00,263116.0,133.0,180,0.455470737913486,Лето,0.0007456559889733
3,13439481,2024-07-05 11:42:00,Южно-Уральская,"Ю-УР, ШЧ-10 (Р)",,,,"Светодиоды, неисправность",CSH,2024,,,,,,,185 days 16:15:00,267375.0,4259.0,181,0.4580152671755725,Лето,0.0007456559889733
3,13436082,2024-07-05 18:42:00,Южно-Уральская,"Ю-УР, ШЧ-8 (Э)",,,,"Нарушение контакта в разъемах блоков, неисправность контактных губок",CSH,2024,,,,,,,185 days 23:15:00,267795.0,420.0,182,0.460559796437659,Лето,0.0007456559889733
3,13438350,2024-07-07 20:44:00,Южно-Уральская,"Ю-УР, ШЧ-8 (Э)",,,,"Транзистор, обрыв",CSH,2024,,,,,,,188 days 01:17:00,270797.0,3002.0,183,0.4631043256997455,Лето,0.0007456559889733
2,13440005,2024-07-08 15:33:00,Южно-Уральская,"Ю-УР, ШЧ-14 (Э)","1шт ч(к учету 0,35ч)",,,"Конденсатор, снижение емкости",CSH,2024,1.0,"0,35ч",,,,,188 days 20:06:00,271926.0,1129.0,184,0.465648854961832,Лето,0.0007456559889733
3,13440164,2024-07-08 17:11:00,Южно-Уральская,"Ю-УР, ШЧ-1 (Э)",,,,Неисправность устройств электроснабжения,CSH,2024,,,,,,,188 days 21:44:00,272024.0,98.0,185,0.4681933842239186,Лето,0.0007456559889733
1,13444017,2024-07-10 12:03:00,Южно-Уральская,"Ю-УР, ТЧЭ-5","10шт (к учету 8) ч(к учету 8,43ч)","3шт (к учету 2) ч(к учету 1,42ч)",,Неисправность электрической части приборов управления тормозами,CT,2024,8.0,"8,43ч",2.0,"1,42ч",,,190 days 16:36:00,274596.0,2572.0,186,0.4707379134860051,Лето,0.0007456559889733
1,13448523,2024-07-12 15:44:00,Южно-Уральская,"Ю-УР, ШЧ-8 (Э)","14шт (к учету 8) ч(к учету 6,75ч)",,,Разрушение шины индивидуального глухого заземления,CSH,2024,8.0,"6,75ч",,,,,192 days 20:17:00,277697.0,3101.0,187,0.4732824427480916,Лето,0.0007456559889733
2,13448654,2024-07-12 18:49:00,Южно-Уральская,"Ю-УР, ШЧ-1 (Э)","1шт ч(к учету 0,38ч)",,,"Муфты подземные, некачественная пайка",CSH,2024,1.0,"0,38ч",,,,,192 days 23:22:00,277882.0,185.0,188,0.4758269720101781,Лето,0.0007456559889733
3,13450092,2024-07-14 13:16:00,Южно-Уральская,"Ю-УР, ШЧ-8 (Э)",,,,"Конденсатор, снижение емкости конденсатора",CSH,2024,,,,,,,194 days 17:49:00,280429.0,2547.0,189,0.4783715012722646,Лето,0.0007456559889733
3,13450558,2024-07-15 02:24:00,Южно-Уральская,"Ю-УР, ШЧ-10 (Р)",,,,"Контактная система, увеличенное сопротивление контакта",CSH,2024,,,,,,,195 days 06:57:00,281217.0,788.0,190,0.4809160305343511,Лето,0.0007456559889733
2,13455417,2024-07-18 11:32:00,Южно-Уральская,"Ю-УР, ШЧ-4 (Э)",,"1шт ч(к учету 0,25ч)",,"Диоды, короткое замыкание",CSH,2024,,,1.0,"0,25ч",,,198 days 16:05:00,286085.0,4868.0,191,0.4834605597964376,Лето,0.0007456559889733
3,13456497,2024-07-19 07:18:00,Южно-Уральская,"Ю-УР, ШЧ-4 (Э)",,,,"Лампы, перегорание основной нити",CSH,2024,,,,,,,199 days 11:51:00,287271.0,1186.0,192,0.4860050890585242,Лето,0.0007456559889733
3,13457142,2024-07-19 17:50:00,Южно-Уральская,"Ю-УР, ШЧ-11 (Э)",,,,Необеспечение электропитания подзаряда,CSH,2024,,,,,,,199 days 22:23:00,287903.0,632.0,193,0.4885496183206106,Лето,0.0007456559889733
3,13457514,2024-07-20 06:55:00,Южно-Уральская,"Ю-УР, ШЧ-8 (Э)",,,,"Лампы, перегорание основной нити",CSH,2024,,,,,,,200 days 11:28:00,288688.0,785.0,194,0.4910941475826972,Лето,0.0007456559889733
2,13458542,2024-07-21 08:46:00,Южно-Уральская,"Ю-УР, ШЧ-14 (Э)","1шт ч(к учету 0,28ч)",,,Ослабление крепления монтажных проводов на контактах,CSH,2024,1.0,"0,28ч",,,,,201 days 13:19:00,290239.0,1551.0,195,0.4936386768447837,Лето,0.0007456559889733
3,13459753,2024-07-22 09:34:00,Южно-Уральская,"Ю-УР, ШЧ-1 (Э)",,,,"Резистор, обрыв",CSH,2024,,,,,,,202 days 14:07:00,291727.0,1488.0,196,0.4961832061068702,Лето,0.0007456559889733
2,13465365,2024-07-26 11:19:00,Южно-Уральская,"Ю-УР, ШЧ-8 (Э)","1шт ч(к учету 0,55ч)",,,Отключение питающей линии,CSH,2024,1.0,"0,55ч",,,,,206 days 15:52:00,297592.0,5865.0,197,0.4987277353689567,Лето,0.0007456559889733
3,13466250,2024-07-27 07:26:00,Южно-Уральская,"Ю-УР, ШЧ-13 (Р)",,,,"Трансформаторы, пробой изоляции",CSH,2024,,,,,,,207 days 11:59:00,298799.0,1207.0,198,0.5012722646310432,Лето,0.0007456559889733
3,13467510,2024-07-28 14:15:00,Южно-Уральская,"Ю-УР, ИЧ Ю-УР Ш",,,,Излом,CSH,2024,,,,,,,208 days 18:48:00,300648.0,1849.0,199,0.5038167938931297,Лето,0.0007456559889733
3,13473505,2024-07-31 08:50:00,Южно-Уральская,"КРАС, ВЧДЭ-7 КРАСНОЯРСК-ВОСТ",,,,Тонкий гребень колеса грузового вагона,CV,2024,,,,,,,211 days 13:23:00,304643.0,3995.0,200,0.5063613231552163,Лето,0.0007456559889733
3,13471655,2024-07-31 23:20:00,Южно-Уральская,"Ю-УР, ШЧ-14 (Э)",,,,"Курбельный контакт, излом",CSH,2024,,,,,,,212 days 03:53:00,305513.0,870.0,201,0.5089058524173028,Лето,0.0007456559889733
3,13472937,2024-08-01 15:57:00,Южно-Уральская,"Ю-УР, ШЧ-10 (Р)",,,,"Электродвигатель, переменного тока (МСТ, МСА), выход из строя подшипника",CSH,2024,,,,,,,212 days 20:30:00,306510.0,997.0,202,0.5114503816793893,Лето,0.0007456559889733
3,13473159,2024-08-02 01:01:00,Южно-Уральская,"Ю-УР, ШЧ-4 (Э)",,,,Обрыв жил контрольного кабеля линий СЦБ,CSH,2024,,,,,,,213 days 05:34:00,307054.0,544.0,203,0.5139949109414759,Лето,0.0007456559889733
3,13474330,2024-08-02 18:12:00,Южно-Уральская,"Ю-УР, ШЧ-16 (Э)",,,,"Жилы, обрыв",CSH,2024,,,,,,,213 days 22:45:00,308085.0,1031.0,204,0.5165394402035624,Лето,0.0007456559889733
3,13474370,2024-08-02 19:30:00,Южно-Уральская,"Ю-УР, ШЧ-14 (Э)",,,,Зависание ПО,CSH,2024,,,,,,,214 days 00:03:00,308163.0,78.0,205,0.5190839694656488,Лето,0.0007456559889733
3,13474946,2024-08-03 14:44:00,Южно-Уральская,"Ю-УР, ШЧ-8 (Э)",,,,Неисправность приёмной капсулы,CSH,2024,,,,,,,214 days 19:17:00,309317.0,1154.0,206,0.5216284987277354,Лето,0.0007456559889733
3,13475922,2024-08-04 12:04:00,Южно-Уральская,"Ю-УР, ИЧ Ю-УР Ш",,,,"Диод, пробой",CSH,2024,,,,,,,215 days 16:37:00,310597.0,1280.0,207,0.5241730279898219,Лето,0.0007456559889733
3,13475967,2024-08-04 15:30:00,Южно-Уральская,"Ю-УР, ШЧ-4 (Э)",,,,Механическое разрушение оборудования пункта питания линий СЦБ,CSH,2024,,,,,,,215 days 20:03:00,310803.0,206.0,208,0.5267175572519084,Лето,0.0007456559889733
3,13484080,2024-08-06 08:13:00,Южно-Уральская,"КРАС, ВЧДЭ-1 БОГОТОЛ",,,,Тонкий гребень колеса грузового вагона,CV,2024,,,,,,,217 days 12:46:00,313246.0,2443.0,209,0.5292620865139949,Лето,0.0007456559889733
2,13479633,2024-08-06 15:09:00,Южно-Уральская,"Ю-УР, ШЧ-1 (Э)",,"1шт ч(к учету 0,27ч)","1шт ч(к учету 0,12)ч","Нарушение контакта в штепсельных розетках, неисправность контактных губок",CSH,2024,,,1.0,"0,27ч",1.0,"0,12ч",217 days 19:42:00,313662.0,416.0,210,0.5318066157760815,Лето,0.0007456559889733
3,13480090,2024-08-06 20:23:00,Южно-Уральская,"Ю-УР, ШЧ-14 (Э)",,,,Ослабление затяжки болтов,CSH,2024,,,,,,,218 days 00:56:00,313976.0,314.0,211,0.5343511450381679,Лето,0.0007456559889733
3,13486983,2024-08-08 03:45:00,Южно-Уральская,"КРАС, ВЧДЭ-8 АБАКАН",,,,Тонкий гребень колеса грузового вагона,CV,2024,,,,,,,219 days 08:18:00,315858.0,1882.0,212,0.5368956743002544,Лето,0.0007456559889733
3,13488789,2024-08-09 19:20:00,Южно-Уральская,"КРАС, ВЧДЭ-1 БОГОТОЛ",,,,Тонкий гребень колеса грузового вагона,CV,2024,,,,,,,220 days 23:53:00,318233.0,2375.0,213,0.539440203562341,Лето,0.0007456559889733
3,13486905,2024-08-10 05:20:00,Южно-Уральская,"Ю-УР, ШЧ-5 (Э)",,,,"Внутренний монтаж, обрыв",CSH,2024,,,,,,,221 days 09:53:00,318833.0,600.0,214,0.5419847328244275,Лето,0.0007456559889733
2,13486932,2024-08-10 06:22:00,Южно-Уральская,"Ю-УР, ШЧ-6 (Э)",,"1шт ч(к учету 0,42ч)",,Пробой изоляции,CSH,2024,,,1.0,"0,42ч",,,221 days 10:55:00,318895.0,62.0,215,0.544529262086514,Лето,0.0007456559889733
3,13488826,2024-08-10 09:40:00,Южно-Уральская,"КРАС, ВЧДЭ-1 БОГОТОЛ",,,,Тонкий гребень колеса грузового вагона,CV,2024,,,,,,,221 days 14:13:00,319093.0,198.0,216,0.5470737913486005,Лето,0.0007456559889733
3,13487634,2024-08-11 01:35:00,Южно-Уральская,"Ю-УР, ШЧ-14 (Э)",,,,"Ламподержатель, нарушение контакта",CSH,2024,,,,,,,222 days 06:08:00,320048.0,955.0,217,0.549618320610687,Лето,0.0007456559889733
2,13488230,2024-08-11 16:50:00,Южно-Уральская,"Ю-УР, ШЧ-14 (Э)",,"1шт ч(к учету 0,37ч)",,"Нарушение контакта в разъемах блоков, неисправность контактных губок",CSH,2024,,,1.0,"0,37ч",,,222 days 21:23:00,320963.0,915.0,218,0.5521628498727735,Лето,0.0007456559889733
2,13494026,2024-08-15 05:19:00,Южно-Уральская,"Ю-УР, ШЧ-6 (Э)","1шт ч(к учету 0,37ч)",,,"Жилы, обрыв",CSH,2024,1.0,"0,37ч",,,,,226 days 09:52:00,326032.0,5069.0,219,0.55470737913486,Лето,0.0007456559889733
3,13498824,2024-08-16 04:49:00,Южно-Уральская,"КРАС, ВЧДЭ-8 АБАКАН",,,,Тонкий гребень колеса грузового вагона,CV,2024,,,,,,,227 days 09:22:00,327442.0,1410.0,220,0.5572519083969466,Лето,0.0007456559889733
3,13496889,2024-08-17 14:09:00,Южно-Уральская,"Ю-УР, ШЧ-14 (Э)",,,,Излом,CSH,2024,,,,,,,228 days 18:42:00,329442.0,2000.0,221,0.5597964376590331,Лето,0.0007456559889733
3,13499238,2024-08-19 21:50:00,Южно-Уральская,"Ю-УР, ШЧ-8 (Э)",,,,"Конденсаторы, снижение емкости",CSH,2024,,,,,,,231 days 02:23:00,332783.0,3341.0,222,0.5623409669211196,Лето,0.0007456559889733
2,13502271,2024-08-22 05:42:00,Южно-Уральская,"Ю-УР, ШЧ-4 (Э)",,"1шт ч(к учету 0,47ч)",,Механическое разрушение оборудования пункта питания линий СЦБ,CSH,2024,,,1.0,"0,47ч",,,233 days 10:15:00,336135.0,3352.0,223,0.5648854961832062,Лето,0.0007456559889733
3,13504528,2024-08-23 22:46:00,Южно-Уральская,"Ю-УР, ШЧ-1 (Э)",,,,"Трансформаторы, понижение сопротивления изоляции",CSH,2024,,,,,,,235 days 03:19:00,338599.0,2464.0,224,0.5674300254452926,Лето,0.0007456559889733
3,13507298,2024-08-26 18:16:00,Южно-Уральская,"Ю-УР, ШЧ-4 (Э)",,,,"Механическое разрушение, обрыв прочих элементов разъединителя линий СЦБ",CSH,2024,,,,,,,237 days 22:49:00,342649.0,4050.0,225,0.5699745547073791,Лето,0.0007456559889733
3,13510405,2024-08-27 04:37:00,Южно-Уральская,"КРАС, ВЧДЭ-7 КРАСНОЯРСК-ВОСТ",,,,Тонкий гребень колеса грузового вагона,CV,2024,,,,,,,238 days 09:10:00,343270.0,621.0,226,0.5725190839694656,Лето,0.0007456559889733
3,13510394,2024-08-27 04:37:00,Южно-Уральская,"КРАС, ВЧДЭ-7 КРАСНОЯРСК-ВОСТ",,,,Тонкий гребень колеса грузового вагона,CV,2024,,,,,,,238 days 09:10:00,343270.0,0.0,227,0.5750636132315522,Лето,0.0007456559889733
3,13508894,2024-08-27 17:32:00,Южно-Уральская,"Ю-УР, ВЧДЭ-1 ЧЕЛЯБИНСК",,,,Другие причины,CV,2024,,,,,,,238 days 22:05:00,344045.0,775.0,228,0.5776081424936387,Лето,0.0007456559889733
3,13511961,2024-08-28 19:10:00,Южно-Уральская,"З-СИБ, ВЧДЭ-25 НОВОКУЗНЕЦК",,,,Тонкий гребень колеса грузового вагона,CV,2024,,,,,,,239 days 23:43:00,345583.0,1538.0,229,0.5801526717557252,Лето,0.0007456559889733
3,13512533,2024-08-29 06:28:00,Южно-Уральская,"З-СИБ, ВЧДЭ-25 НОВОКУЗНЕЦК",,,,Тонкий гребень колеса грузового вагона,CV,2024,,,,,,,240 days 11:01:00,346261.0,678.0,230,0.5826972010178118,Лето,0.0007456559889733
3,13510366,2024-08-29 09:00:00,Южно-Уральская,"Ю-УР, ШЧ-1 (Э)",,,,"Срабатывание, коммутационные перенапряжения",CSH,2024,,,,,,,240 days 13:33:00,346413.0,152.0,231,0.5852417302798982,Лето,0.0007456559889733
3,13513932,2024-08-30 07:27:00,Южно-Уральская,"З-СИБ, ВЧДЭ-12 ВХОДНАЯ",,,,Тонкий гребень колеса грузового вагона,CV,2024,,,,,,,241 days 12:00:00,347760.0,1347.0,232,0.5877862595419847,Лето,0.0007456559889733
2,13511616,2024-08-30 09:35:00,Южно-Уральская,"Ю-УР, ШЧ-10 (Р)","6шт ч(к учету 3,07ч)",,,"Жилы, сообщение",CSH,2024,6.0,"3,07ч",,,,,241 days 14:08:00,347888.0,128.0,233,0.5903307888040712,Лето,0.0007456559889733
2,13512001,2024-08-30 14:45:00,Южно-Уральская,"Ю-УР, ШЧ-4 (Э)","3шт ч(к учету 1,3ч)",,,Механическое разрушение оборудования пункта питания линий СЦБ,CSH,2024,3.0,"1,3ч",,,,,241 days 19:18:00,348198.0,310.0,234,0.5928753180661578,Лето,0.0007456559889733
2,13512984,2024-08-31 23:58:00,Южно-Уральская,"Ю-УР, ШЧ-8 (Э)","1шт ч(к учету 0,68ч)","1шт ч(к учету 0,1ч)",,"Контактная система, сваривание контактов",CSH,2024,1.0,"0,68ч",1.0,"0,1ч",,,243 days 04:31:00,350191.0,1993.0,235,0.5954198473282443,Лето,0.0007456559889733
2,13513660,2024-09-02 00:41:00,Южно-Уральская,"Ю-УР, ШЧ-4 (Э)",,"1шт ч(к учету 0,1ч)",,"Механическое разрушение, обрыв прочих элементов разъединителя линий СЦБ",CSH,2024,,,1.0,"0,1ч",,,244 days 05:14:00,351674.0,1483.0,236,0.5979643765903307,Осень,0.0008876441465225
3,13513728,2024-09-02 02:43:00,Южно-Уральская,"Ю-УР, ШЧ-13 (Р)",,,,"Контактная система, увеличенное сопротивление контакта",CSH,2024,,,,,,,244 days 07:16:00,351796.0,122.0,237,0.6005089058524173,Осень,0.0008876441465225
3,13514962,2024-09-02 19:08:00,Южно-Уральская,"Ю-УР, ШЧ-16 (Э)",,,,Нарушение изоляции монтажных проводов,CSH,2024,,,,,,,244 days 23:41:00,352781.0,985.0,238,0.6030534351145038,Осень,0.0008876441465225
2,13518045,2024-09-04 09:00:00,Южно-Уральская,"Ю-УР, ШЧ-10 (Р)","9шт (к учету 8) ч(к учету 2,72ч)",,,"Обмотка, обрыв",CSH,2024,8.0,"2,72ч",,,,,246 days 13:33:00,355053.0,2272.0,239,0.6055979643765903,Осень,0.0008876441465225
2,13519233,2024-09-04 15:23:00,Южно-Уральская,"Ю-УР, ШЧ-8 (Э)","2шт ч(к учету 1,33ч)",,,"Нарушение контакта в разъемах блоков, неисправность контактных губок",CSH,2024,2.0,"1,33ч",,,,,246 days 19:56:00,355436.0,383.0,240,0.6081424936386769,Осень,0.0008876441465225
3,13519425,2024-09-04 15:57:00,Южно-Уральская,"Ю-УР, ИЧ Ю-УР Ш",,,,"Жилы, обрыв",CSH,2024,,,,,,,246 days 20:30:00,355470.0,34.0,241,0.6106870229007634,Осень,0.0008876441465225
2,13519817,2024-09-05 00:30:00,Южно-Уральская,"Ю-УР, ШЧ-5 (Э)","1шт ч(к учету 0,43ч)",,,Неисправность устройств электроснабжения,CSH,2024,1.0,"0,43ч",,,,,247 days 05:03:00,355983.0,513.0,242,0.6132315521628499,Осень,0.0008876441465225
3,13524870,2024-09-05 13:40:00,Южно-Уральская,"ОКТ, ВЧДЭ-13 САНКТ-ПЕТЕРБУРГ-СОРТ-ВИТ",,,,Тонкий гребень колеса грузового вагона,CV,2024,,,,,,,247 days 18:13:00,356773.0,790.0,243,0.6157760814249363,Осень,0.0008876441465225
3,13524871,2024-09-05 13:40:00,Южно-Уральская,"ОКТ, ВЧДЭ-13 САНКТ-ПЕТЕРБУРГ-СОРТ-ВИТ",,,,Тонкий гребень колеса грузового вагона,CV,2024,,,,,,,247 days 18:13:00,356773.0,0.0,244,0.6183206106870229,Осень,0.0008876441465225
3,13524934,2024-09-05 13:40:00,Южно-Уральская,"ОКТ, ВЧДЭ-13 САНКТ-ПЕТЕРБУРГ-СОРТ-ВИТ",,,,Тонкий гребень колеса грузового вагона,CV,2024,,,,,,,247 days 18:13:00,356773.0,0.0,245,0.6208651399491094,Осень,0.0008876441465225
3,13522035,2024-09-05 14:03:00,Южно-Уральская,"Ю-УР, ШЧ-8 (Э)",,,,"Автопереключатель, излом контактных колодок",CSH,2024,,,,,,,247 days 18:36:00,356796.0,23.0,246,0.6234096692111959,Осень,0.0008876441465225
3,13527508,2024-09-06 04:21:00,Южно-Уральская,"КРАС, ВЧДЭ-1 БОГОТОЛ",,,,Тонкий гребень колеса грузового вагона,CV,2024,,,,,,,248 days 08:54:00,357654.0,858.0,247,0.6259541984732825,Осень,0.0008876441465225
3,13527478,2024-09-07 20:05:00,Южно-Уральская,"КРАС, ВЧДЭ-8 АБАКАН",,,,Тонкий гребень колеса грузового вагона,CV,2024,,,,,,,250 days 00:38:00,360038.0,2384.0,248,0.628498727735369,Осень,0.0008876441465225
2,13525333,2024-09-08 05:15:00,Южно-Уральская,"Ю-УР, ШЧ-16 (Э)",,,"1шт ч(к учету 0,15)ч",Излом наконечника,CSH,2024,,,,,1.0,"0,15ч",250 days 09:48:00,360588.0,550.0,249,0.6310432569974554,Осень,0.0008876441465225
3,13525610,2024-09-08 12:34:00,Южно-Уральская,"Ю-УР, ВЧДЭ-1 ЧЕЛЯБИНСК",,,,Наличие постороннего предмета в технологическом проеме боковой рамы,CV,2024,,,,,,,250 days 17:07:00,361027.0,439.0,250,0.6335877862595419,Осень,0.0008876441465225
3,13533543,2024-09-09 03:27:00,Южно-Уральская,"КРАС, ВЧДЭ-1 БОГОТОЛ",,,,Тонкий гребень колеса грузового вагона,CV,2024,,,,,,,251 days 08:00:00,361920.0,893.0,251,0.6361323155216285,Осень,0.0008876441465225
3,13526853,2024-09-09 11:27:00,Южно-Уральская,"Ю-УР, ШЧ-13 (Р)",,,,"Контактная система, увеличенное сопротивление контакта",CSH,2024,,,,,,,251 days 16:00:00,362400.0,480.0,252,0.638676844783715,Осень,0.0008876441465225
3,13533154,2024-09-11 22:34:00,Южно-Уральская,"СВЕРД, ТЧЭ-15",,,,Сбой программного обеспечения ячейки Вывод,CT,2024,,,,,,,254 days 03:07:00,365947.0,3547.0,253,0.6412213740458015,Осень,0.0008876441465225
3,13533083,2024-09-12 00:40:00,Южно-Уральская,"Ю-УР, ШЧ-4 (Э)",,,,"Нарушение контакта в разъемах блоков, неисправность контактных губок",CSH,2024,,,,,,,254 days 05:13:00,366073.0,126.0,254,0.6437659033078881,Осень,0.0008876441465225
3,13538918,2024-09-12 11:00:00,Южно-Уральская,"З-СИБ, ВЧДЭ-27 ТАЙГА",,,,Тонкий гребень колеса грузового вагона,CV,2024,,,,,,,254 days 15:33:00,366693.0,620.0,255,0.6463104325699746,Осень,0.0008876441465225
3,13538949,2024-09-12 12:54:00,Южно-Уральская,"КРАС, ВЧДЭ-7 КРАСНОЯРСК-ВОСТ",,,,Тонкий гребень колеса грузового вагона,CV,2024,,,,,,,254 days 17:27:00,366807.0,114.0,256,0.648854961832061,Осень,0.0008876441465225
3,13536470,2024-09-13 10:10:00,Южно-Уральская,"Ю-УР, ШЧ-6 (Э)",,,,"Обмотка, обрыв",CSH,2024,,,,,,,255 days 14:43:00,368083.0,1276.0,257,0.6513994910941476,Осень,0.0008876441465225
3,13537557,2024-09-14 13:10:00,Южно-Уральская,"Ю-УР, ШЧ-14 (Э)",,,,"Жилы, обрыв",CSH,2024,,,,,,,256 days 17:43:00,369703.0,1620.0,258,0.6539440203562341,Осень,0.0008876441465225
3,13541427,2024-09-17 15:20:00,Южно-Уральская,"Ю-УР, ШЧ-8 (Э)",,,,"Нарушение контакта в разъемах блоков, неисправность контактных губок",CSH,2024,,,,,,,259 days 19:53:00,374153.0,4450.0,259,0.6564885496183206,Осень,0.0008876441465225
3,13549951,2024-09-22 08:19:00,Южно-Уральская,"КРАС, ВЧДЭ-7 КРАСНОЯРСК-ВОСТ",,,,Тонкий гребень колеса грузового вагона,CV,2024,,,,,,,264 days 12:52:00,380932.0,6779.0,260,0.6590330788804071,Осень,0.0008876441465225
3,13549947,2024-09-22 08:19:00,Южно-Уральская,"КРАС, ВЧДЭ-7 КРАСНОЯРСК-ВОСТ",,,,Тонкий гребень колеса грузового вагона,CV,2024,,,,,,,264 days 12:52:00,380932.0,0.0,261,0.6615776081424937,Осень,0.0008876441465225
3,13547880,2024-09-22 10:30:00,Южно-Уральская,"Ю-УР, ШЧ-4 (Э)",,,,Перегорание предохранителей оборудования пункта питания линий СЦБ,CSH,2024,,,,,,,264 days 15:03:00,381063.0,131.0,262,0.6641221374045801,Осень,0.0008876441465225
3,13548721,2024-09-23 08:24:00,Южно-Уральская,"Ю-УР, ШЧ-16 (Э)",,,,"Лампы, перегорание основной нити",CSH,2024,,,,,,,265 days 12:57:00,382377.0,1314.0,263,0.6666666666666666,Осень,0.0008876441465225
3,13555048,2024-09-23 23:37:00,Южно-Уральская,"З-СИБ, ВЧДЭ-12 ВХОДНАЯ",,,,Тонкий гребень колеса грузового вагона,CV,2024,,,,,,,266 days 04:10:00,383290.0,913.0,264,0.6692111959287532,Осень,0.0008876441465225
3,13554519,2024-09-24 14:39:00,Южно-Уральская,"З-СИБ, ВЧДЭ-11 АЛТАЙСКАЯ",,,,Тонкий гребень колеса грузового вагона,CV,2024,,,,,,,266 days 19:12:00,384192.0,902.0,265,0.6717557251908397,Осень,0.0008876441465225
3,13550916,2024-09-24 17:33:00,Южно-Уральская,"Ю-УР, ВЧДЭ-1 ЧЕЛЯБИНСК",,,,Завышение фрикционного клина гасителя колебаний относительно опорной поверхности надрессорной балки,CV,2024,,,,,,,266 days 22:06:00,384366.0,174.0,266,0.6743002544529262,Осень,0.0008876441465225
3,13555100,2024-09-25 19:38:00,Южно-Уральская,"ОКТ, ВЧДЭ-13 САНКТ-ПЕТЕРБУРГ-СОРТ-ВИТ",,,,Тонкий гребень колеса грузового вагона,CV,2024,,,,,,,268 days 00:11:00,385931.0,1565.0,267,0.6768447837150128,Осень,0.0008876441465225
3,13555102,2024-09-25 19:40:00,Южно-Уральская,"ОКТ, ВЧДЭ-13 САНКТ-ПЕТЕРБУРГ-СОРТ-ВИТ",,,,Тонкий гребень колеса грузового вагона,CV,2024,,,,,,,268 days 00:13:00,385933.0,2.0,268,0.6793893129770993,Осень,0.0008876441465225
2,13556156,2024-09-28 14:55:00,Южно-Уральская,"Ю-УР, ШЧ-10 (Р)",,"1шт ч(к учету 0,48ч)","1шт ч(к учету 0,22)ч","Контактная система, увеличенное сопротивление контакта",CSH,2024,,,1.0,"0,48ч",1.0,"0,22ч",270 days 19:28:00,389968.0,4035.0,269,0.6819338422391857,Осень,0.0008876441465225
1,13556216,2024-09-28 15:23:00,Южно-Уральская,"Ю-УР, ШЧ-6 (Э)","3шт ч(к учету 3,17ч)",,"4шт ч(к учету 4,18)ч","Конденсатор, снижение емкости",CSH,2024,3.0,"3,17ч",,,4.0,"4,18ч",270 days 19:56:00,389996.0,28.0,270,0.6844783715012722,Осень,0.0008876441465225
3,13559400,2024-09-29 10:56:00,Южно-Уральская,"З-СИБ, ВЧДЭ-25 НОВОКУЗНЕЦК",,,,Тонкий гребень колеса грузового вагона,CV,2024,,,,,,,271 days 15:29:00,391169.0,1173.0,271,0.6870229007633588,Осень,0.0008876441465225
3,13557503,2024-09-29 18:35:00,Южно-Уральская,"Ю-УР, ШЧ-4 (Э)",,,,"Автопереключатель, разрегулировка контактов",CSH,2024,,,,,,,271 days 23:08:00,391628.0,459.0,272,0.6895674300254453,Осень,0.0008876441465225
3,13559044,2024-09-30 14:40:00,Южно-Уральская,"Ю-УР, ВЧДЭ-2 ОРЕНБУРГ",,,,Неплотность тормозной магистрали грузового вагона,CV,2024,,,,,,,272 days 19:13:00,392833.0,1205.0,273,0.6921119592875318,Осень,0.0008876441465225
3,13558371,2024-09-30 16:48:00,Южно-Уральская,"Ю-УР, ШЧ-6 (Э)",,,,"Контактная система, потеря контакта",CSH,2024,,,,,,,272 days 21:21:00,392961.0,128.0,274,0.6946564885496184,Осень,0.0008876441465225
3,13558754,2024-10-01 04:38:00,Южно-Уральская,"Ю-УР, ВЧДЭ-1 ЧЕЛЯБИНСК",,,,Излом перемычки тормозного башмака,CV,2024,,,,,,,273 days 09:11:00,393671.0,710.0,275,0.6972010178117048,Осень,0.0008876441465225
3,13572136,2024-10-05 19:58:00,Южно-Уральская,"Ю-УР, ШЧ-8 (Э)",,,,"Лампы, перегорание основной нити",CSH,2024,,,,,,,278 days 00:31:00,400351.0,6680.0,276,0.6997455470737913,Осень,0.0008876441465225
3,13572759,2024-10-06 02:05:00,Южно-Уральская,"ОКТ, ВЧДЭ-13 САНКТ-ПЕТЕРБУРГ-СОРТ-ВИТ",,,,Тонкий гребень колеса грузового вагона,CV,2024,,,,,,,278 days 06:38:00,400718.0,367.0,277,0.7022900763358778,Осень,0.0008876441465225
3,13572756,2024-10-06 02:05:00,Южно-Уральская,"ОКТ, ВЧДЭ-13 САНКТ-ПЕТЕРБУРГ-СОРТ-ВИТ",,,,Тонкий гребень колеса грузового вагона,CV,2024,,,,,,,278 days 06:38:00,400718.0,0.0,278,0.7048346055979644,Осень,0.0008876441465225
3,13568328,2024-10-06 19:06:00,Южно-Уральская,"Ю-УР, ШЧ-5 (Э)",,,,"Резистор, обрыв",CSH,2024,,,,,,,278 days 23:39:00,401739.0,1021.0,279,0.7073791348600509,Осень,0.0008876441465225
2,13568659,2024-10-07 05:21:00,Южно-Уральская,"Ю-УР, ШЧ-6 (Э)",,"1шт ч(к учету 0,17ч)",,Повреждение контрольного кабеля линий СЦБ при работах,CSH,2024,,,1.0,"0,17ч",,,279 days 09:54:00,402354.0,615.0,280,0.7099236641221374,Осень,0.0008876441465225
3,13568962,2024-10-07 09:05:00,Южно-Уральская,"Ю-УР, ШЧ-1 (Э)",,,,"Лампы, перегорание основной нити",CSH,2024,,,,,,,279 days 13:38:00,402578.0,224.0,281,0.712468193384224,Осень,0.0008876441465225
3,13576307,2024-10-08 21:57:00,Южно-Уральская,"КРАС, ВЧДЭ-1 БОГОТОЛ",,,,Тонкий гребень колеса грузового вагона,CV,2024,,,,,,,281 days 02:30:00,404790.0,2212.0,282,0.7150127226463104,Осень,0.0008876441465225
3,13572751,2024-10-09 06:05:00,Южно-Уральская,"Ю-УР, ШЧ-4 (Э)",,,,Обрыв жил контрольного кабеля линий СЦБ,CSH,2024,,,,,,,281 days 10:38:00,405278.0,488.0,283,0.7175572519083969,Осень,0.0008876441465225
3,13576960,2024-10-10 23:42:00,Южно-Уральская,"Ю-УР, ШЧ-8 (Э)",,,,"Обрыв, коррозия металла",CSH,2024,,,,,,,283 days 04:15:00,407775.0,2497.0,284,0.7201017811704835,Осень,0.0008876441465225
3,13578921,2024-10-12 05:50:00,Южно-Уральская,"Ю-УР, ШЧ-4 (Э)",,,,Неисправность,CSH,2024,,,,,,,284 days 10:23:00,409583.0,1808.0,285,0.72264631043257,Осень,0.0008876441465225
2,13580214,2024-10-13 14:14:00,Южно-Уральская,"Ю-УР, ШЧ-16 (Э)",,,"1шт ч(к учету 0,23)ч",Отсутствие,CSH,2024,,,,,1.0,"0,23ч",285 days 18:47:00,411527.0,1944.0,286,0.7251908396946565,Осень,0.0008876441465225
3,13580807,2024-10-14 04:55:00,Южно-Уральская,"Ю-УР, ШЧ-1 (Э)",,,,"Сигнальная обмотка, короткое замыкание",CSH,2024,,,,,,,286 days 09:28:00,412408.0,881.0,287,0.727735368956743,Осень,0.0008876441465225
3,13584956,2024-10-14 21:49:00,Южно-Уральская,"КРАС, ВЧДЭ-7 КРАСНОЯРСК-ВОСТ",,,,Тонкий гребень колеса грузового вагона,CV,2024,,,,,,,287 days 02:22:00,413422.0,1014.0,288,0.7302798982188295,Осень,0.0008876441465225
3,13582392,2024-10-15 05:00:00,Южно-Уральская,"Ю-УР, ШЧ-4 (Э)",,,,Неисправность блока контроля напряжения,CSH,2024,,,,,,,287 days 09:33:00,413853.0,431.0,289,0.732824427480916,Осень,0.0008876441465225
2,13583947,2024-10-15 21:13:00,Южно-Уральская,"Ю-УР, ШЧ-8 (Э)",,"1шт ч(к учету 0,17ч)",,Излом наконечника,CSH,2024,,,1.0,"0,17ч",,,288 days 01:46:00,414826.0,973.0,290,0.7353689567430025,Осень,0.0008876441465225
3,13587411,2024-10-17 09:43:00,Южно-Уральская,"З-СИБ, ВЧДЭ-23 БЕЛОВО",,,,Тонкий гребень колеса грузового вагона,CV,2024,,,,,,,289 days 14:16:00,417016.0,2190.0,291,0.7379134860050891,Осень,0.0008876441465225
3,13590613,2024-10-17 15:05:00,Южно-Уральская,"КРАС, ВЧДЭ-8 АБАКАН",,,,Неисправность погрузочно-разгрузочных механизмов специализированных вагонов,CV,2024,,,,,,,289 days 19:38:00,417338.0,322.0,292,0.7404580152671756,Осень,0.0008876441465225
2,13587353,2024-10-18 10:37:00,Южно-Уральская,"Ю-УР, ШЧ-1 (Э)","6шт ч(к учету 1,87ч)",,,"Нарушение контакта в разъемах блоков, неисправность контактных губок",CSH,2024,6.0,"1,87ч",,,,,290 days 15:10:00,418510.0,1172.0,293,0.7430025445292621,Осень,0.0008876441465225
3,13591210,2024-10-18 12:02:00,Южно-Уральская,"КРАС, ВЧДЭ-8 АБАКАН",,,,Тонкий гребень колеса грузового вагона,CV,2024,,,,,,,290 days 16:35:00,418595.0,85.0,294,0.7455470737913485,Осень,0.0008876441465225
2,13589324,2024-10-20 08:44:00,Южно-Уральская,"Ю-УР, ШЧ-13 (Р)","2шт ч(к учету 0,57ч)",,,"Конденсатор, снижение емкости",CSH,2024,2.0,"0,57ч",,,,,292 days 13:17:00,421277.0,2682.0,295,0.7480916030534351,Осень,0.0008876441465225
3,13589757,2024-10-20 22:00:00,Южно-Уральская,"Ю-УР, ШЧ-5 (Э)",,,,"Лампы, перегорание основной нити",CSH,2024,,,,,,,293 days 02:33:00,422073.0,796.0,296,0.7506361323155216,Осень,0.0008876441465225
3,13593845,2024-10-21 16:40:00,Южно-Уральская,"З-СИБ, ВЧДЭ-12 ВХОДНАЯ",,,,Тонкий гребень колеса грузового вагона,CV,2024,,,,,,,293 days 21:13:00,423193.0,1120.0,297,0.7531806615776081,Осень,0.0008876441465225
3,13592524,2024-10-22 07:11:00,Южно-Уральская,"СВЕРД, ТЧЭ-15",,,,Прочая неисправность рукоятки клапана песочницы,CT,2024,,,,,,,294 days 11:44:00,424064.0,871.0,298,0.7557251908396947,Осень,0.0008876441465225
3,13594346,2024-10-22 07:41:00,Южно-Уральская,"КРАС, ВЧДЭ-8 АБАКАН",,,,Повреждение крышки люка грузового вагона,CV,2024,,,,,,,294 days 12:14:00,424094.0,30.0,299,0.7582697201017812,Осень,0.0008876441465225
3,13593877,2024-10-22 08:29:00,Южно-Уральская,"З-СИБ, ВЧДЭ-25 НОВОКУЗНЕЦК",,,,Тонкий гребень колеса грузового вагона,CV,2024,,,,,,,294 days 13:02:00,424142.0,48.0,300,0.7608142493638677,Осень,0.0008876441465225
3,13592252,2024-10-22 18:12:00,Южно-Уральская,"Ю-УР, ВЧДЭ-1 ЧЕЛЯБИНСК",,,,Надиры типа «елочка» на торцах роликов и бортах колец,CV,2024,,,,,,,294 days 22:45:00,424725.0,583.0,301,0.7633587786259542,Осень,0.0008876441465225
3,13592784,2024-10-23 09:31:00,Южно-Уральская,"Ю-УР, ШЧ-13 (Р)",,,,"Контактная система, сваривание контактов",CSH,2024,,,,,,,295 days 14:04:00,425644.0,919.0,302,0.7659033078880407,Осень,0.0008876441465225
2,13594713,2024-10-24 20:08:00,Южно-Уральская,"Ю-УР, ШЧ-4 (Э)","1шт ч(к учету 0,53ч)",,,"Лампы, перегорание основной нити",CSH,2024,1.0,"0,53ч",,,,,297 days 00:41:00,427721.0,2077.0,303,0.7684478371501272,Осень,0.0008876441465225
3,13594956,2024-10-25 06:04:00,Южно-Уральская,"Ю-УР, ШЧ-1 (Э)",,,,"Жилы, обрыв",CSH,2024,,,,,,,297 days 10:37:00,428317.0,596.0,304,0.7709923664122137,Осень,0.0008876441465225
2,13595208,2024-10-25 10:00:00,Южно-Уральская,"Ю-УР, ШЧ-8 (Э)","1шт ч(к учету 0,27ч)",,"2шт (к учету 1) ч(к учету 0,15)ч","Не срабатывание (не перегорание), несоответствие номинала",CSH,2024,1.0,"0,27ч",,,1.0,"0,15ч",297 days 14:33:00,428553.0,236.0,305,0.7735368956743003,Осень,0.0008876441465225
3,13595424,2024-10-25 13:08:00,Южно-Уральская,"Ю-УР, ТЧЭ-5",,,,Повреждение уплотнения,CT,2024,,,,,,,297 days 17:41:00,428741.0,188.0,306,0.7760814249363868,Осень,0.0008876441465225
3,13597294,2024-10-28 04:42:00,Южно-Уральская,"Ю-УР, ВЧДЭ-1 ЧЕЛЯБИНСК",,,,Технологический нагрев буксового узла,CV,2024,,,,,,,300 days 09:15:00,432555.0,3814.0,307,0.7786259541984732,Осень,0.0008876441465225
2,13598772,2024-10-29 11:10:00,Южно-Уральская,"Ю-УР, ШЧ-14 (Э)","3шт ч(к учету 0,87ч)",,,"Контактная система, потеря контакта",CSH,2024,3.0,"0,87ч",,,,,301 days 15:43:00,434383.0,1828.0,308,0.7811704834605598,Осень,0.0008876441465225
2,13599083,2024-10-29 17:27:00,Южно-Уральская,"Ю-УР, ШЧ-13 (Р)",,,"1шт ч(к учету 0,1)ч","Нарушение контакта в разъемах блоков, неисправность контактных губок",CSH,2024,,,,,1.0,"0,1ч",301 days 22:00:00,434760.0,377.0,309,0.7837150127226463,Осень,0.0008876441465225
3,13600771,2024-10-30 07:20:00,Южно-Уральская,"Ю-УР, ШЧ-10 (Р)",,,,"Контактная система, увеличенное сопротивление",CSH,2024,,,,,,,302 days 11:53:00,435593.0,833.0,310,0.7862595419847328,Осень,0.0008876441465225
3,13602458,2024-10-30 23:00:00,Южно-Уральская,"ОКТ, ВЧДЭ-13 САНКТ-ПЕТЕРБУРГ-СОРТ-ВИТ",,,,Тонкий гребень колеса грузового вагона,CV,2024,,,,,,,303 days 03:33:00,436533.0,940.0,311,0.7888040712468194,Осень,0.0008876441465225
3,13602449,2024-10-30 23:00:00,Южно-Уральская,"ОКТ, ВЧДЭ-13 САНКТ-ПЕТЕРБУРГ-СОРТ-ВИТ",,,,Тонкий гребень колеса грузового вагона,CV,2024,,,,,,,303 days 03:33:00,436533.0,0.0,312,0.7913486005089059,Осень,0.0008876441465225
3,13601564,2024-10-31 17:45:00,Южно-Уральская,"Ю-УР, ТЧЭ-5",,,,Разъединение стрелочных остряков с тягами,CT,2024,,,,,,,303 days 22:18:00,437658.0,1125.0,313,0.7938931297709924,Осень,0.0008876441465225
2,13601736,2024-11-01 04:32:00,Южно-Уральская,"Ю-УР, ШЧ-13 (Р)","2шт ч(к учету 1,5ч)",,,"Диод, пробой",CSH,2024,2.0,"1,5ч",,,,,304 days 09:05:00,438305.0,647.0,314,0.7964376590330788,Осень,0.0008876441465225
2,13603497,2024-11-02 12:36:00,Южно-Уральская,"Ю-УР, ШЧ-10 (Р)","2шт ч(к учету 0,75ч)",,,"Курбельный контакт, излом",CSH,2024,2.0,"0,75ч",,,,,305 days 17:09:00,440229.0,1924.0,315,0.7989821882951654,Осень,0.0008876441465225
2,13603613,2024-11-02 13:17:00,Южно-Уральская,"Ю-УР, ШЧ-16 (Э)","4шт (к учету 2) ч(к учету 1,38ч)",,,"Конденсатор, снижение емкости",CSH,2024,2.0,"1,38ч",,,,,305 days 17:50:00,440270.0,41.0,316,0.8015267175572519,Осень,0.0008876441465225
2,13603979,2024-11-02 20:04:00,Южно-Уральская,"Ю-УР, ШЧ-11 (Э)","1шт ч(к учету 0,3ч)",,,"Лампы, перегорание основной нити",CSH,2024,1.0,"0,3ч",,,,,306 days 00:37:00,440677.0,407.0,317,0.8040712468193384,Осень,0.0008876441465225
3,13604588,2024-11-03 12:44:00,Южно-Уральская,"Ю-УР, ВЧДЭ-1 ЧЕЛЯБИНСК",,,,Разрыв диафрагмы клапана мягкости,CV,2024,,,,,,,306 days 17:17:00,441677.0,1000.0,318,0.806615776081425,Осень,0.0008876441465225
3,13606742,2024-11-03 17:36:00,Южно-Уральская,"ОКТ, ВЧДЭ-13 САНКТ-ПЕТЕРБУРГ-СОРТ-ВИТ",,,,Тонкий гребень колеса грузового вагона,CV,2024,,,,,,,306 days 22:09:00,441969.0,292.0,319,0.8091603053435115,Осень,0.0008876441465225
2,13619466,2024-11-04 11:43:00,Южно-Уральская,"КРАС, ВЧДЭ-7 КРАСНОЯРСК-ВОСТ","2шт ч(к учету 0,5ч)",,,"Шелушение, раковины, коррозия на  деталях подшипника",CV,2024,2.0,"0,5ч",,,,,307 days 16:16:00,443056.0,1087.0,320,0.811704834605598,Осень,0.0008876441465225
2,13606462,2024-11-05 11:14:00,Южно-Уральская,"Ю-УР, ШЧ-13 (Р)","2шт ч(к учету 1,03ч)",,,"Контактная система, потеря контакта",CSH,2024,2.0,"1,03ч",,,,,308 days 15:47:00,444467.0,1411.0,321,0.8142493638676844,Осень,0.0008876441465225
3,13613989,2024-11-05 13:46:00,Южно-Уральская,"КРАС, ВЧДЭ-7 КРАСНОЯРСК-ВОСТ",,,,Тонкий гребень колеса грузового вагона,CV,2024,,,,,,,308 days 18:19:00,444619.0,152.0,322,0.816793893129771,Осень,0.0008876441465225
3,13614465,2024-11-06 04:45:00,Южно-Уральская,"З-СИБ, ВЧДЭ-23 БЕЛОВО",,,,Тонкий гребень колеса грузового вагона,CV,2024,,,,,,,309 days 09:18:00,445518.0,899.0,323,0.8193384223918575,Осень,0.0008876441465225
3,13612080,2024-11-06 08:29:00,Южно-Уральская,"Ю-УР, ТЧЭ-1",,,,"Ползун, выбоина на поверхности катания бандажа колесной пары локомотива",CT,2024,,,,,,,309 days 13:02:00,445742.0,224.0,324,0.821882951653944,Осень,0.0008876441465225
3,13609388,2024-11-06 16:50:00,Южно-Уральская,"Ю-УР, ШЧ-1 (Э)",,,,"Срабатывание (перегорание), коммутационные перенапряжения",CSH,2024,,,,,,,309 days 21:23:00,446243.0,501.0,325,0.8244274809160306,Осень,0.0008876441465225
3,13610986,2024-11-06 20:59:00,Южно-Уральская,"Ю-УР, ТЧЭ-16",,,,Нарушение регулировочного режима,CT,2024,,,,,,,310 days 01:32:00,446492.0,249.0,326,0.8269720101781171,Осень,0.0008876441465225
3,13609572,2024-11-06 21:05:00,Южно-Уральская,"Ю-УР, ШЧ-8 (Э)",,,,"Срабатывание (перегорание), воздействие тягового тока",CSH,2024,,,,,,,310 days 01:38:00,446498.0,6.0,327,0.8295165394402035,Осень,0.0008876441465225
2,13609723,2024-11-07 03:00:00,Южно-Уральская,"Ю-УР, ШЧ-10 (Р)","7шт (к учету 5) ч(к учету 2,12ч)","1шт ч(к учету 0,1ч)",,"Лампы, перегорание основной нити",CSH,2024,5.0,"2,12ч",1.0,"0,1ч",,,310 days 07:33:00,446853.0,355.0,328,0.8320610687022901,Осень,0.0008876441465225
3,13612286,2024-11-08 09:00:00,Южно-Уральская,"Ю-УР, ШЧ-8 (Э)",,,,"Не срабатывание (не перегорание), несоответствие номинала",CSH,2024,,,,,,,311 days 13:33:00,448653.0,1800.0,329,0.8346055979643766,Осень,0.0008876441465225
2,13613883,2024-11-09 13:33:00,Южно-Уральская,"Ю-УР, ШЧ-13 (Р)","2шт ч(к учету 0,83ч)",,,"Диод, пробой",CSH,2024,2.0,"0,83ч",,,,,312 days 18:06:00,450366.0,1713.0,330,0.8371501272264631,Осень,0.0008876441465225
3,13617636,2024-11-09 14:19:00,Южно-Уральская,"ОКТ, ВЧДЭ-13 САНКТ-ПЕТЕРБУРГ-СОРТ-ВИТ",,,,Тонкий гребень колеса грузового вагона,CV,2024,,,,,,,312 days 18:52:00,450412.0,46.0,331,0.8396946564885496,Осень,0.0008876441465225
2,13614190,2024-11-09 23:18:00,Южно-Уральская,"Ю-УР, ШЧ-10 (Р)","1шт ч(к учету 0,27ч)",,,Неисправность,CSH,2024,1.0,"0,27ч",,,,,313 days 03:51:00,450951.0,539.0,332,0.8422391857506362,Осень,0.0008876441465225
1,13618234,2024-11-12 19:31:00,Южно-Уральская,"Ю-УР, ТЧЭ-1","4шт ч(к учету 9,92ч)",,,"Прочая неисправность проводов, кабелей силовых цепей",CT,2024,4.0,"9,92ч",,,,,316 days 00:04:00,455044.0,4093.0,333,0.8447837150127226,Осень,0.0008876441465225
3,13618345,2024-11-12 23:16:00,Южно-Уральская,"Ю-УР, ТЧЭ-16",,,,Прочая неисправность силовых контактов электромагнитного контактора вспомогательных цепей и цепей управления,CT,2024,,,,,,,316 days 03:49:00,455269.0,225.0,334,0.8473282442748091,Осень,0.0008876441465225
1,13621520,2024-11-14 15:49:00,Южно-Уральская,"Ю-УР, ТЧЭ-1",,,,Ослабление крепления,CT,2024,,,,,,,317 days 20:22:00,457702.0,2433.0,335,0.8498727735368957,Осень,0.0008876441465225
3,13624497,2024-11-15 22:16:00,Южно-Уральская,"Ю-ВОСТ, ВЧДЭ-3 СТОЙЛЕНСКАЯ",,,,Тонкий гребень колеса грузового вагона,CV,2024,,,,,,,319 days 02:49:00,459529.0,1827.0,336,0.8524173027989822,Осень,0.0008876441465225
3,13626047,2024-11-16 03:18:00,Южно-Уральская,"ОКТ, ВЧДЭ-6 СПБ-СОРТ-МОСК",,,,Тонкий гребень колеса грузового вагона,CV,2024,,,,,,,319 days 07:51:00,459831.0,302.0,337,0.8549618320610687,Осень,0.0008876441465225
3,13626048,2024-11-16 03:19:00,Южно-Уральская,"ОКТ, ВЧДЭ-6 СПБ-СОРТ-МОСК",,,,Тонкий гребень колеса грузового вагона,CV,2024,,,,,,,319 days 07:52:00,459832.0,1.0,338,0.8575063613231552,Осень,0.0008876441465225
3,13624519,2024-11-16 12:16:00,Южно-Уральская,"З-СИБ, ВЧДЭ-12 ВХОДНАЯ",,,,Тонкий гребень колеса грузового вагона,CV,2024,,,,,,,319 days 16:49:00,460369.0,537.0,339,0.8600508905852418,Осень,0.0008876441465225
2,13624320,2024-11-18 05:15:00,Южно-Уральская,"Ю-УР, ШЧ-6 (Э)","1шт ч(к учету 0,68ч)","1шт ч(к учету 0,13ч)",,Разрегулировка проводов линий СЦБ,CSH,2024,1.0,"0,68ч",1.0,"0,13ч",,,321 days 09:48:00,462828.0,2459.0,340,0.8625954198473282,Осень,0.0008876441465225
2,13625409,2024-11-19 04:15:00,Южно-Уральская,"Ю-УР, ШЧ-4 (Э)",,,"1шт ч(к учету 0,13)ч",Механическое разрушение оборудования пункта питания линий СЦБ,CSH,2024,,,,,1.0,"0,13ч",322 days 08:48:00,464208.0,1380.0,341,0.8651399491094147,Осень,0.0008876441465225
3,13629413,2024-11-19 23:51:00,Южно-Уральская,"Ю-УР, ШЧ-4 (Э)",,,,"Автопереключатель, разрегулировка контактов",CSH,2024,,,,,,,323 days 04:24:00,465384.0,1176.0,342,0.8676844783715013,Осень,0.0008876441465225
3,13627777,2024-11-21 05:50:00,Южно-Уральская,"Ю-УР, ШЧ-8 (Э)",,,,"Срабатывание (перегорание), воздействие тягового тока",CSH,2024,,,,,,,324 days 10:23:00,467183.0,1799.0,343,0.8702290076335878,Осень,0.0008876441465225
3,13627909,2024-11-21 08:35:00,Южно-Уральская,"Ю-УР, ШЧ-4 (Э)",,,,Неисправность блока контроля напряжения,CSH,2024,,,,,,,324 days 13:08:00,467348.0,165.0,344,0.8727735368956743,Осень,0.0008876441465225
3,13628333,2024-11-21 13:29:00,Южно-Уральская,"Ю-УР, ШЧ-13 (Р)",,,,"Контактная система, потеря контакта",CSH,2024,,,,,,,324 days 18:02:00,467642.0,294.0,345,0.8753180661577609,Осень,0.0008876441465225
3,13629242,2024-11-22 09:34:00,Южно-Уральская,"Ю-УР, ШЧ-6 (Э)",,,,"Жилы, внутренний обрыв",CSH,2024,,,,,,,325 days 14:07:00,468847.0,1205.0,346,0.8778625954198473,Осень,0.0008876441465225
3,13631626,2024-11-23 01:20:00,Южно-Уральская,"КРАС, ВЧДЭ-8 АБАКАН",,,,Тонкий гребень колеса грузового вагона,CV,2024,,,,,,,326 days 05:53:00,469793.0,946.0,347,0.8804071246819338,Осень,0.0008876441465225
3,13635047,2024-11-25 18:25:00,Южно-Уральская,"КРАС, ВЧДЭ-8 АБАКАН",,,,Тонкий гребень колеса грузового вагона,CV,2024,,,,,,,328 days 22:58:00,473698.0,3905.0,348,0.8829516539440203,Осень,0.0008876441465225
3,13635883,2024-11-27 13:01:00,Южно-Уральская,"З-СИБ, ВЧДЭ-25 НОВОКУЗНЕЦК",,,,Тонкий гребень колеса грузового вагона,CV,2024,,,,,,,330 days 17:34:00,476254.0,2556.0,349,0.8854961832061069,Осень,0.0008876441465225
2,13634212,2024-11-27 14:48:00,Южно-Уральская,"Ю-УР, ШЧ-5 (Э)","1шт ч(к учету 0,25ч)",,,Понижение сопротивления изоляции,CSH,2024,1.0,"0,25ч",,,,,330 days 19:21:00,476361.0,107.0,350,0.8880407124681934,Осень,0.0008876441465225
3,13635887,2024-11-27 23:59:00,Южно-Уральская,"КРАС, ВЧДЭ-1 БОГОТОЛ",,,,Тонкий гребень колеса грузового вагона,CV,2024,,,,,,,331 days 04:32:00,476912.0,551.0,351,0.8905852417302799,Осень,0.0008876441465225
2,13634959,2024-11-28 09:45:00,Южно-Уральская,"Ю-УР, ШЧ-8 (Э)","1шт ч(к учету 0,73ч)",,,"Электродвигатель, постоянного тока (МСП, ДСП), неисправность щеточного  узла",CSH,2024,1.0,"0,73ч",,,,,331 days 14:18:00,477498.0,586.0,352,0.8931297709923665,Осень,0.0008876441465225
3,13638147,2024-11-28 21:05:00,Южно-Уральская,"КРАС, ВЧДЭ-8 АБАКАН",,,,Тонкий гребень колеса грузового вагона,CV,2024,,,,,,,332 days 01:38:00,478178.0,680.0,353,0.8956743002544529,Осень,0.0008876441465225
3,13639807,2024-11-29 04:00:00,Южно-Уральская,"ОКТ, ВЧДЭ-13 САНКТ-ПЕТЕРБУРГ-СОРТ-ВИТ",,,,Тонкий гребень колеса грузового вагона,CV,2024,,,,,,,332 days 08:33:00,478593.0,415.0,354,0.8982188295165394,Осень,0.0008876441465225
3,13636804,2024-11-30 00:27:00,Южно-Уральская,"Ю-УР, ВЧДЭ-1 ЧЕЛЯБИНСК",,,,Обрыв маятниковой подвески грузового вагона,CV,2024,,,,,,,333 days 05:00:00,479820.0,1227.0,355,0.900763358778626,Осень,0.0008876441465225
3,13637291,2024-11-30 19:57:00,Южно-Уральская,"Ю-УР, ШЧ-4 (Э)",,,,Механическое разрушение оборудования пункта питания линий СЦБ,CSH,2024,,,,,,,334 days 00:30:00,480990.0,1170.0,356,0.9033078880407124,Осень,0.0008876441465225
3,13637404,2024-12-01 02:03:00,Южно-Уральская,"Ю-УР, ШЧ-8 (Э)",,,,Излом датчика УКСПС по старой трещине,CSH,2024,,,,,,,334 days 06:36:00,481356.0,366.0,357,0.905852417302799,Зима,0.0006334806240957
3,13638055,2024-12-02 04:20:00,Южно-Уральская,"Ю-УР, ВЧДЭ-1 ЧЕЛЯБИНСК",,,,Несоответствие норм высоты автосцепки грузового вагона,CV,2024,,,,,,,335 days 08:53:00,482933.0,1577.0,358,0.9083969465648856,Зима,0.0006334806240957
3,13644552,2024-12-02 11:25:00,Южно-Уральская,"З-СИБ, ВЧДЭ-25 НОВОКУЗНЕЦК",,,,Тонкий гребень колеса грузового вагона,CV,2024,,,,,,,335 days 15:58:00,483358.0,425.0,359,0.910941475826972,Зима,0.0006334806240957
3,13641177,2024-12-04 01:00:00,Южно-Уральская,"Ю-УР, ШЧ-6 (Э)",,,,Разрегулировка проводов линий СЦБ,CSH,2024,,,,,,,337 days 05:33:00,485613.0,2255.0,360,0.9134860050890584,Зима,0.0006334806240957
3,13646608,2024-12-04 07:48:00,Южно-Уральская,"КРАС, ВЧДЭ-7 КРАСНОЯРСК-ВОСТ",,,,Тонкий гребень колеса грузового вагона,CV,2024,,,,,,,337 days 12:21:00,486021.0,408.0,361,0.916030534351145,Зима,0.0006334806240957
2,13683467,2024-12-04 08:08:00,Южно-Уральская,"Ю-УР, ШЧ-10 (Р)",,,"1шт ч(к учету 0,1)ч",Излом провода под гайкой,CSH,2024,,,,,1.0,"0,1ч",337 days 12:41:00,486041.0,20.0,362,0.9185750636132316,Зима,0.0006334806240957
3,13646089,2024-12-06 10:20:00,Южно-Уральская,"Ю-УР, ВЧДЭ-1 ЧЕЛЯБИНСК",,,,Завышение фрикционного клина гасителя колебаний относительно опорной поверхности надрессорной балки,CV,2024,,,,,,,339 days 14:53:00,489053.0,3012.0,363,0.921119592875318,Зима,0.0006334806240957
3,13648020,2024-12-06 14:00:00,Южно-Уральская,"Ю-УР, ШЧ-16 (Э)",,,,"Лампы, перегорание основной нити",CSH,2024,,,,,,,339 days 18:33:00,489273.0,220.0,364,0.9236641221374046,Зима,0.0006334806240957
3,13650259,2024-12-07 15:03:00,Южно-Уральская,"СВЕРД, ВЧДЭ-19",,,,Тонкий гребень колеса грузового вагона,CV,2024,,,,,,,340 days 19:36:00,490776.0,1503.0,365,0.926208651399491,Зима,0.0006334806240957
3,13646952,2024-12-07 17:00:00,Южно-Уральская,"Ю-УР, ШЧ-11 (Э)",,,,"Контакт, неисправность",CSH,2024,,,,,,,340 days 21:33:00,490893.0,117.0,366,0.9287531806615776,Зима,0.0006334806240957
3,13652383,2024-12-08 10:11:00,Южно-Уральская,"З-СИБ, ВЧДЭ-23 БЕЛОВО",,,,Неравномерный прокат по кругу катания колеса грузового вагона выше нормы,CV,2024,,,,,,,341 days 14:44:00,491924.0,1031.0,367,0.931297709923664,Зима,0.0006334806240957
3,13651797,2024-12-09 04:40:00,Южно-Уральская,"З-СИБ, ВЧДЭ-25 НОВОКУЗНЕЦК",,,,Тонкий гребень колеса грузового вагона,CV,2024,,,,,,,342 days 09:13:00,493033.0,1109.0,368,0.9338422391857506,Зима,0.0006334806240957
2,13648572,2024-12-09 13:07:00,Южно-Уральская,"Ю-УР, ШЧ-4 (Э)",,,"1шт ч(к учету 0,18)ч",Механическое разрушение оборудования пункта питания линий СЦБ,CSH,2024,,,,,1.0,"0,18ч",342 days 17:40:00,493540.0,507.0,369,0.9363867684478372,Зима,0.0006334806240957
3,13648986,2024-12-09 14:55:00,Южно-Уральская,"Ю-УР, ТЧЭ-5",,,,Прочая неисправность бандажа колесной пары локомотива,CT,2024,,,,,,,342 days 19:28:00,493648.0,108.0,370,0.9389312977099236,Зима,0.0006334806240957
2,13652734,2024-12-12 01:41:00,Южно-Уральская,"Ю-УР, ВЧДЭ-2 ОРЕНБУРГ","1шт ч(к учету 0,33ч)",,,Неправильное включение грузовых режимов торможения воздухораспределителя,CV,2024,1.0,"0,33ч",,,,,345 days 06:14:00,497174.0,3526.0,371,0.9414758269720102,Зима,0.0006334806240957
2,13653837,2024-12-12 13:10:00,Южно-Уральская,"Ю-УР, ШЧ-6 (Э)","1шт ч(к учету 0,25ч)",,,"Обмотка, обрыв",CSH,2024,1.0,"0,25ч",,,,,345 days 17:43:00,497863.0,689.0,372,0.9440203562340967,Зима,0.0006334806240957
2,13654461,2024-12-13 02:34:00,Южно-Уральская,"Ю-УР, ТЧЭ-5","1шт ч(к учету 0,38ч)",,,Прочая неисправность уплотнительного кольца крана машиниста,CT,2024,1.0,"0,38ч",,,,,346 days 07:07:00,498667.0,804.0,373,0.9465648854961832,Зима,0.0006334806240957
2,13654482,2024-12-13 03:16:00,Южно-Уральская,"Ю-УР, ВЧДЭ-2 ОРЕНБУРГ","2шт (к учету 1) ч(к учету 0,73ч)",,,Неправильное включение грузовых режимов торможения воздухораспределителя,CV,2024,1.0,"0,73ч",,,,,346 days 07:49:00,498709.0,42.0,374,0.9491094147582696,Зима,0.0006334806240957
3,13654986,2024-12-13 10:07:00,Южно-Уральская,"Ю-УР, ШЧ-4 (Э)",,,,Механическое разрушение оборудования пункта питания линий СЦБ,CSH,2024,,,,,,,346 days 14:40:00,499120.0,411.0,375,0.9516539440203562,Зима,0.0006334806240957
3,13658320,2024-12-14 04:57:00,Южно-Уральская,"З-СИБ, ВЧДЭ-25 НОВОКУЗНЕЦК",,,,Тонкий гребень колеса грузового вагона,CV,2024,,,,,,,347 days 09:30:00,500250.0,1130.0,376,0.9541984732824428,Зима,0.0006334806240957
2,13656565,2024-12-15 00:59:00,Южно-Уральская,"Ю-УР, ШЧ-13 (Р)","1шт ч(к учету 0,35ч)","1шт ч(к учету 0,35ч)",,Обрыв,CSH,2024,1.0,"0,35ч",1.0,"0,35ч",,,348 days 05:32:00,501452.0,1202.0,377,0.9567430025445292,Зима,0.0006334806240957
3,13658703,2024-12-15 17:10:00,Южно-Уральская,"З-СИБ, ВЧДЭ-6 ИНСКАЯ",,,,Тонкий гребень колеса грузового вагона,CV,2024,,,,,,,348 days 21:43:00,502423.0,971.0,378,0.9592875318066156,Зима,0.0006334806240957
2,13669882,2024-12-18 09:48:00,Южно-Уральская,"Ю-УР, ШЧ-4 (Э)","1шт ч(к учету 0,25ч)",,,Механическое разрушение оборудования пункта питания линий СЦБ,CSH,2024,1.0,"0,25ч",,,,,351 days 14:21:00,506301.0,3878.0,379,0.9618320610687024,Зима,0.0006334806240957
2,13660722,2024-12-18 22:03:00,Южно-Уральская,"Ю-УР, ШЧ-4 (Э)","1шт ч(к учету 0,78ч)",,,Механическое разрушение оборудования пункта питания линий СЦБ,CSH,2024,1.0,"0,78ч",,,,,352 days 02:36:00,507036.0,735.0,380,0.9643765903307888,Зима,0.0006334806240957
2,13661398,2024-12-19 11:16:00,Южно-Уральская,"Ю-УР, ШЧ-13 (Р)","1шт ч(к учету 0,73ч)",,,"Срабатывание (перегорание), несоответствие номинала",CSH,2024,1.0,"0,73ч",,,,,352 days 15:49:00,507829.0,793.0,381,0.9669211195928752,Зима,0.0006334806240957
3,13662304,2024-12-20 07:15:00,Южно-Уральская,"Ю-УР, ШЧ-10 (Р)",,,,"Транзистор, короткое замыкание  транзистора",CSH,2024,,,,,,,353 days 11:48:00,509028.0,1199.0,382,0.9694656488549618,Зима,0.0006334806240957
2,13662542,2024-12-20 10:32:00,Южно-Уральская,"Ю-УР, ШЧ-5 (Э)","1шт ч(к учету 0,53ч)",,,"Срабатывание (перегорание), несоответствие номинала",CSH,2024,1.0,"0,53ч",,,,,353 days 15:05:00,509225.0,197.0,383,0.9720101781170484,Зима,0.0006334806240957
3,13666192,2024-12-24 09:14:00,Южно-Уральская,"Ю-УР, ШЧ-4 (Э)",,,,"Контактная система, потеря контакта",CSH,2024,,,,,,,357 days 13:47:00,514907.0,5682.0,384,0.9745547073791349,Зима,0.0006334806240957
2,13666513,2024-12-24 11:30:00,Южно-Уральская,"Ю-УР, ШЧ-6 (Э)","6шт ч(к учету 2,35ч)",,,Разрегулировка проводов линий СЦБ,CSH,2024,6.0,"2,35ч",,,,,357 days 16:03:00,515043.0,136.0,385,0.9770992366412212,Зима,0.0006334806240957
3,13668733,2024-12-24 15:50:00,Южно-Уральская,"СВЕРД, ТЧЭ-15",,,,"Код 14.2 Пробоксовки в виде местного износа и выкрашивания металла в местах термомеханических повреждений головки рельса из-за боксования, юза колес подвижного состава или нарушения режимов шлифования рельсошлифовальными поездами",CT,2024,,,,,,,357 days 20:23:00,515303.0,260.0,386,0.979643765903308,Зима,0.0006334806240957
3,13667827,2024-12-25 08:36:00,Южно-Уральская,"Ю-УР, ШЧ-1 (Э)",,,,"Кнопки, подгар, сваривание контактов",CSH,2024,,,,,,,358 days 13:09:00,516309.0,1006.0,387,0.9821882951653944,Зима,0.0006334806240957
3,13668355,2024-12-25 12:00:00,Южно-Уральская,"Ю-УР, ШЧ-16 (Э)",,,,"Монтаж, ослабление крепления",CSH,2024,,,,,,,358 days 16:33:00,516513.0,204.0,388,0.9847328244274808,Зима,0.0006334806240957
3,13670189,2024-12-26 16:23:00,Южно-Уральская,"Ю-УР, ТЧЭ-5",,,,Прочая неисправность корпуса буксы локомотива,CT,2024,,,,,,,359 days 20:56:00,518216.0,1703.0,389,0.9872773536895676,Зима,0.0006334806240957
3,13672193,2024-12-27 08:00:00,Южно-Уральская,"Ю-УР, ШЧ-5 (Э)",,,,"Блок автоматического регулирования, неисправность диодов",CSH,2024,,,,,,,360 days 12:33:00,519153.0,937.0,390,0.989821882951654,Зима,0.0006334806240957
3,13673418,2024-12-28 00:16:00,Южно-Уральская,"КРАС, ВЧДЭ-7 КРАСНОЯРСК-ВОСТ",,,,Тонкий гребень колеса грузового вагона,CV,2024,,,,,,,361 days 04:49:00,520129.0,976.0,391,0.9923664122137404,Зима,0.0006334806240957
3,13673475,2024-12-28 14:57:00,Южно-Уральская,"КРАС, ВЧДЭ-1 БОГОТОЛ",,,,Неравномерный прокат по кругу катания колеса грузового вагона выше нормы,CV,2024,,,,,,,361 days 19:30:00,521010.0,881.0,392,0.9949109414758268,Зима,0.0006334806240957
3,13672854,2024-12-29 08:30:00,Южно-Уральская,"Ю-УР, ШЧ-8 (Э)",,,,"Срабатывание (перегорание), несоответствие номинала",CSH,2024,,,,,,,362 days 13:03:00,522063.0,1053.0,393,0.9974554707379136,Зима,0.0006334806240957
2,13674106,2024-12-31 05:57:00,Южно-Уральская,"Ю-УР, ШЧ-13 (Р)",,"1шт ч(к учету 0,57ч)","2шт (к учету 1) ч(к учету 0,52)ч","Диод, короткое замыкание диода",CSH,2024,,,1.0,"0,57ч",1.0,"0,52ч",364 days 10:30:00,524790.0,2727.0,394,1.0,Зима,0.0006334806240957
