CATEGORY,№,START_TIME,ROAD,RESPONSIBILITY,FREIGHT,PASSENGER,COMMUTER,REASON,DEPARTMENT,YEAR,FREIGHT_COUNT,FREIGHT_TIMEOUT,PASSENGER_COUNT,PASSENGER_TIMEOUT,COMMUTER_COUNT,COMMUTER_TIMEOUT,DELTA_TIME,DELTA_MINUTES,TIME_DIFF,EVENT_NUMBER,INDEX
2,13162340,2024-01-03 17:40:00,Приволжская,"ПРИВ, ШЧ-7 (Э)","1шт ч(к учету 0,98ч)","1шт ч(к учету 0,15ч)","1шт ч(к учету 0,37)ч","Муфты подземные, неисправность корпуса",CSH,2024,0.0,"0,98ч",0.0,"0,15ч",0.0,,0 days 00:00:00,0.0,0.0,1,0.0
1,13163296,2024-01-04 09:17:00,Приволжская,"ПРИВ, ШЧ-6 (Э)","1шт ч(к учету 1,67ч)","1шт ч(к учету 0,48ч)",,"Внутренний монтаж, короткое замыкание",CSH,2024,1.0,"1,67ч",0.0,"0,48ч",,,0 days 15:37:00,937.0,937.0,2,0.002145922746781116
3,13164915,2024-01-05 11:40:00,Приволжская,"ПРИВ, ШЧ-6 (Э)",,,,"Системный блок, сбой программного обеспечения",CSH,2024,,,,,,,1 days 18:00:00,2520.0,1583.0,3,0.004291845493562232
3,13166637,2024-01-06 22:19:00,Приволжская,"ПРИВ, ШЧ-14",,,,Нарушение контакта трос/контактный болт,CSH,2024,,,,,,,3 days 04:39:00,4599.0,2079.0,4,0.006437768240343348
2,13167419,2024-01-07 19:29:00,Приволжская,"ПРИВ, ШЧ-1",,"1шт ч(к учету 0,17ч)",,Потеря контакта в манжете,CSH,2024,,,0.0,"0,17ч",,,4 days 01:49:00,5869.0,1270.0,5,0.008583690987124463
3,13169355,2024-01-09 10:58:00,Приволжская,"ПРИВ, ШЧ-2",,,,"Не срабатывание (не перегорание), воздействие тягового тока",CSH,2024,,,,,,,5 days 17:18:00,8238.0,2369.0,6,0.01072961373390558
3,13169875,2024-01-09 14:35:00,Приволжская,"ПРИВ, ШЧ-14",,,,Неисправность приёмной капсулы,CSH,2024,,,,,,,5 days 20:55:00,8455.0,217.0,7,0.012875536480686695
3,13169907,2024-01-09 14:45:00,Приволжская,"ПРИВ, ШЧ-7 (Э)",,,,"Контакторы, перекос подвижного контакта",CSH,2024,,,,,,,5 days 21:05:00,8465.0,10.0,8,0.015021459227467811
3,13173428,2024-01-09 19:18:00,Приволжская,"ПРИВ, ИЧ ПАЛЛАСОВКА Ш",,,,"Лампы, перегорание основной нити",CSH,2024,,,,,,,6 days 01:38:00,8738.0,273.0,9,0.017167381974248927
3,13170275,2024-01-09 22:19:00,Приволжская,"ПРИВ, ШЧ-8",,,,"Дроссели (реакторы), обрыв",CSH,2024,,,,,,,6 days 04:39:00,8919.0,181.0,10,0.019313304721030045
3,13172906,2024-01-10 22:17:00,Приволжская,"ПРИВ, ШЧ-14",,,,Нарушение регулировки,CSH,2024,,,,,,,7 days 04:37:00,10357.0,1438.0,11,0.02145922746781116
3,13177564,2024-01-11 10:09:00,Приволжская,"ПРИВ, ШЧ-2",,,,"Срабатывание (перегорание), атмосферные перенапряжения",CSH,2024,,,,,,,7 days 16:29:00,11069.0,712.0,12,0.023605150214592276
3,13174323,2024-01-11 12:08:00,Приволжская,"ПРИВ, ШЧ-3 (Э)",,,,Нарушение контакта штепсель/рельс,CSH,2024,,,,,,,7 days 18:28:00,11188.0,119.0,13,0.02575107296137339
3,13175647,2024-01-11 23:32:00,Приволжская,"ПРИВ, ШЧ-3 (Э)",,,,Короткое замыкание пластин,CSH,2024,,,,,,,8 days 05:52:00,11872.0,684.0,14,0.027896995708154508
2,13218895,2024-01-12 18:06:00,Приволжская,"ПРИВ, ШЧ-8",,"1шт ч(к учету 0,1ч)",,Неисправность,CSH,2024,,,0.0,"0,1ч",,,9 days 00:26:00,12986.0,1114.0,15,0.030042918454935622
2,13178403,2024-01-13 10:10:00,Приволжская,"ПРИВ, ШЧ-2","3шт (к учету 2) ч(к учету 1,65ч)",,,"Не срабатывание (не перегорание), несоответствие номинала",CSH,2024,2.0,"1,65ч",,,,,9 days 16:30:00,13950.0,964.0,16,0.032188841201716736
3,13178404,2024-01-13 10:37:00,Приволжская,"ПРИВ, ШЧ-2",,,,"Не срабатывание (не перегорание), воздействие тягового тока",CSH,2024,,,,,,,9 days 16:57:00,13977.0,27.0,17,0.034334763948497854
2,13179306,2024-01-14 11:30:00,Приволжская,"ПРИВ, ШЧ-14","2шт ч(к учету 0,47ч)",,,Потеря контакта в манжете,CSH,2024,0.0,"0,47ч",,,,,10 days 17:50:00,15470.0,1493.0,18,0.03648068669527897
2,13179355,2024-01-14 12:12:00,Приволжская,"ПРИВ, ШЧ-8",,"1шт ч(к учету 0,12ч)",,"Не срабатывание (не перегорание), коммутационные перенапряжения",CSH,2024,,,0.0,"0,12ч",,,10 days 18:32:00,15512.0,42.0,19,0.03862660944206009
2,13181140,2024-01-15 14:39:00,Приволжская,"ПРИВ, ШЧ-2",,"1шт ч(к учету 0,18ч)",,Потеря контакта в манжете,CSH,2024,,,0.0,"0,18ч",,,11 days 20:59:00,17099.0,1587.0,20,0.0407725321888412
2,13182871,2024-01-16 17:55:00,Приволжская,"ПРИВ, ШЧ-7 (Э)",,,"1шт ч(к учету 0,1)ч",Деформация,CSH,2024,,,,,0.0,,13 days 00:15:00,18735.0,1636.0,21,0.04291845493562232
3,13187820,2024-01-20 19:23:00,Приволжская,"ПРИВ, ШЧ-6 (Э)",,,,"Не срабатывание (не перегорание), несоответствие номинала",CSH,2024,,,,,,,17 days 01:43:00,24583.0,5848.0,22,0.045064377682403435
2,13188745,2024-01-21 19:33:00,Приволжская,"ПРИВ, ШЧ-6 (Э)","4шт ч(к учету 1,97ч)",,,Нарушение контакта штепсель/рельс,CSH,2024,1.0,"1,97ч",,,,,18 days 01:53:00,26033.0,1450.0,23,0.04721030042918455
3,13194418,2024-01-22 00:09:00,Приволжская,"ПРИВ, ШЧ-14",,,,"Конденсатор, снижение емкости конденсатора",CSH,2024,,,,,,,18 days 06:29:00,26309.0,276.0,24,0.04935622317596566
3,13194348,2024-01-22 02:27:00,Приволжская,"ПРИВ, ШЧ-14",,,,"Обмотка, обрыв обмотки",CSH,2024,,,,,,,18 days 08:47:00,26447.0,138.0,25,0.05150214592274678
3,13189528,2024-01-22 10:35:00,Приволжская,"ПРИВ, ШЧ-8",,,,"Срабатывание, воздействие тягового тока",CSH,2024,,,,,,,18 days 16:55:00,26935.0,488.0,26,0.0536480686695279
2,13190249,2024-01-23 02:28:00,Приволжская,"ПРИВ, ШЧ-10","1шт ч(к учету 0,5ч)",,,"Контактная система, подгар контактов",CSH,2024,0.0,"0,5ч",,,,,19 days 08:48:00,27888.0,953.0,27,0.055793991416309016
3,13191548,2024-01-23 15:09:00,Приволжская,"ПРИВ, ШЧ-1",,,,Излом планки,CSH,2024,,,,,,,19 days 21:29:00,28649.0,761.0,28,0.05793991416309013
3,13191871,2024-01-24 00:55:00,Приволжская,"ПРИВ, ШЧ-8",,,,Асимметрия тягового тока,CSH,2024,,,,,,,20 days 07:15:00,29235.0,586.0,29,0.060085836909871244
3,13192872,2024-01-24 14:23:00,Приволжская,"ПРИВ, ШЧ-6 (Э)",,,,Неисправность монтажа,CSH,2024,,,,,,,20 days 20:43:00,30043.0,808.0,30,0.06223175965665236
3,13202010,2024-01-28 20:05:00,Приволжская,"ПРИВ, ШЧ-7 (Э)",,,,"Срабатывание (перегорание), атмосферные перенапряжения",CSH,2024,,,,,,,25 days 02:25:00,36145.0,6102.0,31,0.06437768240343347
2,13197393,2024-01-29 04:17:00,Приволжская,"ПРИВ, ШЧ-3 (Э)",,"1шт ч(к учету 0,57ч)","1шт ч(к учету 0,58)ч","Контактная система, увеличенное сопротивление контакта",CSH,2024,,,0.0,"0,57ч",0.0,,25 days 10:37:00,36637.0,492.0,32,0.06652360515021459
2,13197433,2024-01-29 05:20:00,Приволжская,"ПРИВ, ШЧ-13 (Р)",,,"2шт ч(к учету 0,78)ч","Срабатывание (перегорание), воздействие тягового тока",CSH,2024,,,,,0.0,,25 days 11:40:00,36700.0,63.0,33,0.06866952789699571
3,13201631,2024-01-29 11:27:00,Приволжская,"ПРИВ, ШЧ-7 (Э)",,,,"Срабатывание (перегорание), несоответствие номинала",CSH,2024,,,,,,,25 days 17:47:00,37067.0,367.0,34,0.07081545064377683
3,13201591,2024-01-30 07:50:00,Приволжская,"ПРИВ, ШЧ-7 (Э)",,,,Отсутствие,CSH,2024,,,,,,,26 days 14:10:00,38290.0,1223.0,35,0.07296137339055794
3,13201179,2024-01-31 18:16:00,Приволжская,"ПРИВ, ШЧ-8",,,,"Светодиоды, неисправность",CSH,2024,,,,,,,28 days 00:36:00,40356.0,2066.0,36,0.07510729613733906
2,13202592,2024-02-02 06:01:00,Приволжская,"ПРИВ, ШЧ-14","3шт ч(к учету 1,08ч)",,,"Нарушение контакта в штепсельных розетках, замятие контакта",CSH,2024,1.0,"1,08ч",,,,,29 days 12:21:00,42501.0,2145.0,37,0.07725321888412018
3,13203625,2024-02-02 16:30:00,Приволжская,"ПРИВ, ШЧ-7 (Э)",,,,"Лампы, перегорание основной нити",CSH,2024,,,,,,,29 days 22:50:00,43130.0,629.0,38,0.07939914163090128
3,13204355,2024-02-03 12:31:00,Приволжская,"ПРИВ, ШЧ-6 (Э)",,,,"Монтаж, излом монтажного провода или жилы кабеля",CSH,2024,,,,,,,30 days 18:51:00,44331.0,1201.0,39,0.0815450643776824
2,13209443,2024-02-06 22:39:00,Приволжская,"ПРИВ, ШЧ-2","3шт ч(к учету 1,93ч)",,,"Срабатывание, воздействие тягового тока",CSH,2024,1.0,"1,93ч",,,,,34 days 04:59:00,49259.0,4928.0,40,0.08369098712446352
2,13214684,2024-02-07 18:57:00,Приволжская,"ПРИВ, ШЧ-1","1шт ч(к учету 0,55ч)",,,"Резистор, обрыв",CSH,2024,0.0,"0,55ч",,,,,35 days 01:17:00,50477.0,1218.0,41,0.08583690987124463
3,13215596,2024-02-08 22:01:00,Приволжская,"ПРИВ, ШЧ-2",,,,"Срабатывание (перегорание), воздействие тягового тока",CSH,2024,,,,,,,36 days 04:21:00,52101.0,1624.0,42,0.08798283261802575
3,13219140,2024-02-12 21:01:00,Приволжская,"ПРИВ, ШЧ-3 (Э)",,,,"Жилы, обрыв",CSH,2024,,,,,,,40 days 03:21:00,57801.0,5700.0,43,0.09012875536480687
2,13219154,2024-02-12 22:32:00,Приволжская,"ПРИВ, ШЧ-10",,"1шт ч(к учету 0,2ч)",,"Контактная система, потеря контакта",CSH,2024,,,0.0,"0,2ч",,,40 days 04:52:00,57892.0,91.0,44,0.09227467811158799
2,13220438,2024-02-13 13:21:00,Приволжская,"ПРИВ, ШЧ-14",,"1шт ч(к учету 0,33ч)",,"Контактная система, увеличенное сопротивление",CSH,2024,,,0.0,"0,33ч",,,40 days 19:41:00,58781.0,889.0,45,0.0944206008583691
3,13223168,2024-02-15 02:26:00,Приволжская,"ПРИВ, ШЧ-6 (Э)",,,,"Срабатывание (перегорание), воздействие тягового тока",CSH,2024,,,,,,,42 days 08:46:00,61006.0,2225.0,46,0.09656652360515021
3,13226110,2024-02-17 04:48:00,Приволжская,"ПРИВ, ШЧ-14",,,,"Срабатывание (перегорание), воздействие тягового тока",CSH,2024,,,,,,,44 days 11:08:00,64028.0,3022.0,47,0.09871244635193133
3,13229024,2024-02-18 02:40:00,Приволжская,"ПРИВ, ШЧ-13 (Р)",,,,"Лампы, перегорание основной нити",CSH,2024,,,,,,,45 days 09:00:00,65340.0,1312.0,48,0.10085836909871244
2,13227695,2024-02-18 22:39:00,Приволжская,"ПРИВ, ШЧ-2",,"3шт (к учету 2) ч(к учету 1,02ч)",,"Не срабатывание (не перегорание), воздействие тягового тока",CSH,2024,,,2.0,"1,02ч",,,46 days 04:59:00,66539.0,1199.0,49,0.10300429184549356
3,13229426,2024-02-19 00:45:00,Приволжская,"ПРИВ, ШЧ-1",,,,"Внутренний монтаж, обрыв",CSH,2024,,,,,,,46 days 07:05:00,66665.0,126.0,50,0.10515021459227468
3,13230249,2024-02-20 18:55:00,Приволжская,"ПРИВ, ШЧ-3 (Э)",,,,"Жилы, сообщение",CSH,2024,,,,,,,48 days 01:15:00,69195.0,2530.0,51,0.1072961373390558
3,13231464,2024-02-21 12:43:00,Приволжская,"ПРИВ, ШЧ-14",,,,"Нарушение контакта в разъемах блоков, неисправность контактных губок",CSH,2024,,,,,,,48 days 19:03:00,70263.0,1068.0,52,0.10944206008583691
2,13233225,2024-02-22 18:05:00,Приволжская,"ПРИВ, ШЧ-6 (Э)","4шт (к учету 3) ч(к учету 2,08ч)","2шт (к учету 1) ч(к учету 0,47ч)",,"Срабатывание, коммутационные перенапряжения",CSH,2024,3.0,"2,08ч",1.0,"0,47ч",,,50 days 00:25:00,72025.0,1762.0,53,0.11158798283261803
2,13233410,2024-02-23 01:24:00,Приволжская,"ПРИВ, ШЧ-3 (Э)",,"1шт ч(к учету 0,12ч)",,"Лампы, перегорание основной нити",CSH,2024,,,0.0,"0,12ч",,,50 days 07:44:00,72464.0,439.0,54,0.11373390557939914
3,13235321,2024-02-25 12:30:00,Приволжская,"ПРИВ, ШЧ-2",,,,"Срабатывание, воздействие тягового тока",CSH,2024,,,,,,,52 days 18:50:00,76010.0,3546.0,55,0.11587982832618025
3,13235570,2024-02-25 20:20:00,Приволжская,"ПРИВ, ШЧ-7 (Э)",,,,Неисправность,CSH,2024,,,,,,,53 days 02:40:00,76480.0,470.0,56,0.11802575107296137
2,13235619,2024-02-25 22:30:00,Приволжская,"ПРИВ, ШЧ-6 (Э)","2шт ч(к учету 1,32ч)","1шт ч(к учету 0,5ч)",,"Срабатывание, коммутационные перенапряжения",CSH,2024,1.0,"1,32ч",0.0,"0,5ч",,,53 days 04:50:00,76610.0,130.0,57,0.12017167381974249
2,13236518,2024-02-26 11:40:00,Приволжская,"ПРИВ, ШЧ-7 (Э)",,"1шт ч(к учету 0,75ч)",,"Срабатывание (перегорание), атмосферные перенапряжения",CSH,2024,,,0.0,"0,75ч",,,53 days 18:00:00,77400.0,790.0,58,0.1223175965665236
3,13241592,2024-02-26 18:40:00,Приволжская,"ПРИВ, ШЧ-7 (Э)",,,,Неисправность монтажа,CSH,2024,,,,,,,54 days 01:00:00,77820.0,420.0,59,0.12446351931330472
3,13241598,2024-02-26 19:48:00,Приволжская,"ПРИВ, ШЧ-7 (Э)",,,,Неисправность монтажа,CSH,2024,,,,,,,54 days 02:08:00,77888.0,68.0,60,0.12660944206008584
2,13237017,2024-02-27 02:33:00,Приволжская,"ПРИВ, ШЧ-8","2шт ч(к учету 0,65ч)",,,Асимметрия тягового тока,CSH,2024,0.0,"0,65ч",,,,,54 days 08:53:00,78293.0,405.0,61,0.12875536480686695
3,13238239,2024-02-27 20:20:00,Приволжская,"ПРИВ, ШЧ-6 (Э)",,,,"Лампы, перегорание основной нити",CSH,2024,,,,,,,55 days 02:40:00,79360.0,1067.0,62,0.13090128755364808
2,13238242,2024-02-27 22:24:00,Приволжская,"ПРИВ, ШЧ-6 (Э)","3шт ч(к учету 1,62ч)",,,"Нарушение контакта в штепсельных розетках, сообщение",CSH,2024,1.0,"1,62ч",,,,,55 days 04:44:00,79484.0,124.0,63,0.13304721030042918
3,13238352,2024-02-28 02:10:00,Приволжская,"ПРИВ, ШЧ-8",,,,"Срабатывание, воздействие тягового тока",CSH,2024,,,,,,,55 days 08:30:00,79710.0,226.0,64,0.1351931330472103
3,13243443,2024-02-28 10:56:00,Приволжская,"ПРИВ, ШЧ-6 (Э)",,,,"Срабатывание (перегорание), коммутационные перенапряжения",CSH,2024,,,,,,,55 days 17:16:00,80236.0,526.0,65,0.13733905579399142
3,13241875,2024-02-29 15:28:00,Приволжская,"ПРИВ, ИЧ ПАЛЛАСОВКА Ш",,,,"Монтаж, нарушение состояния паек",CSH,2024,,,,,,,56 days 21:48:00,81948.0,1712.0,66,0.13948497854077252
3,13241926,2024-03-01 13:01:00,Приволжская,"ПРИВ, ШЧ-3 (Э)",,,,"Срабатывание (перегорание), несоответствие номинала",CSH,2024,,,,,,,57 days 19:21:00,83241.0,1293.0,67,0.14163090128755365
3,13245719,2024-03-04 21:35:00,Приволжская,"ПРИВ, ШЧ-10",,,,"Контактная система, увеличенное сопротивление",CSH,2024,,,,,,,61 days 03:55:00,88075.0,4834.0,68,0.14377682403433475
3,13245749,2024-03-04 22:37:00,Приволжская,"ПРИВ, ШЧ-6 (Э)",,,,"Срабатывание, коммутационные перенапряжения",CSH,2024,,,,,,,61 days 04:57:00,88137.0,62.0,69,0.1459227467811159
3,13247763,2024-03-05 16:49:00,Приволжская,"ПРИВ, ШЧ-6 (Э)",,,,Нарушение контакта,CSH,2024,,,,,,,61 days 23:09:00,89229.0,1092.0,70,0.148068669527897
3,13252198,2024-03-07 14:25:00,Приволжская,"ПРИВ, ШЧ-6 (Э)",,,,Неисправность устройства охлаждения,CSH,2024,,,,,,,63 days 20:45:00,91965.0,2736.0,71,0.15021459227467812
3,13252615,2024-03-07 22:22:00,Приволжская,"ПРИВ, ШЧ-6 (Э)",,,,"Жилы, внутренний обрыв",CSH,2024,,,,,,,64 days 04:42:00,92442.0,477.0,72,0.15236051502145923
3,13252756,2024-03-08 04:43:00,Приволжская,"ПРИВ, ШЧ-6 (Э)",,,,"Жилы, обрыв",CSH,2024,,,,,,,64 days 11:03:00,92823.0,381.0,73,0.15450643776824036
3,13256690,2024-03-08 08:00:00,Приволжская,"ПРИВ, ШЧ-6 (Э)",,,,Потеря контакта в манжете,CSH,2024,,,,,,,64 days 14:20:00,93020.0,197.0,74,0.15665236051502146
3,13252887,2024-03-08 08:13:00,Приволжская,"ПРИВ, ШЧ-6 (Э)",,,,Нарушение контакта трос/штепсель,CSH,2024,,,,,,,64 days 14:33:00,93033.0,13.0,75,0.15879828326180256
3,13253077,2024-03-08 14:10:00,Приволжская,"ПРИВ, ИЧ ПАЛЛАСОВКА Ш",,,,Некачественная пайка,CSH,2024,,,,,,,64 days 20:30:00,93390.0,357.0,76,0.1609442060085837
3,13257260,2024-03-09 18:00:00,Приволжская,"ПРИВ, ШЧ-6 (Э)",,,,"Светодиоды, неисправность",CSH,2024,,,,,,,66 days 00:20:00,95060.0,1670.0,77,0.1630901287553648
2,13256316,2024-03-11 17:33:00,Приволжская,"ПРИВ, ШЧ-6 (Э)","5шт (к учету 3) ч(к учету 1,77ч)",,,Нарушение изоляции монтажных проводов,CSH,2024,3.0,"1,77ч",,,,,67 days 23:53:00,97913.0,2853.0,78,0.16523605150214593
3,13258061,2024-03-12 15:17:00,Приволжская,"ПРИВ, ШЧ-1",,,,Излом наконечника,CSH,2024,,,,,,,68 days 21:37:00,99217.0,1304.0,79,0.16738197424892703
3,13260919,2024-03-12 19:20:00,Приволжская,"ПРИВ, ШЧ-3 (Э)",,,,"Не срабатывание (не перегорание), несоответствие номинала",CSH,2024,,,,,,,69 days 01:40:00,99460.0,243.0,80,0.16952789699570817
2,13259462,2024-03-13 11:33:00,Приволжская,"ПРИВ, ШЧ-7 (Э)","1шт ч(к учету 0,65ч)",,,"Срабатывание, несоответствие номинала",CSH,2024,0.0,"0,65ч",,,,,69 days 17:53:00,100433.0,973.0,81,0.17167381974248927
2,13260418,2024-03-14 01:00:00,Приволжская,"ПРИВ, ШЧ-1","1шт ч(к учету 0,55ч)",,,Понижение сопротивления,CSH,2024,0.0,"0,55ч",,,,,70 days 07:20:00,101240.0,807.0,82,0.17381974248927037
3,13260424,2024-03-14 01:00:00,Приволжская,"ПРИВ, ШЧ-6 (Э)",,,,"Срабатывание, коммутационные перенапряжения",CSH,2024,,,,,,,70 days 07:20:00,101240.0,0.0,83,0.1759656652360515
2,13260434,2024-03-14 02:05:00,Приволжская,"ПРИВ, ШЧ-13 (Р)",,"1шт ч(к учету 0,63ч)",,"Жилы, обрыв",CSH,2024,,,0.0,"0,63ч",,,70 days 08:25:00,101305.0,65.0,84,0.1781115879828326
3,13261895,2024-03-14 18:55:00,Приволжская,"ПРИВ, ШЧ-13 (Р)",,,,"Провода, обрыв",CSH,2024,,,,,,,71 days 01:15:00,102315.0,1010.0,85,0.18025751072961374
3,13262784,2024-03-15 11:42:00,Приволжская,"ПРИВ, ШЧ-7 (Э)",,,,Нарушение изоляции монтажных проводов,CSH,2024,,,,,,,71 days 18:02:00,103322.0,1007.0,86,0.18240343347639484
3,13263228,2024-03-15 15:14:00,Приволжская,"ПРИВ, ШЧ-6 (Э)",,,,"Не срабатывание (не перегорание), коммутационные перенапряжения",CSH,2024,,,,,,,71 days 21:34:00,103534.0,212.0,87,0.18454935622317598
3,13263473,2024-03-15 20:16:00,Приволжская,"ПРИВ, ШЧ-8",,,,"Ключ-жезл в т.ч. с электрозащелкой, износ механических частей ключа-жезла",CSH,2024,,,,,,,72 days 02:36:00,103836.0,302.0,88,0.18669527896995708
3,13265716,2024-03-16 03:10:00,Приволжская,"ПРИВ, ШЧ-8",,,,"Лампы, перегорание основной нити",CSH,2024,,,,,,,72 days 09:30:00,104250.0,414.0,89,0.1888412017167382
2,13291959,2024-03-17 02:20:00,Приволжская,"ПРИВ, ШЧ-10","2шт ч(к учету 0,63ч)",,"1шт ч(к учету 0,1)ч","Контактная система, подгар контактов",CSH,2024,0.0,"0,63ч",,,0.0,,73 days 08:40:00,105640.0,1390.0,90,0.19098712446351931
3,13266071,2024-03-17 08:00:00,Приволжская,"ПРИВ, ШЧ-6 (Э)",,,,"Обмотка, короткое замыкание обмотки",CSH,2024,,,,,,,73 days 14:20:00,105980.0,340.0,91,0.19313304721030042
2,13264668,2024-03-17 14:13:00,Приволжская,"ПРИВ, ШЧ-2",,"1шт ч(к учету 0,47ч)",,"Фрикционное сцепление, разрегулировка",CSH,2024,,,0.0,"0,47ч",,,73 days 20:33:00,106353.0,373.0,92,0.19527896995708155
3,13264972,2024-03-17 19:26:00,Приволжская,"ПРИВ, ШЧ-2",,,,"Лампы, перегорание основной нити",CSH,2024,,,,,,,74 days 01:46:00,106666.0,313.0,93,0.19742489270386265
3,13268574,2024-03-19 12:00:00,Приволжская,"ПРИВ, ШЧ-6 (Э)",,,,"Лампы, перегорание",CSH,2024,,,,,,,75 days 18:20:00,109100.0,2434.0,94,0.19957081545064378
3,13269670,2024-03-20 04:59:00,Приволжская,"ПРИВ, ШЧ-8",,,,Обрыв монтажного провода,CSH,2024,,,,,,,76 days 11:19:00,110119.0,1019.0,95,0.2017167381974249
3,13269307,2024-03-20 19:01:00,Приволжская,"ПРИВ, ШЧ-6 (Э)",,,,Зависание ПО,CSH,2024,,,,,,,77 days 01:21:00,110961.0,842.0,96,0.20386266094420602
3,13272258,2024-03-23 15:30:00,Приволжская,"ПРИВ, ШЧ-7 (Э)",,,,Неисправность,CSH,2024,,,,,,,79 days 21:50:00,115070.0,4109.0,97,0.20600858369098712
3,13272738,2024-03-24 09:19:00,Приволжская,"ПРИВ, ШЧ-6 (Э)",,,,"Срабатывание, коммутационные перенапряжения",CSH,2024,,,,,,,80 days 15:39:00,116139.0,1069.0,98,0.20815450643776823
3,13276429,2024-03-24 09:40:00,Приволжская,"ПРИВ, ШЧ-3 (Э)",,,,"Не срабатывание (не перегорание), несоответствие номинала",CSH,2024,,,,,,,80 days 16:00:00,116160.0,21.0,99,0.21030042918454936
3,13273987,2024-03-25 11:35:00,Приволжская,"ПРИВ, ШЧ-6 (Э)",,,,"Выводные клеммы, повреждение пайки выводов",CSH,2024,,,,,,,81 days 17:55:00,117715.0,1555.0,100,0.21244635193133046
3,13273898,2024-03-25 11:55:00,Приволжская,"ПРИВ, ШЧ-6 (Э)",,,,"Системный блок, сбой программного обеспечения",CSH,2024,,,,,,,81 days 18:15:00,117735.0,20.0,101,0.2145922746781116
3,13276822,2024-03-26 02:25:00,Приволжская,"ПРИВ, ШЧ-6 (Э)",,,,"Срабатывание, коммутационные перенапряжения",CSH,2024,,,,,,,82 days 08:45:00,118605.0,870.0,102,0.2167381974248927
3,13275282,2024-03-26 11:23:00,Приволжская,"ПРИВ, ШЧ-3 (Э)",,,,"Не срабатывание (не перегорание), несоответствие номинала",CSH,2024,,,,,,,82 days 17:43:00,119143.0,538.0,103,0.21888412017167383
3,13279293,2024-03-27 03:20:00,Приволжская,"ПРИВ, ШЧ-7 (Э)",,,,"Срабатывание (перегорание), несоответствие номинала",CSH,2024,,,,,,,83 days 09:40:00,120100.0,957.0,104,0.22103004291845493
2,13276275,2024-03-27 04:37:00,Приволжская,"ПРИВ, ШЧ-3 (Э)",,"1шт ч(к учету 0,93ч)",,"Жилы, сообщение",CSH,2024,,,0.0,"0,93ч",,,83 days 10:57:00,120177.0,77.0,105,0.22317596566523606
2,13279343,2024-03-29 08:27:00,Приволжская,"ПРИВ, ШЧ-14",,,"1шт ч(к учету 0,18)ч",Потеря контакта в манжете,CSH,2024,,,,,0.0,,85 days 14:47:00,123287.0,3110.0,106,0.22532188841201717
3,13279510,2024-03-29 10:05:00,Приволжская,"ПРИВ, ШЧ-14",,,,"Жилы, внутренний обрыв",CSH,2024,,,,,,,85 days 16:25:00,123385.0,98.0,107,0.22746781115879827
1,13279725,2024-03-29 13:28:00,Приволжская,"ПРИВ, ШЧ-7 (Э)","7шт (к учету 6) ч(к учету 4,23ч)",,,"Срабатывание, несоответствие номинала",CSH,2024,6.0,"4,23ч",,,,,85 days 19:48:00,123588.0,203.0,108,0.2296137339055794
2,13280114,2024-03-29 21:06:00,Приволжская,"ПРИВ, ШЧ-2",,"1шт ч(к учету 0,32ч)",,"Нарушение контакта в штепсельных розетках, замятие контакта",CSH,2024,,,0.0,"0,32ч",,,86 days 03:26:00,124046.0,458.0,109,0.2317596566523605
2,13280597,2024-03-30 10:18:00,Приволжская,"ПРИВ, ШЧ-1","1шт ч(к учету 0,48ч)",,,"Контактная система, потеря контакта",CSH,2024,0.0,"0,48ч",,,,,86 days 16:38:00,124838.0,792.0,110,0.23390557939914164
2,13281380,2024-03-31 10:36:00,Приволжская,"ПРИВ, ШЧ-14",,"1шт ч(к учету 0,27ч)",,"Сигнальная обмотка, обрыв",CSH,2024,,,0.0,"0,27ч",,,87 days 16:56:00,126296.0,1458.0,111,0.23605150214592274
3,13281503,2024-03-31 13:26:00,Приволжская,"ПРИВ, ШЧ-3 (Э)",,,,"Диод, пробой",CSH,2024,,,,,,,87 days 19:46:00,126466.0,170.0,112,0.23819742489270387
3,13290680,2024-03-31 17:20:00,Приволжская,"ПРИВ, ШЧ-7 (Э)",,,,"Срабатывание (перегорание), несоответствие номинала",CSH,2024,,,,,,,87 days 23:40:00,126700.0,234.0,113,0.24034334763948498
3,13283185,2024-04-01 16:10:00,Приволжская,"ПРИВ, ШЧ-3 (Э)",,,,"Срабатывание, несоответствие номинала",CSH,2024,,,,,,,88 days 22:30:00,128070.0,1370.0,114,0.24248927038626608
3,13283311,2024-04-01 17:50:00,Приволжская,"ПРИВ, ШЧ-3 (Э)",,,,"Пакетные переключатели, наличие переходного сопротивления",CSH,2024,,,,,,,89 days 00:10:00,128170.0,100.0,115,0.2446351931330472
2,13283333,2024-04-01 18:15:00,Приволжская,"ПРИВ, ШЧ-7 (Э)","1шт ч(к учету 0,32ч)","1шт ч(к учету 0,25ч)",,"Кнопки, подгар, сваривание контактов",CSH,2024,0.0,"0,32ч",0.0,"0,25ч",,,89 days 00:35:00,128195.0,25.0,116,0.24678111587982832
3,13286672,2024-04-02 03:54:00,Приволжская,"ПРИВ, ШЧ-8",,,,"Срабатывание (перегорание), воздействие тягового тока",CSH,2024,,,,,,,89 days 10:14:00,128774.0,579.0,117,0.24892703862660945
3,13286703,2024-04-02 08:05:00,Приволжская,"ПРИВ, ШЧ-8",,,,Неисправность аппаратной части объектного контроллера,CSH,2024,,,,,,,89 days 14:25:00,129025.0,251.0,118,0.2510729613733906
3,13294305,2024-04-02 17:55:00,Приволжская,"ПРИВ, ШЧ-6 (Э)",,,,"Срабатывание (перегорание), коммутационные перенапряжения",CSH,2024,,,,,,,90 days 00:15:00,129615.0,590.0,119,0.2532188841201717
3,13285620,2024-04-02 19:06:00,Приволжская,"ПРИВ, ШЧ-8",,,,Неисправность,CSH,2024,,,,,,,90 days 01:26:00,129686.0,71.0,120,0.2553648068669528
3,13285857,2024-04-03 01:00:00,Приволжская,"ПРИВ, ШЧ-8",,,,Неисправность,CSH,2024,,,,,,,90 days 07:20:00,130040.0,354.0,121,0.2575107296137339
3,13291737,2024-04-04 03:33:00,Приволжская,"ПРИВ, ШЧ-2",,,,"Нарушение контакта в клеммных колодках (резьб), плохой контакт",CSH,2024,,,,,,,91 days 09:53:00,131633.0,1593.0,122,0.259656652360515
3,13294290,2024-04-05 06:40:00,Приволжская,"ПРИВ, ШЧ-6 (Э)",,,,"Жилы, внутренний обрыв",CSH,2024,,,,,,,92 days 13:00:00,133260.0,1627.0,123,0.26180257510729615
3,13292233,2024-04-05 10:21:00,Приволжская,"ПРИВ, ШЧ-6 (Э)",,,,Отсутствие,CSH,2024,,,,,,,92 days 16:41:00,133481.0,221.0,124,0.26394849785407726
3,13293173,2024-04-05 16:57:00,Приволжская,"ПРИВ, ШЧ-6 (Э)",,,,"Срабатывание (перегорание), воздействие тягового тока",CSH,2024,,,,,,,92 days 23:17:00,133877.0,396.0,125,0.26609442060085836
3,13295075,2024-04-05 22:02:00,Приволжская,"ПРИВ, ШЧ-14",,,,"Лампы, перегорание основной нити",CSH,2024,,,,,,,93 days 04:22:00,134182.0,305.0,126,0.26824034334763946
2,13293577,2024-04-06 00:15:00,Приволжская,"ПРИВ, ШЧ-10","1шт ч(к учету 0,6ч)",,,"Обмотка, обрыв",CSH,2024,0.0,"0,6ч",,,,,93 days 06:35:00,134315.0,133.0,127,0.2703862660944206
2,13297445,2024-04-08 15:23:00,Приволжская,"ПРИВ, ШЧ-3 (Э)","1шт ч(к учету 0,4ч)",,,"Кнопки, механическое заедание кнопки",CSH,2024,0.0,"0,4ч",,,,,95 days 21:43:00,138103.0,3788.0,128,0.27253218884120173
3,13297579,2024-04-08 16:56:00,Приволжская,"ПРИВ, ШЧ-14",,,,Обрыв монтажного провода,CSH,2024,,,,,,,95 days 23:16:00,138196.0,93.0,129,0.27467811158798283
3,13305286,2024-04-08 17:53:00,Приволжская,"ПРИВ, ШЧ-8",,,,Асимметрия тягового тока,CSH,2024,,,,,,,96 days 00:13:00,138253.0,57.0,130,0.27682403433476394
3,13322214,2024-04-08 20:35:00,Приволжская,"ПРИВ, ШЧ-3 (Э)","1шт ч(к учету 0,22ч)",,,"Обрыв, коррозия металла",CSH,2024,0.0,"0,22ч",,,,,96 days 02:55:00,138415.0,162.0,131,0.27896995708154504
3,13298648,2024-04-09 09:49:00,Приволжская,"ПРИВ, ШЧ-7 (Э)",,,,Неисправность болометра,CSH,2024,,,,,,,96 days 16:09:00,139209.0,794.0,132,0.2811158798283262
3,13302398,2024-04-10 14:30:00,Приволжская,"ПРИВ, ШЧ-6 (Э)",,,,Нарушение контакта наконечник/вывод ДТ,CSH,2024,,,,,,,97 days 20:50:00,140930.0,1721.0,133,0.2832618025751073
3,13306400,2024-04-10 22:44:00,Приволжская,"ПРИВ, ШЧ-14",,,,Некачественная пайка,CSH,2024,,,,,,,98 days 05:04:00,141424.0,494.0,134,0.2854077253218884
3,13303216,2024-04-11 00:20:00,Приволжская,"ПРИВ, ШЧ-6 (Э)",,,,"Жилы, обрыв",CSH,2024,,,,,,,98 days 06:40:00,141520.0,96.0,135,0.2875536480686695
2,13303276,2024-04-11 01:57:00,Приволжская,"ПРИВ, ШЧ-6 (Э)",2шт ч(к учету 1ч),,,"Срабатывание (перегорание), воздействие тягового тока",CSH,2024,1.0,,,,,,98 days 08:17:00,141617.0,97.0,136,0.28969957081545067
3,13307480,2024-04-11 09:56:00,Приволжская,"ПРИВ, ШЧ-6 (Э)",,,,"Срабатывание, коммутационные перенапряжения",CSH,2024,,,,,,,98 days 16:16:00,142096.0,479.0,137,0.2918454935622318
3,13305137,2024-04-11 15:35:00,Приволжская,"ПРИВ, ШЧ-8",,,,"Контактная система, увеличенное сопротивление контакта",CSH,2024,,,,,,,98 days 21:55:00,142435.0,339.0,138,0.2939914163090129
3,13310516,2024-04-12 08:00:00,Приволжская,"ПРИВ, ШЧ-7 (Э)",,,,"Срабатывание (перегорание), несоответствие номинала",CSH,2024,,,,,,,99 days 14:20:00,143420.0,985.0,139,0.296137339055794
3,13307116,2024-04-12 14:15:00,Приволжская,"ПРИВ, ШЧ-7 (Э)",,,,Неисправность монтажа,CSH,2024,,,,,,,99 days 20:35:00,143795.0,375.0,140,0.2982832618025751
3,13310443,2024-04-13 03:47:00,Приволжская,"ПРИВ, ШЧ-8",,,,"Нарушение контакта в штепсельных розетках, неисправность контактных губок",CSH,2024,,,,,,,100 days 10:07:00,144607.0,812.0,141,0.30042918454935624
3,13312355,2024-04-13 17:52:00,Приволжская,"ПРИВ, ШЧ-1",,,,"Резистор, обрыв",CSH,2024,,,,,,,101 days 00:12:00,145452.0,845.0,142,0.30257510729613735
3,13309582,2024-04-15 00:36:00,Приволжская,"ПРИВ, ШЧ-6 (Э)",,,,"Выключатели, наличие переходного сопротивления",CSH,2024,,,,,,,102 days 06:56:00,147296.0,1844.0,143,0.30472103004291845
2,13309859,2024-04-15 07:20:00,Приволжская,"ПРИВ, ШЧ-13 (Р)","1шт ч(к учету 0,82ч)",,,"Срабатывание, воздействие тягового тока",CSH,2024,0.0,"0,82ч",,,,,102 days 13:40:00,147700.0,404.0,144,0.30686695278969955
3,13311691,2024-04-16 08:15:00,Приволжская,"ПРИВ, ШЧ-6 (Э)",,,,"Срабатывание (перегорание), коммутационные перенапряжения",CSH,2024,,,,,,,103 days 14:35:00,149195.0,1495.0,145,0.3090128755364807
2,13312640,2024-04-16 16:19:00,Приволжская,"ПРИВ, ШЧ-7 (Э)",,"1шт ч(к учету 0,15ч)",,Неисправность монтажа,CSH,2024,,,0.0,"0,15ч",,,103 days 22:39:00,149679.0,484.0,146,0.3111587982832618
3,13313462,2024-04-17 07:32:00,Приволжская,"ПРИВ, ШЧ-10",,,,"Контактная система, подгар контактов",CSH,2024,,,,,,,104 days 13:52:00,150592.0,913.0,147,0.3133047210300429
3,13314847,2024-04-17 19:58:00,Приволжская,"ПРИВ, ШЧ-8",,,,Нарушение регулировочного режима,CSH,2024,,,,,,,105 days 02:18:00,151338.0,746.0,148,0.315450643776824
3,13317273,2024-04-19 09:00:00,Приволжская,"ПРИВ, ШЧ-6 (Э)",,,,"Срабатывание, воздействие тягового тока",CSH,2024,,,,,,,106 days 15:20:00,153560.0,2222.0,149,0.31759656652360513
3,13317420,2024-04-19 10:14:00,Приволжская,"ПРИВ, ШЧ-6 (Э)",,,,"Срабатывание, атмосферные перенапряжения",CSH,2024,,,,,,,106 days 16:34:00,153634.0,74.0,150,0.3197424892703863
2,13318663,2024-04-20 00:58:00,Приволжская,"ПРИВ, ШЧ-6 (Э)","7шт (к учету 6) ч(к учету 4,15ч)",,,"Автопереключатель, разрегулировка контактов",CSH,2024,6.0,"4,15ч",,,,,107 days 07:18:00,154518.0,884.0,151,0.3218884120171674
3,13319682,2024-04-20 01:05:00,Приволжская,"ПРИВ, ШЧ-3 (Э)",,,,"Срабатывание (перегорание), несоответствие номинала",CSH,2024,,,,,,,107 days 07:25:00,154525.0,7.0,152,0.3240343347639485
1,13320790,2024-04-21 18:39:00,Приволжская,"ПРИВ, ШЧ-8","2шт ч(к учету 1,08ч)","1шт ч(к учету 1,07ч)",,"Жилы, внутренний обрыв",CSH,2024,1.0,"1,08ч",1.0,"1,07ч",,,109 days 00:59:00,157019.0,2494.0,153,0.3261802575107296
3,13323417,2024-04-22 04:55:00,Приволжская,"ПРИВ, ШЧ-8",,,,"Лампы, перегорание основной нити",CSH,2024,,,,,,,109 days 11:15:00,157635.0,616.0,154,0.3283261802575107
2,13322276,2024-04-22 15:10:00,Приволжская,"ПРИВ, ШЧ-2",,"1шт ч(к учету 0,5ч)",,Обрыв монтажного провода,CSH,2024,,,0.0,"0,5ч",,,109 days 21:30:00,158250.0,615.0,155,0.33047210300429186
3,13330304,2024-04-22 16:32:00,Приволжская,"ПРИВ, ШЧ-1",,,,"Лампы, перегорание основной нити",CSH,2024,,,,,,,109 days 22:52:00,158332.0,82.0,156,0.33261802575107297
2,13327718,2024-04-23 19:37:00,Приволжская,"ПРИВ, ШЧ-6 (Э)","6шт ч(к учету 2,15ч)",,,"Контроллер, неисправность",CSH,2024,2.0,"2,15ч",,,,,111 days 01:57:00,159957.0,1625.0,157,0.33476394849785407
2,13326224,2024-04-24 12:14:00,Приволжская,"ПРИВ, ИЧ ПАЛЛАСОВКА Ш",,,"1шт ч(к учету 0,12)ч","Срабатывание (перегорание), коммутационные перенапряжения",CSH,2024,,,,,0.0,,111 days 18:34:00,160954.0,997.0,158,0.3369098712446352
3,13327156,2024-04-24 22:54:00,Приволжская,"ПРИВ, ШЧ-6 (Э)",,,,"Срабатывание, атмосферные перенапряжения",CSH,2024,,,,,,,112 days 05:14:00,161594.0,640.0,159,0.33905579399141633
3,13329325,2024-04-26 03:31:00,Приволжская,"ПРИВ, ШЧ-13 (Р)",,,,"Срабатывание, воздействие тягового тока",CSH,2024,,,,,,,113 days 09:51:00,163311.0,1717.0,160,0.34120171673819744
3,13333820,2024-04-26 14:49:00,Приволжская,"ПРИВ, ШЧ-6 (Э)",,,,"Светодиоды, неисправность",CSH,2024,,,,,,,113 days 21:09:00,163989.0,678.0,161,0.34334763948497854
3,13332098,2024-04-27 13:10:00,Приволжская,"ПРИВ, ШЧ-14",,,,"Внутренний монтаж, короткое замыкание",CSH,2024,,,,,,,114 days 19:30:00,165330.0,1341.0,162,0.34549356223175964
3,13333342,2024-04-28 14:45:00,Приволжская,"ПРИВ, ИЧ ПАЛЛАСОВКА Ш",,,,"Кнопки, механическое заедание кнопки",CSH,2024,,,,,,,115 days 21:05:00,166865.0,1535.0,163,0.34763948497854075
3,13338360,2024-04-29 12:38:00,Приволжская,"ПРИВ, ШЧ-14",,,,Неисправность,CSH,2024,,,,,,,116 days 18:58:00,168178.0,1313.0,164,0.3497854077253219
2,13338184,2024-05-02 16:09:00,Приволжская,"ПРИВ, ШЧ-6 (Э)",,,"1шт ч(к учету 0,2)ч",Отключение внешнего электроснабжения,CSH,2024,,,,,0.0,,119 days 22:29:00,172709.0,4531.0,165,0.351931330472103
3,13338391,2024-05-02 20:44:00,Приволжская,"ПРИВ, ШЧ-6 (Э)",,,,"Нарушение контакта в штепсельных розетках, сообщение",CSH,2024,,,,,,,120 days 03:04:00,172984.0,275.0,166,0.3540772532188841
3,13339551,2024-05-03 11:22:00,Приволжская,"ПРИВ, ШЧ-6 (Э)",,,,"Срабатывание, коммутационные перенапряжения",CSH,2024,,,,,,,120 days 17:42:00,173862.0,878.0,167,0.3562231759656652
2,13343109,2024-05-04 02:49:00,Приволжская,"ПРИВ, ШЧ-1","1шт ч(к учету 0,37ч)","1шт ч(к учету 0,22ч)",,"Реле напряжений, нарушение контакта",CSH,2024,0.0,"0,37ч",0.0,"0,22ч",,,121 days 09:09:00,174789.0,927.0,168,0.3583690987124464
2,13386183,2024-05-06 10:54:00,Приволжская,"ПРИВ, ШЧ-2","1шт ч(к учету 0,17ч)","3шт ч(к учету 0,78ч)",,"Срабатывание, атмосферные перенапряжения",CSH,2024,0.0,"0,17ч",0.0,"0,78ч",,,123 days 17:14:00,178154.0,3365.0,169,0.3605150214592275
3,13347411,2024-05-06 19:23:00,Приволжская,"ПРИВ, ШЧ-8",,,,"Кнопки, люфт штока",CSH,2024,,,,,,,124 days 01:43:00,178663.0,509.0,170,0.3626609442060086
3,13345897,2024-05-07 05:19:00,Приволжская,"ПРИВ, ШЧ-7 (Э)",,,"1шт ч(к учету 0,03)ч","Срабатывание, несоответствие номинала",CSH,2024,,,,,0.0,,124 days 11:39:00,179259.0,596.0,171,0.3648068669527897
2,13346090,2024-05-07 06:31:00,Приволжская,"ПРИВ, ШЧ-3 (Э)","2шт ч(к учету 1,6ч)",,,Излом датчика УКСПС по старой трещине,CSH,2024,1.0,"1,6ч",,,,,124 days 12:51:00,179331.0,72.0,172,0.3669527896995708
2,13346340,2024-05-07 08:55:00,Приволжская,"ПРИВ, ШЧ-10",,"1шт ч(к учету 0,22ч)",,"Контактная система, подгар контактов",CSH,2024,,,0.0,"0,22ч",,,124 days 15:15:00,179475.0,144.0,173,0.36909871244635195
3,13349191,2024-05-08 08:40:00,Приволжская,"ПРИВ, ШЧ-6 (Э)",,,,"Срабатывание (перегорание), воздействие тягового тока",CSH,2024,,,,,,,125 days 15:00:00,180900.0,1425.0,174,0.37124463519313305
3,13352949,2024-05-09 01:11:00,Приволжская,"ПРИВ, ШЧ-6 (Э)",,,,Неисправность монтажа,CSH,2024,,,,,,,126 days 07:31:00,181891.0,991.0,175,0.37339055793991416
3,13352449,2024-05-10 14:16:00,Приволжская,"ПРИВ, ИЧ ПАЛЛАСОВКА Ш",,,,"Не срабатывание (не перегорание), несоответствие номинала",CSH,2024,,,,,,,127 days 20:36:00,184116.0,2225.0,176,0.37553648068669526
3,13352478,2024-05-10 16:50:00,Приволжская,"ПРИВ, ШЧ-6 (Э)",,,,Нарушение контакта трос/штепсель,CSH,2024,,,,,,,127 days 23:10:00,184270.0,154.0,177,0.3776824034334764
3,13356059,2024-05-11 03:17:00,Приволжская,"ПРИВ, ШЧ-3 (Э)",,,,"Нарушение контакта в разъемах блоков, излом розеток",CSH,2024,,,,,,,128 days 09:37:00,184897.0,627.0,178,0.3798283261802575
3,13356761,2024-05-11 10:00:00,Приволжская,"ПРИВ, ШЧ-6 (Э)",,,,Неисправность,CSH,2024,,,,,,,128 days 16:20:00,185300.0,403.0,179,0.38197424892703863
3,13356771,2024-05-11 15:00:00,Приволжская,"ПРИВ, ШЧ-6 (Э)",,,,"Выпрямительные элементы, повреждение пайки выводов",CSH,2024,,,,,,,128 days 21:20:00,185600.0,300.0,180,0.38412017167381973
3,13356802,2024-05-14 01:19:00,Приволжская,"ПРИВ, ШЧ-13 (Р)",,,,"Контактная система, потеря контакта",CSH,2024,,,,,,,131 days 07:39:00,189099.0,3499.0,181,0.38626609442060084
3,13361846,2024-05-14 18:34:00,Приволжская,"ПРИВ, ШЧ-1",,,,"Нарушение контакта в штепсельных розетках, излом розеток",CSH,2024,,,,,,,132 days 00:54:00,190134.0,1035.0,182,0.388412017167382
3,13369000,2024-05-18 03:33:00,Приволжская,"ПРИВ, ШЧ-14",,,,"Светодиоды, неисправность",CSH,2024,,,,,,,135 days 09:53:00,194993.0,4859.0,183,0.3905579399141631
3,13368862,2024-05-19 04:10:00,Приволжская,"ПРИВ, ШЧ-7 (Э)",,,,Неисправность монтажа,CSH,2024,,,,,,,136 days 10:30:00,196470.0,1477.0,184,0.3927038626609442
3,13367067,2024-05-20 10:50:00,Приволжская,"ПРИВ, ШЧ-6 (Э)",,,,"Кнопки, нарушение регулировки контакта при регулировке",CSH,2024,,,,,,,137 days 17:10:00,198310.0,1840.0,185,0.3948497854077253
3,13367585,2024-05-20 17:10:00,Приволжская,"ПРИВ, ШЧ-6 (Э)",,,,"Жилы, обрыв",CSH,2024,,,,,,,137 days 23:30:00,198690.0,380.0,186,0.3969957081545064
3,13368009,2024-05-21 04:04:00,Приволжская,"ПРИВ, ШЧ-7 (Э)",,,,"Срабатывание, несоответствие номинала",CSH,2024,,,,,,,138 days 10:24:00,199344.0,654.0,187,0.39914163090128757
3,13372641,2024-05-21 13:46:00,Приволжская,"ПРИВ, ШЧ-6 (Э)",,,,Наличие переходного сопротивления выключателей,CSH,2024,,,,,,,138 days 20:06:00,199926.0,582.0,188,0.4012875536480687
3,13371734,2024-05-22 18:00:00,Приволжская,"ПРИВ, ШЧ-7 (Э)",,,,"Кнопки, механическое заедание кнопки",CSH,2024,,,,,,,140 days 00:20:00,201620.0,1694.0,189,0.4034334763948498
3,13373678,2024-05-22 21:58:00,Приволжская,"ПРИВ, ШЧ-6 (Э)",,,,"Лампы, перегорание основной нити",CSH,2024,,,,,,,140 days 04:18:00,201858.0,238.0,190,0.4055793991416309
3,13372785,2024-05-23 16:08:00,Приволжская,"ПРИВ, ШЧ-14",,,,"Контактная система, потеря контакта",CSH,2024,,,,,,,140 days 22:28:00,202948.0,1090.0,191,0.40772532188841204
3,13375121,2024-05-25 16:18:00,Приволжская,"ПРИВ, ШЧ-6 (Э)",,,,"Срабатывание, коммутационные перенапряжения",CSH,2024,,,,,,,142 days 22:38:00,205838.0,2890.0,192,0.40987124463519314
2,13381341,2024-05-30 10:43:00,Приволжская,"ПРИВ, ШЧ-10",,"2шт ч(к учету 0,7ч)",,"Контактная система, увеличенное сопротивление контакта",CSH,2024,,,0.0,"0,7ч",,,147 days 17:03:00,212703.0,6865.0,193,0.41201716738197425
3,13381702,2024-05-30 13:48:00,Приволжская,"ПРИВ, ШЧ-10",,,,"Контактная система, увеличенное сопротивление",CSH,2024,,,,,,,147 days 20:08:00,212888.0,185.0,194,0.41416309012875535
2,13382192,2024-05-30 22:20:00,Приволжская,"ПРИВ, ШЧ-7 (Э)",,"1шт ч(к учету 0,18ч)",,"Ключ-жезл в т.ч. с электрозащелкой, переходное сопротивление в контактах",CSH,2024,,,0.0,"0,18ч",,,148 days 04:40:00,213400.0,512.0,195,0.41630901287553645
2,13382852,2024-05-31 11:43:00,Приволжская,"ПРИВ, ШЧ-6 (Э)",,"1шт ч(к учету 0,62ч)",,"Контактная система, увеличенное сопротивление",CSH,2024,,,0.0,"0,62ч",,,148 days 18:03:00,214203.0,803.0,196,0.4184549356223176
2,13383915,2024-06-01 09:30:00,Приволжская,"ПРИВ, ШЧ-10","1шт ч(к учету 0,55ч)",,,"Контактная система, увеличенное сопротивление",CSH,2024,0.0,"0,55ч",,,,,149 days 15:50:00,215510.0,1307.0,197,0.4206008583690987
3,13389099,2024-06-01 10:36:00,Приволжская,"ПРИВ, ШЧ-14",,,,"Светодиоды, неисправность",CSH,2024,,,,,,,149 days 16:56:00,215576.0,66.0,198,0.4227467811158798
3,13384006,2024-06-01 12:05:00,Приволжская,"ПРИВ, ИЧ ПАЛЛАСОВКА Ш",,,,"Жилы, окисление",CSH,2024,,,,,,,149 days 18:25:00,215665.0,89.0,199,0.4248927038626609
3,13384136,2024-06-01 13:30:00,Приволжская,"ПРИВ, ШЧ-6 (Э)",,,,Нарушение изоляции монтажных проводов,CSH,2024,,,,,,,149 days 19:50:00,215750.0,85.0,200,0.4270386266094421
3,13384377,2024-06-01 18:25:00,Приволжская,"ПРИВ, ШЧ-2",,,,Излом провода под гайкой,CSH,2024,,,,,,,150 days 00:45:00,216045.0,295.0,201,0.4291845493562232
2,13384836,2024-06-02 09:43:00,Приволжская,"ПРИВ, ШЧ-3 (Э)","1шт ч(к учету 0,5ч)","1шт ч(к учету 0,17ч)",,"Контактная система, увеличенное сопротивление контакта",CSH,2024,0.0,"0,5ч",0.0,"0,17ч",,,150 days 16:03:00,216963.0,918.0,202,0.4313304721030043
2,13389257,2024-06-04 21:10:00,Приволжская,"ПРИВ, ШЧ-6 (Э)","8шт (к учету 7) ч(к учету 3,8ч)","2шт ч(к учету 0,47ч)",,"Нарушение контакта в клеммных колодках (резьб), излом наконечника",CSH,2024,7.0,"3,8ч",0.0,"0,47ч",,,153 days 03:30:00,220530.0,3567.0,203,0.4334763948497854
3,13390525,2024-06-05 11:40:00,Приволжская,"ПРИВ, ШЧ-6 (Э)",,,,Нарушение изоляции монтажных проводов,CSH,2024,,,,,,,153 days 18:00:00,221400.0,870.0,204,0.4356223175965665
3,13392317,2024-06-05 23:55:00,Приволжская,"ПРИВ, ШЧ-2",,,,"Лампы, перегорание основной нити",CSH,2024,,,,,,,154 days 06:15:00,222135.0,735.0,205,0.43776824034334766
3,13398722,2024-06-06 16:06:00,Приволжская,"ПРИВ, ШЧ-1",,,,"Контрольные линейки, ослабление крепления",CSH,2024,,,,,,,154 days 22:26:00,223106.0,971.0,206,0.43991416309012876
3,13397035,2024-06-08 15:49:00,Приволжская,"ПРИВ, ШЧ-14",,,,Нарушение контакта штепсель/рельс,CSH,2024,,,,,,,156 days 22:09:00,225969.0,2863.0,207,0.44206008583690987
3,13398144,2024-06-10 00:32:00,Приволжская,"ПРИВ, ШЧ-14",,,,Обрыв монтажного провода,CSH,2024,,,,,,,158 days 06:52:00,227932.0,1963.0,208,0.44420600858369097
3,13399411,2024-06-10 14:41:00,Приволжская,"ПРИВ, ШЧ-7 (Э)",,,,"Срабатывание, несоответствие номинала",CSH,2024,,,,,,,158 days 21:01:00,228781.0,849.0,209,0.44635193133047213
3,13399457,2024-06-10 15:15:00,Приволжская,"ПРИВ, ШЧ-13 (Р)",,,,"Диод, короткое замыкание",CSH,2024,,,,,,,158 days 21:35:00,228815.0,34.0,210,0.44849785407725323
2,13399814,2024-06-10 19:20:00,Приволжская,"ПРИВ, ШЧ-13 (Р)","3шт (к учету 2) ч(к учету 1,02ч)",,,"Контактная система, потеря контакта",CSH,2024,2.0,"1,02ч",,,,,159 days 01:40:00,229060.0,245.0,211,0.45064377682403434
3,13399813,2024-06-10 19:36:00,Приволжская,"ПРИВ, ШЧ-6 (Э)",,,,"Жилы, обрыв",CSH,2024,,,,,,,159 days 01:56:00,229076.0,16.0,212,0.45278969957081544
3,13400152,2024-06-11 04:43:00,Приволжская,"ПРИВ, ШЧ-6 (Э)",,,,Отсутствие,CSH,2024,,,,,,,159 days 11:03:00,229623.0,547.0,213,0.45493562231759654
3,13401837,2024-06-11 14:50:00,Приволжская,"ПРИВ, ИЧ ПАЛЛАСОВКА Ш",,,,"Лампы, перегорание основной нити",CSH,2024,,,,,,,159 days 21:10:00,230230.0,607.0,214,0.4570815450643777
2,13402703,2024-06-12 16:25:00,Приволжская,"ПРИВ, ШЧ-2","1шт ч(к учету 0,98ч)",,,"Курбельный контакт, потеря контакта",CSH,2024,0.0,"0,98ч",,,,,160 days 22:45:00,231765.0,1535.0,215,0.4592274678111588
2,13402903,2024-06-12 22:40:00,Приволжская,"ПРИВ, ШЧ-7 (Э)","2шт ч(к учету 0,47ч)","2шт ч(к учету 0,7ч)",,"Контактная система, увеличенное сопротивление",CSH,2024,0.0,"0,47ч",0.0,"0,7ч",,,161 days 05:00:00,232140.0,375.0,216,0.4613733905579399
3,13406064,2024-06-13 18:33:00,Приволжская,"ПРИВ, ШЧ-8",,,,"Срабатывание (перегорание), воздействие тягового тока",CSH,2024,,,,,,,162 days 00:53:00,233333.0,1193.0,217,0.463519313304721
3,13404690,2024-06-13 20:21:00,Приволжская,"ПРИВ, ШЧ-14",,,,"Кнопки, повреждение крепления",CSH,2024,,,,,,,162 days 02:41:00,233441.0,108.0,218,0.4656652360515021
3,13406719,2024-06-14 14:20:00,Приволжская,"ПРИВ, ШЧ-6 (Э)",,,,Неисправность монтажа,CSH,2024,,,,,,,162 days 20:40:00,234520.0,1079.0,219,0.4678111587982833
2,13406628,2024-06-15 05:27:00,Приволжская,"ПРИВ, ШЧ-14","1шт ч(к учету 0,23ч)","1шт ч(к учету 0,12ч)",,"Нарушение контакта в разъемах блоков, излом розеток",CSH,2024,0.0,"0,23ч",0.0,"0,12ч",,,163 days 11:47:00,235427.0,907.0,220,0.4699570815450644
3,13407291,2024-06-15 20:22:00,Приволжская,"ПРИВ, ШЧ-6 (Э)",,,,Необеспечение электропитания подзаряда,CSH,2024,,,,,,,164 days 02:42:00,236322.0,895.0,221,0.4721030042918455
2,13408458,2024-06-17 06:04:00,Приволжская,"ПРИВ, ШЧ-7 (Э)",,"1шт ч(к учету 0,13ч)","1шт ч(к учету 0,15)ч","Жилы, сообщение",CSH,2024,,,0.0,"0,13ч",0.0,,165 days 12:24:00,238344.0,2022.0,222,0.4742489270386266
3,13412334,2024-06-17 10:42:00,Приволжская,"ПРИВ, ШЧ-14",,,,"Срабатывание (перегорание), атмосферные перенапряжения",CSH,2024,,,,,,,165 days 17:02:00,238622.0,278.0,223,0.47639484978540775
2,13409703,2024-06-18 03:50:00,Приволжская,"ПРИВ, ШЧ-8",,"1шт ч(к учету 0,18ч)",,"Обмотка, короткое замыкание",CSH,2024,,,0.0,"0,18ч",,,166 days 10:10:00,239650.0,1028.0,224,0.47854077253218885
3,13410666,2024-06-18 16:26:00,Приволжская,"ПРИВ, ШЧ-14",,,,Потеря контакта в манжете,CSH,2024,,,,,,,166 days 22:46:00,240406.0,756.0,225,0.48068669527896996
3,13411659,2024-06-19 10:51:00,Приволжская,"ПРИВ, ШЧ-6 (Э)",,,,"Конденсатор, обрыв конденсатора",CSH,2024,,,,,,,167 days 17:11:00,241511.0,1105.0,226,0.48283261802575106
3,13414021,2024-06-21 08:00:00,Приволжская,"ПРИВ, ШЧ-3 (Э)",,,,"Жилы, сообщение",CSH,2024,,,,,,,169 days 14:20:00,244220.0,2709.0,227,0.48497854077253216
3,13414377,2024-06-21 11:58:00,Приволжская,"ПРИВ, ШЧ-7 (Э)",,,,"Не срабатывание (не перегорание), несоответствие номинала",CSH,2024,,,,,,,169 days 18:18:00,244458.0,238.0,228,0.4871244635193133
3,13419756,2024-06-23 07:29:00,Приволжская,"ПРИВ, ШЧ-2",,,,"Жилы, обрыв",CSH,2024,,,,,,,171 days 13:49:00,247069.0,2611.0,229,0.4892703862660944
3,13417941,2024-06-24 08:00:00,Приволжская,"ПРИВ, ИЧ ПАЛЛАСОВКА Ш",,,,"Диоды, пробой",CSH,2024,,,,,,,172 days 14:20:00,248540.0,1471.0,230,0.49141630901287553
3,13418624,2024-06-25 06:33:00,Приволжская,"ПРИВ, ШЧ-3 (Э)",,,,"Лампы, перегорание основной нити",CSH,2024,,,,,,,173 days 12:53:00,249893.0,1353.0,231,0.49356223175965663
3,13419886,2024-06-26 00:44:00,Приволжская,"ПРИВ, ШЧ-6 (Э)",,,,Излом провода под гайкой,CSH,2024,,,,,,,174 days 07:04:00,250984.0,1091.0,232,0.4957081545064378
3,13421949,2024-06-27 08:03:00,Приволжская,"ПРИВ, ШЧ-3 (Э)",,,,Неисправность путевой перемычки,CSH,2024,,,,,,,175 days 14:23:00,252863.0,1879.0,233,0.4978540772532189
2,13424274,2024-06-28 21:01:00,Приволжская,"ПРИВ, ШЧ-8","3шт ч(к учету 1,4ч)","1шт ч(к учету 0,35ч)",,"Срабатывание, атмосферные перенапряжения",CSH,2024,1.0,"1,4ч",0.0,"0,35ч",,,177 days 03:21:00,255081.0,2218.0,234,0.5
3,13424467,2024-06-29 03:30:00,Приволжская,"ПРИВ, ШЧ-1",,,,Нарушение контакта,CSH,2024,,,,,,,177 days 09:50:00,255470.0,389.0,235,0.5021459227467812
1,13424717,2024-06-29 09:00:00,Приволжская,"ПРИВ, ШЧ-6 (Э)","8шт (к учету 6) ч(к учету 4,33ч)","1шт ч(к учету 0,23ч)",,"Кнопки, повреждение крепления",CSH,2024,6.0,"4,33ч",0.0,"0,23ч",,,177 days 15:20:00,255800.0,330.0,236,0.5042918454935622
2,13425421,2024-06-30 04:51:00,Приволжская,"ПРИВ, ШЧ-13 (Р)","4шт ч(к учету 3,02ч)",,,"Срабатывание (перегорание), воздействие тягового тока",CSH,2024,3.0,"3,02ч",,,,,178 days 11:11:00,256991.0,1191.0,237,0.5064377682403434
3,13425455,2024-06-30 06:08:00,Приволжская,"ПРИВ, ШЧ-1",,,,"Жилы, сообщение",CSH,2024,,,,,,,178 days 12:28:00,257068.0,77.0,238,0.5085836909871244
3,13426218,2024-07-01 03:24:00,Приволжская,"ПРИВ, ШЧ-3 (Э)",,,,"Клеммная колодка резьб, излом колодок",CSH,2024,,,,,,,179 days 09:44:00,258344.0,1276.0,239,0.5107296137339056
3,13432711,2024-07-02 15:20:00,Приволжская,"ПРИВ, ИЧ ПАЛЛАСОВКА Ш",,,,"Нарушение контакта в разъемах блоков, неисправность контактных губок",CSH,2024,,,,,,,180 days 21:40:00,260500.0,2156.0,240,0.5128755364806867
3,13429325,2024-07-02 20:06:00,Приволжская,"ПРИВ, ШЧ-3 (Э)",,,,"Жилы, сообщение",CSH,2024,,,,,,,181 days 02:26:00,260786.0,286.0,241,0.5150214592274678
2,13429674,2024-07-03 04:49:00,Приволжская,"ПРИВ, ШЧ-3 (Э)",,"1шт ч(к учету 0,1ч)",,Закорачивание РЦ посторонними предметами,CSH,2024,,,0.0,"0,1ч",,,181 days 11:09:00,261309.0,523.0,242,0.5171673819742489
3,13436172,2024-07-05 21:00:00,Приволжская,"ПРИВ, ШЧ-8",,,,Нарушение регулировочного режима,CSH,2024,,,,,,,184 days 03:20:00,265160.0,3851.0,243,0.51931330472103
3,13445258,2024-07-08 09:57:00,Приволжская,"ПРИВ, ШЧ-7 (Э)",,,,Неисправность монтажа,CSH,2024,,,,,,,186 days 16:17:00,268817.0,3657.0,244,0.5214592274678111
2,13439686,2024-07-08 13:10:00,Приволжская,"ПРИВ, ШЧ-2","2шт ч(к учету 0,52ч)","2шт ч(к учету 0,2ч)",,"Срабатывание, коммутационные перенапряжения",CSH,2024,0.0,"0,52ч",0.0,"0,2ч",,,186 days 19:30:00,269010.0,193.0,245,0.5236051502145923
3,13439937,2024-07-08 15:03:00,Приволжская,"ПРИВ, ШЧ-14",,,,Нарушение контакта штепсель/рельс,CSH,2024,,,,,,,186 days 21:23:00,269123.0,113.0,246,0.5257510729613734
3,13441305,2024-07-09 11:02:00,Приволжская,"ПРИВ, ШЧ-6 (Э)",,,,"Контактная система, увеличенное сопротивление контакта",CSH,2024,,,,,,,187 days 17:22:00,270322.0,1199.0,247,0.5278969957081545
3,13441687,2024-07-09 12:50:00,Приволжская,"ПРИВ, ШЧ-2",,,,"Жилы, обрыв",CSH,2024,,,,,,,187 days 19:10:00,270430.0,108.0,248,0.5300429184549357
3,13441688,2024-07-09 12:55:00,Приволжская,"ПРИВ, ШЧ-6 (Э)",,,,"Срабатывание, коммутационные перенапряжения",CSH,2024,,,,,,,187 days 19:15:00,270435.0,5.0,249,0.5321888412017167
2,13442161,2024-07-09 16:36:00,Приволжская,"ПРИВ, ШЧ-10","2шт ч(к учету 0,78ч)","1шт ч(к учету 0,28ч)",,Неисправность,CSH,2024,0.0,"0,78ч",0.0,"0,28ч",,,187 days 22:56:00,270656.0,221.0,250,0.5343347639484979
3,13442399,2024-07-09 21:12:00,Приволжская,"ПРИВ, ШЧ-2",,,,"Внутренний монтаж, обрыв",CSH,2024,,,,,,,188 days 03:32:00,270932.0,276.0,251,0.5364806866952789
3,13445781,2024-07-10 05:48:00,Приволжская,"ПРИВ, ШЧ-2",,,,Неисправность АКБ,CSH,2024,,,,,,,188 days 12:08:00,271448.0,516.0,252,0.5386266094420601
3,13444404,2024-07-10 15:00:00,Приволжская,"ПРИВ, ШЧ-10",,,,"Резистор, обрыв",CSH,2024,,,,,,,188 days 21:20:00,272000.0,552.0,253,0.5407725321888412
3,13444710,2024-07-10 17:19:00,Приволжская,"ПРИВ, ШЧ-1",,,,"Нарушение контакта в штепсельных розетках, сообщение",CSH,2024,,,,,,,188 days 23:39:00,272139.0,139.0,254,0.5429184549356223
2,13445152,2024-07-11 04:42:00,Приволжская,"ПРИВ, ШЧ-7 (Э)","1шт ч(к учету 0,27ч)",,,"Нарушение контакта в разъемах блоков, излом розеток",CSH,2024,0.0,"0,27ч",,,,,189 days 11:02:00,272822.0,683.0,255,0.5450643776824035
2,13445590,2024-07-11 08:46:00,Приволжская,"ПРИВ, ШЧ-1",,,"1шт ч(к учету 0,15)ч","Изоляция, понижение сопротивления",CSH,2024,,,,,0.0,,189 days 15:06:00,273066.0,244.0,256,0.5472103004291845
3,13449359,2024-07-13 14:10:00,Приволжская,"ПРИВ, ШЧ-3 (Э)",,,,"Срабатывание, несоответствие номинала",CSH,2024,,,,,,,191 days 20:30:00,276270.0,3204.0,257,0.5493562231759657
3,13454050,2024-07-17 12:58:00,Приволжская,"ПРИВ, ШЧ-13 (Р)",,,,"Контактная система, увеличенное сопротивление",CSH,2024,,,,,,,195 days 19:18:00,281958.0,5688.0,258,0.5515021459227468
3,13454527,2024-07-17 21:03:00,Приволжская,"ПРИВ, ШЧ-3 (Э)",,,,"Срабатывание, несоответствие номинала",CSH,2024,,,,,,,196 days 03:23:00,282443.0,485.0,259,0.5536480686695279
2,13456206,2024-07-19 02:13:00,Приволжская,"ПРИВ, ШЧ-6 (Э)","2шт (к учету 1) ч(к учету 1,18ч)","2шт ч(к учету 0,47ч)",,"Внутренний монтаж, короткое замыкание монтажа",CSH,2024,1.0,"1,18ч",0.0,"0,47ч",,,197 days 08:33:00,284193.0,1750.0,260,0.555793991416309
2,13456643,2024-07-19 09:59:00,Приволжская,"ПРИВ, ШЧ-6 (Э)","1шт ч(к учету 0,55ч)",,,"Контактная система, увеличенное сопротивление контакта",CSH,2024,0.0,"0,55ч",,,,,197 days 16:19:00,284659.0,466.0,261,0.5579399141630901
3,13457042,2024-07-19 14:52:00,Приволжская,"ПРИВ, ШЧ-6 (Э)",,,,"Срабатывание, воздействие тягового тока",CSH,2024,,,,,,,197 days 21:12:00,284952.0,293.0,262,0.5600858369098712
3,13461602,2024-07-20 00:10:00,Приволжская,"ПРИВ, ШЧ-14",,,,"Контактная система, увеличенное сопротивление контакта",CSH,2024,,,,,,,198 days 06:30:00,285510.0,558.0,263,0.5622317596566524
2,13457908,2024-07-20 15:28:00,Приволжская,"ПРИВ, ШЧ-8","2шт ч(к учету 0,5ч)","2шт ч(к учету 0,43ч)",,"Контактная система, подгар контактов",CSH,2024,0.0,"0,5ч",0.0,"0,43ч",,,198 days 21:48:00,286428.0,918.0,264,0.5643776824034334
3,13458155,2024-07-20 22:20:00,Приволжская,"ПРИВ, ШЧ-7 (Э)",,,,Нарушение регулировки,CSH,2024,,,,,,,199 days 04:40:00,286840.0,412.0,265,0.5665236051502146
3,13458626,2024-07-21 09:14:00,Приволжская,"ПРИВ, ИЧ ПАЛЛАСОВКА Ш",,,,"Изоляция, понижение сопротивления",CSH,2024,,,,,,,199 days 15:34:00,287494.0,654.0,266,0.5686695278969958
3,13458702,2024-07-21 11:54:00,Приволжская,"ПРИВ, ШЧ-6 (Э)",,,,"Нарушение контакта в штепсельных розетках, сообщение",CSH,2024,,,,,,,199 days 18:14:00,287654.0,160.0,267,0.5708154506437768
3,13459458,2024-07-22 06:09:00,Приволжская,"ПРИВ, ШЧ-3 (Э)",,,,"Срабатывание, воздействие тягового тока",CSH,2024,,,,,,,200 days 12:29:00,288749.0,1095.0,268,0.572961373390558
3,13461996,2024-07-24 05:41:00,Приволжская,"ПРИВ, ШЧ-14",,,,Нарушение изоляции,CSH,2024,,,,,,,202 days 12:01:00,291601.0,2852.0,269,0.575107296137339
3,13463305,2024-07-24 21:00:00,Приволжская,"ПРИВ, ШЧ-2",,,,"Не срабатывание (не перегорание), коммутационные перенапряжения",CSH,2024,,,,,,,203 days 03:20:00,292520.0,919.0,270,0.5772532188841202
3,13463264,2024-07-24 22:08:00,Приволжская,"ПРИВ, ШЧ-6 (Э)",,,,"Срабатывание (перегорание), воздействие тягового тока",CSH,2024,,,,,,,203 days 04:28:00,292588.0,68.0,271,0.5793991416309013
3,13463946,2024-07-25 09:44:00,Приволжская,"ПРИВ, ШЧ-6 (Э)",,,,"Контактная система, Потеря контакта",CSH,2024,,,,,,,203 days 16:04:00,293284.0,696.0,272,0.5815450643776824
3,13464954,2024-07-26 05:40:00,Приволжская,"ПРИВ, ШЧ-13 (Р)",,,,"Автопереключатель, разрегулировка контактов",CSH,2024,,,,,,,204 days 12:00:00,294480.0,1196.0,273,0.5836909871244635
3,13468250,2024-07-26 11:33:00,Приволжская,"ПРИВ, ШЧ-7 (Э)",,,,Неисправность монтажа,CSH,2024,,,,,,,204 days 17:53:00,294833.0,353.0,274,0.5858369098712446
3,13465904,2024-07-26 20:12:00,Приволжская,"ПРИВ, ИЧ ПАЛЛАСОВКА Ш",,,,"Лампы, перегорание основной нити",CSH,2024,,,,,,,205 days 02:32:00,295352.0,519.0,275,0.5879828326180258
2,13466138,2024-07-27 03:39:00,Приволжская,"ПРИВ, ШЧ-2","2шт ч(к учету 1,45ч)","1шт ч(к учету 0,22ч)",,"Нарушение контакта в разъемах блоков, излом розеток",CSH,2024,1.0,"1,45ч",0.0,"0,22ч",,,205 days 09:59:00,295799.0,447.0,276,0.5901287553648069
2,13466660,2024-07-27 17:57:00,Приволжская,"ПРИВ, ШЧ-14",,,"1шт ч(к учету 0,1)ч","Нарушение контакта в штепсельных розетках, неисправность контактных губок",CSH,2024,,,,,0.0,,206 days 00:17:00,296657.0,858.0,277,0.592274678111588
2,13467323,2024-07-28 12:09:00,Приволжская,"ПРИВ, ШЧ-14","1шт ч(к учету 0,98ч)",,"2шт ч(к учету 0,73)ч","Монтаж, нарушение состояния паек",CSH,2024,0.0,"0,98ч",,,0.0,,206 days 18:29:00,297749.0,1092.0,278,0.5944206008583691
3,13468997,2024-07-29 19:47:00,Приволжская,"ПРИВ, ШЧ-8",,,,"Контактная система, увеличенное сопротивление контакта",CSH,2024,,,,,,,208 days 02:07:00,299647.0,1898.0,279,0.5965665236051502
2,13469779,2024-07-30 11:34:00,Приволжская,"ПРИВ, ШЧ-2","1шт ч(к учету 0,33ч)","1шт ч(к учету 0,3ч)",,"Лампочки индикации, перегорание",CSH,2024,0.0,"0,33ч",0.0,"0,3ч",,,208 days 17:54:00,300594.0,947.0,280,0.5987124463519313
3,13478516,2024-08-02 18:15:00,Приволжская,"ПРИВ, ШЧ-14",,,,"Срабатывание (перегорание), атмосферные перенапряжения",CSH,2024,,,,,,,212 days 00:35:00,305315.0,4721.0,281,0.6008583690987125
2,13474887,2024-08-03 12:02:00,Приволжская,"ПРИВ, ШЧ-14",,"4шт (к учету 3) ч(к учету 0,6ч)",,"Нарушение контакта в штепсельных розетках, излом розеток",CSH,2024,,,3.0,"0,6ч",,,212 days 18:22:00,306382.0,1067.0,282,0.6030042918454935
3,13475156,2024-08-03 17:55:00,Приволжская,"ПРИВ, ШЧ-1",,,,Снижение емкости ниже номинальной,CSH,2024,,,,,,,213 days 00:15:00,306735.0,353.0,283,0.6051502145922747
3,13476614,2024-08-05 07:55:00,Приволжская,"ПРИВ, ШЧ-3 (Э)",,,,"Нарушение контакта в разъемах блоков, неисправность контактных губок",CSH,2024,,,,,,,214 days 14:15:00,309015.0,2280.0,284,0.6072961373390557
2,13478033,2024-08-05 23:20:00,Приволжская,"ПРИВ, ШЧ-1","1шт ч(к учету 0,28ч)","1шт ч(к учету 0,17ч)",,"Контактная система, потеря контакта",CSH,2024,0.0,"0,28ч",0.0,"0,17ч",,,215 days 05:40:00,309940.0,925.0,285,0.6094420600858369
2,13478249,2024-08-06 04:27:00,Приволжская,"ПРИВ, ШЧ-1",,"1шт ч(к учету 0,52ч)",,"Лампы, перегорание основной нити",CSH,2024,,,0.0,"0,52ч",,,215 days 10:47:00,310247.0,307.0,286,0.6115879828326181
3,13482944,2024-08-08 06:02:00,Приволжская,"ПРИВ, ШЧ-14",,,,Излом наконечника,CSH,2024,,,,,,,217 days 12:22:00,313222.0,2975.0,287,0.6137339055793991
3,13484680,2024-08-08 15:52:00,Приволжская,"ПРИВ, ШЧ-7 (Э)",,,,"Внутренний монтаж, обрыв",CSH,2024,,,,,,,217 days 22:12:00,313812.0,590.0,288,0.6158798283261803
3,13487902,2024-08-09 09:31:00,Приволжская,"ПРИВ, ШЧ-14",,,,"Светодиоды, неисправность",CSH,2024,,,,,,,218 days 15:51:00,314871.0,1059.0,289,0.6180257510729614
3,13487728,2024-08-11 04:45:00,Приволжская,"ПРИВ, ШЧ-3 (Э)",,,,"Лампы, перегорание основной нити",CSH,2024,,,,,,,220 days 11:05:00,317465.0,2594.0,290,0.6201716738197425
2,13487850,2024-08-11 08:14:00,Приволжская,"ПРИВ, ШЧ-2",,"1шт ч(к учету 0,23ч)",,Короткое замыкание пластин,CSH,2024,,,0.0,"0,23ч",,,220 days 14:34:00,317674.0,209.0,291,0.6223175965665236
3,13488450,2024-08-12 01:08:00,Приволжская,"ПРИВ, ШЧ-1",,,,Нарушение контакта трос/штепсель,CSH,2024,,,,,,,221 days 07:28:00,318688.0,1014.0,292,0.6244635193133047
3,13495082,2024-08-14 00:18:00,Приволжская,"ПРИВ, ШЧ-14",,,,"Светодиоды, неисправность",CSH,2024,,,,,,,223 days 06:38:00,321518.0,2830.0,293,0.6266094420600858
2,13494109,2024-08-15 07:22:00,Приволжская,"ПРИВ, ШЧ-6 (Э)","1шт ч(к учету 0,37ч)","2шт ч(к учету 0,55ч)","1шт ч(к учету 0,15)ч","Кнопки, механическое заедание кнопки",CSH,2024,0.0,"0,37ч",0.0,"0,55ч",0.0,,224 days 13:42:00,323382.0,1864.0,294,0.628755364806867
2,13495653,2024-08-16 10:05:00,Приволжская,"ПРИВ, ШЧ-8",,,"1шт ч(к учету 0,1)ч","Жилы, внутренний обрыв",CSH,2024,,,,,0.0,,225 days 16:25:00,324985.0,1603.0,295,0.630901287553648
2,13495902,2024-08-16 12:34:00,Приволжская,"ПРИВ, ШЧ-7 (Э)",,,"1шт ч(к учету 0,15)ч","Ключ-жезл в т.ч. с электрозащелкой, износ механических частей ключа-жезла",CSH,2024,,,,,0.0,,225 days 18:54:00,325134.0,149.0,296,0.6330472103004292
2,13496663,2024-08-17 09:35:00,Приволжская,"ПРИВ, ШЧ-10",,"1шт ч(к учету 0,17ч)",,"Лампы, перегорание нити",CSH,2024,,,0.0,"0,17ч",,,226 days 15:55:00,326395.0,1261.0,297,0.6351931330472103
3,13497047,2024-08-17 19:04:00,Приволжская,"ПРИВ, ШЧ-7 (Э)",,,,Неисправность,CSH,2024,,,,,,,227 days 01:24:00,326964.0,569.0,298,0.6373390557939914
3,13499783,2024-08-20 09:36:00,Приволжская,"ПРИВ, ШЧ-14",,,,"Срабатывание, воздействие тягового тока",CSH,2024,,,,,,,229 days 15:56:00,330716.0,3752.0,299,0.6394849785407726
3,13504003,2024-08-21 09:19:00,Приволжская,"ПРИВ, ШЧ-7 (Э)",,,,Неисправность монтажа,CSH,2024,,,,,,,230 days 15:39:00,332139.0,1423.0,300,0.6416309012875536
3,13504455,2024-08-22 02:35:00,Приволжская,"ПРИВ, ШЧ-6 (Э)",,,,"Срабатывание, коммутационные перенапряжения",CSH,2024,,,,,,,231 days 08:55:00,333175.0,1036.0,301,0.6437768240343348
1,13502845,2024-08-22 12:58:00,Приволжская,"ПРИВ, ШЧ-2","8шт (к учету 4) ч(к учету 5,7ч)",,,"Контактная система, подгар контактов",CSH,2024,4.0,"5,7ч",,,,,231 days 19:18:00,333798.0,623.0,302,0.6459227467811158
2,13506206,2024-08-25 23:47:00,Приволжская,"ПРИВ, ШЧ-3 (Э)","1шт ч(к учету 0,98ч)",,,Потеря контакта в манжете,CSH,2024,0.0,"0,98ч",,,,,235 days 06:07:00,338767.0,4969.0,303,0.648068669527897
3,13506690,2024-08-26 08:50:00,Приволжская,"ПРИВ, ШЧ-3 (Э)",,,,"Срабатывание (перегорание), воздействие тягового тока",CSH,2024,,,,,,,235 days 15:10:00,339310.0,543.0,304,0.6502145922746781
3,13507673,2024-08-27 06:49:00,Приволжская,"ПРИВ, ШЧ-7 (Э)",,,,Нарушение контакта штепсель/рельс,CSH,2024,,,,,,,236 days 13:09:00,340629.0,1319.0,305,0.6523605150214592
3,13510492,2024-08-29 10:40:00,Приволжская,"ПРИВ, ШЧ-13 (Р)",,,,Нарушение регулировки,CSH,2024,,,,,,,238 days 17:00:00,343740.0,3111.0,306,0.6545064377682404
2,13512210,2024-08-30 18:40:00,Приволжская,"ПРИВ, ШЧ-13 (Р)","1шт ч(к учету 0,47ч)","1шт ч(к учету 0,35ч)",,"Электродвигатель, постоянного тока (МСП, ДСП), неисправность ротора",CSH,2024,0.0,"0,47ч",0.0,"0,35ч",,,240 days 01:00:00,345660.0,1920.0,307,0.6566523605150214
2,13512499,2024-08-31 05:44:00,Приволжская,"ПРИВ, ШЧ-7 (Э)","1шт ч(к учету 0,25ч)","1шт ч(к учету 0,18ч)",,Обрыв монтажного провода,CSH,2024,0.0,"0,25ч",0.0,"0,18ч",,,240 days 12:04:00,346324.0,664.0,308,0.6587982832618026
3,13513064,2024-09-01 03:20:00,Приволжская,"ПРИВ, ШЧ-3 (Э)",,,,"Контактная система, увеличенное сопротивление контакта",CSH,2024,,,,,,,241 days 09:40:00,347620.0,1296.0,309,0.6609442060085837
2,13513088,2024-09-01 04:57:00,Приволжская,"ПРИВ, ШЧ-7 (Э)","1шт ч(к учету 0,37ч)","1шт ч(к учету 0,13ч)",,"Выключатели, наличие переходного сопротивления",CSH,2024,0.0,"0,37ч",0.0,"0,13ч",,,241 days 11:17:00,347717.0,97.0,310,0.6630901287553648
3,13517432,2024-09-01 10:31:00,Приволжская,"ПРИВ, ШЧ-6 (Э)",,,,"Срабатывание, коммутационные перенапряжения",CSH,2024,,,,,,,241 days 16:51:00,348051.0,334.0,311,0.6652360515021459
3,13519743,2024-09-01 11:13:00,Приволжская,"ПРИВ, ШЧ-6 (Э)",,,,"Срабатывание, коммутационные перенапряжения",CSH,2024,,,,,,,241 days 17:33:00,348093.0,42.0,312,0.6673819742489271
2,13513890,2024-09-02 07:12:00,Приволжская,"ПРИВ, ШЧ-14",,"1шт ч(к учету 0,1ч)",,"Контактная система, увеличенное сопротивление",CSH,2024,,,0.0,"0,1ч",,,242 days 13:32:00,349292.0,1199.0,313,0.6695278969957081
2,13515182,2024-09-03 04:14:00,Приволжская,"ПРИВ, ШЧ-3 (Э)",,"2шт ч(к учету 0,38ч)",,"Срабатывание (перегорание), воздействие тягового тока",CSH,2024,,,0.0,"0,38ч",,,243 days 10:34:00,350554.0,1262.0,314,0.6716738197424893
2,13521428,2024-09-05 13:20:00,Приволжская,"ПРИВ, ШЧ-2",,"4шт (к учету 3) ч(к учету 1,1ч)",,"Нарушение контакта в штепсельных розетках, замятие контакта",CSH,2024,,,3.0,"1,1ч",,,245 days 19:40:00,353980.0,3426.0,315,0.6738197424892703
3,13525686,2024-09-05 20:20:00,Приволжская,"ПРИВ, ШЧ-14",,,,"Срабатывание (перегорание), воздействие тягового тока",CSH,2024,,,,,,,246 days 02:40:00,354400.0,420.0,316,0.6759656652360515
3,13526499,2024-09-06 08:39:00,Приволжская,"ПРИВ, ШЧ-14",,,,"Срабатывание (перегорание), воздействие тягового тока",CSH,2024,,,,,,,246 days 14:59:00,355139.0,739.0,317,0.6781115879828327
2,13522976,2024-09-06 08:59:00,Приволжская,"ПРИВ, ШЧ-7 (Э)","6шт (к учету 5) ч(к учету 2,08ч)","1шт ч(к учету 0,15ч)",,"Кабельный ящик, клеммная колодка резьб, плохой контакт",CSH,2024,5.0,"2,08ч",0.0,"0,15ч",,,246 days 15:19:00,355159.0,20.0,318,0.6802575107296137
3,13524969,2024-09-07 11:56:00,Приволжская,"ПРИВ, ШЧ-3 (Э)",,,,"Не срабатывание (не перегорание), несоответствие номинала",CSH,2024,,,,,,,247 days 18:16:00,356776.0,1617.0,319,0.6824034334763949
2,13525264,2024-09-08 04:30:00,Приволжская,"ПРИВ, ШЧ-10",,"1шт ч(к учету 0,1ч)",,"Контактная система, увеличенное сопротивление",CSH,2024,,,0.0,"0,1ч",,,248 days 10:50:00,357770.0,994.0,320,0.6845493562231759
3,13535703,2024-09-10 11:46:00,Приволжская,"ПРИВ, ШЧ-8",,,,"Срабатывание, атмосферные перенапряжения",CSH,2024,,,,,,,250 days 18:06:00,361086.0,3316.0,321,0.6866952789699571
2,13530849,2024-09-11 04:52:00,Приволжская,"ПРИВ, ШЧ-6 (Э)","3шт ч(к учету 2,15ч)",,,"Курбельный контакт, потеря контакта",CSH,2024,2.0,"2,15ч",,,,,251 days 11:12:00,362112.0,1026.0,322,0.6888412017167382
3,13538555,2024-09-13 10:00:00,Приволжская,"ПРИВ, ШЧ-6 (Э)",,,,Снижение емкости ниже номинальной,CSH,2024,,,,,,,253 days 16:20:00,365300.0,3188.0,323,0.6909871244635193
3,13537069,2024-09-13 23:40:00,Приволжская,"ПРИВ, ШЧ-6 (Э)",,,,"Срабатывание, коммутационные перенапряжения",CSH,2024,,,,,,,254 days 06:00:00,366120.0,820.0,324,0.6931330472103004
2,13538571,2024-09-15 19:15:00,Приволжская,"ПРИВ, ИЧ ПАЛЛАСОВКА Ш",,,"1шт ч(к учету 0,13)ч","Кнопки, механическое заедание кнопки",CSH,2024,,,,,0.0,,256 days 01:35:00,368735.0,2615.0,325,0.6952789699570815
3,13541220,2024-09-17 12:53:00,Приволжская,"ПРИВ, ШЧ-3 (Э)",,,,"Контактная система, увеличенное сопротивление",CSH,2024,,,,,,,257 days 19:13:00,371233.0,2498.0,326,0.6974248927038627
2,13543657,2024-09-18 23:40:00,Приволжская,"ПРИВ, ШЧ-14","2шт ч(к учету 0,8ч)",,,Прожег изоляции,CSH,2024,0.0,"0,8ч",,,,,259 days 06:00:00,373320.0,2087.0,327,0.6995708154506438
3,13545428,2024-09-20 02:30:00,Приволжская,"ПРИВ, ШЧ-3 (Э)",,,,"Контакторы, несоответствие напряжения сети напряжению на втягивающей катушке",CSH,2024,,,,,,,260 days 08:50:00,374930.0,1610.0,328,0.7017167381974249
2,13546162,2024-09-20 14:18:00,Приволжская,"ПРИВ, ШЧ-2","3шт ч(к учету 1,67ч)",,,"Срабатывание, коммутационные перенапряжения",CSH,2024,1.0,"1,67ч",,,,,260 days 20:38:00,375638.0,708.0,329,0.703862660944206
2,13546301,2024-09-20 15:44:00,Приволжская,"ПРИВ, ШЧ-2","1шт ч(к учету 0,83ч)","1шт ч(к учету 0,22ч)",,"Автопереключатель, разрегулировка контактов",CSH,2024,0.0,"0,83ч",0.0,"0,22ч",,,260 days 22:04:00,375724.0,86.0,330,0.7060085836909872
3,13547792,2024-09-22 09:12:00,Приволжская,"ПРИВ, ШЧ-6 (Э)",,,,"Срабатывание, коммутационные перенапряжения",CSH,2024,,,,,,,262 days 15:32:00,378212.0,2488.0,331,0.7081545064377682
3,13547935,2024-09-22 11:34:00,Приволжская,"ПРИВ, ИЧ ПАЛЛАСОВКА Ш",,,,"Монтаж, обрыв",CSH,2024,,,,,,,262 days 17:54:00,378354.0,142.0,332,0.7103004291845494
2,13549302,2024-09-23 02:16:00,Приволжская,"ПРИВ, ШЧ-8",,"1шт ч(к учету 0,6ч)",,"Срабатывание (перегорание), воздействие тягового тока",CSH,2024,,,0.0,"0,6ч",,,263 days 08:36:00,379236.0,882.0,333,0.7124463519313304
3,13551178,2024-09-25 01:36:00,Приволжская,"ПРИВ, ШЧ-6 (Э)",,,,Неисправность монтажа,CSH,2024,,,,,,,265 days 07:56:00,382076.0,2840.0,334,0.7145922746781116
2,13553010,2024-09-26 06:29:00,Приволжская,"ПРИВ, ШЧ-8",,,"2шт ч(к учету 0,58)ч",Нарушение изоляции монтажных проводов,CSH,2024,,,,,0.0,,266 days 12:49:00,383809.0,1733.0,335,0.7167381974248928
3,13554893,2024-09-27 11:46:00,Приволжская,"ПРИВ, ШЧ-7 (Э)",,,,"Срабатывание, несоответствие номинала",CSH,2024,,,,,,,267 days 18:06:00,385566.0,1757.0,336,0.7188841201716738
3,13557278,2024-09-28 09:00:00,Приволжская,"ПРИВ, ШЧ-6 (Э)",,,,"Срабатывание, коммутационные перенапряжения",CSH,2024,,,,,,,268 days 15:20:00,386840.0,1274.0,337,0.721030042918455
3,13556190,2024-09-28 15:20:00,Приволжская,"ПРИВ, ШЧ-6 (Э)",,,,"Жилы, внутренний обрыв",CSH,2024,,,,,,,268 days 21:40:00,387220.0,380.0,338,0.723175965665236
3,13557096,2024-09-29 19:28:00,Приволжская,"ПРИВ, ШЧ-7 (Э)",,,,Излом наконечника,CSH,2024,,,,,,,270 days 01:48:00,388908.0,1688.0,339,0.7253218884120172
3,13557288,2024-09-30 01:30:00,Приволжская,"ПРИВ, ШЧ-3 (Э)",,,,"Не срабатывание (не перегорание), несоответствие номинала",CSH,2024,,,,,,,270 days 07:50:00,389270.0,362.0,340,0.7274678111587983
3,13562072,2024-09-30 06:16:00,Приволжская,"ПРИВ, ШЧ-7 (Э)",,,,"Светодиоды, неисправность",CSH,2024,,,,,,,270 days 12:36:00,389556.0,286.0,341,0.7296137339055794
3,13561837,2024-09-30 11:22:00,Приволжская,"ПРИВ, ШЧ-7 (Э)",,,,"Не срабатывание (не перегорание), несоответствие номинала",CSH,2024,,,,,,,270 days 17:42:00,389862.0,306.0,342,0.7317596566523605
2,13558973,2024-10-01 07:12:00,Приволжская,"ПРИВ, ШЧ-6 (Э)","1шт ч(к учету 0,27ч)","1шт ч(к учету 0,23ч)",,"Срабатывание, воздействие тягового тока",CSH,2024,0.0,"0,27ч",0.0,"0,23ч",,,271 days 13:32:00,391052.0,1190.0,343,0.7339055793991416
3,13564753,2024-10-01 10:00:00,Приволжская,"ПРИВ, ШЧ-6 (Э)",,,,"Микропереключатель, повреждение",CSH,2024,,,,,,,271 days 16:20:00,391220.0,168.0,344,0.7360515021459227
3,13560319,2024-10-01 21:11:00,Приволжская,"ПРИВ, ШЧ-3 (Э)",,,,"Кнопки, излом контакта",CSH,2024,,,,,,,272 days 03:31:00,391891.0,671.0,345,0.7381974248927039
3,13560504,2024-10-02 02:43:00,Приволжская,"ПРИВ, ШЧ-14",,,,Обрыв монтажного провода,CSH,2024,,,,,,,272 days 09:03:00,392223.0,332.0,346,0.740343347639485
3,13566668,2024-10-02 11:00:00,Приволжская,"ПРИВ, ШЧ-6 (Э)",,,,"Обмотка, обрыв",CSH,2024,,,,,,,272 days 17:20:00,392720.0,497.0,347,0.7424892703862661
3,13566659,2024-10-03 13:50:00,Приволжская,"ПРИВ, ШЧ-6 (Э)",,,,"Срабатывание (перегорание), коммутационные перенапряжения",CSH,2024,,,,,,,273 days 20:10:00,394330.0,1610.0,348,0.7446351931330472
2,13564604,2024-10-03 21:55:00,Приволжская,"ПРИВ, ШЧ-3 (Э)",,"1шт ч(к учету 0,18ч)",,Нарушение контакта,CSH,2024,,,0.0,"0,18ч",,,274 days 04:15:00,394815.0,485.0,349,0.7467811158798283
3,13566382,2024-10-04 16:42:00,Приволжская,"ПРИВ, ШЧ-14",,,,"Диод, короткое замыкание диода",CSH,2024,,,,,,,274 days 23:02:00,395942.0,1127.0,350,0.7489270386266095
1,13566585,2024-10-04 23:08:00,Приволжская,"ПРИВ, ШЧ-2","1шт ч(к учету 1,22ч)",,,"Внутренний монтаж, обрыв",CSH,2024,1.0,"1,22ч",,,,,275 days 05:28:00,396328.0,386.0,351,0.7510729613733905
3,13571958,2024-10-05 09:26:00,Приволжская,"ПРИВ, ШЧ-7 (Э)",,,,Неисправность монтажа,CSH,2024,,,,,,,275 days 15:46:00,396946.0,618.0,352,0.7532188841201717
3,13575349,2024-10-06 18:55:00,Приволжская,"ПРИВ, ШЧ-8",,,,Неисправность,CSH,2024,,,,,,,277 days 01:15:00,398955.0,2009.0,353,0.7553648068669528
3,13568337,2024-10-06 20:30:00,Приволжская,"ПРИВ, ШЧ-6 (Э)",,,,Нарушение изоляции монтажных проводов,CSH,2024,,,,,,,277 days 02:50:00,399050.0,95.0,354,0.7575107296137339
3,13571077,2024-10-08 10:41:00,Приволжская,"ПРИВ, ШЧ-14",,,,Ослабление крепления монтажных проводов на контактах,CSH,2024,,,,,,,278 days 17:01:00,401341.0,2291.0,355,0.759656652360515
2,13575075,2024-10-10 06:35:00,Приволжская,"ПРИВ, ШЧ-14",,,"1шт ч(к учету 0,13)ч","Коммутаторы, нарушение регулировки контакта",CSH,2024,,,,,0.0,,280 days 12:55:00,403975.0,2634.0,356,0.7618025751072961
2,13576812,2024-10-10 18:03:00,Приволжская,"ПРИВ, ШЧ-13 (Р)","3шт ч(к учету 2,57ч)",,,"Жилы, обрыв",CSH,2024,2.0,"2,57ч",,,,,281 days 00:23:00,404663.0,688.0,357,0.7639484978540773
2,13576828,2024-10-10 18:06:00,Приволжская,"ПРИВ, ШЧ-8",,"1шт ч(к учету 0,12ч)",,Обрыв,CSH,2024,,,0.0,"0,12ч",,,281 days 00:26:00,404666.0,3.0,358,0.7660944206008584
3,13581744,2024-10-12 02:04:00,Приволжская,"ПРИВ, ШЧ-10",,,,"Контактная система, увеличенное сопротивление контакта",CSH,2024,,,,,,,282 days 08:24:00,406584.0,1918.0,359,0.7682403433476395
3,13578942,2024-10-12 05:52:00,Приволжская,"ПРИВ, ШЧ-6 (Э)",,,,"Срабатывание (перегорание), воздействие тягового тока",CSH,2024,,,,,,,282 days 12:12:00,406812.0,228.0,360,0.7703862660944206
3,13580142,2024-10-13 12:23:00,Приволжская,"ПРИВ, ШЧ-6 (Э)",,,,"Жилы, внутренний обрыв",CSH,2024,,,,,,,283 days 18:43:00,408643.0,1831.0,361,0.7725321888412017
3,13583111,2024-10-15 11:35:00,Приволжская,"ПРИВ, ШЧ-14",,,,"Обмотка, обрыв",CSH,2024,,,,,,,285 days 17:55:00,411475.0,2832.0,362,0.7746781115879828
3,13585246,2024-10-16 19:49:00,Приволжская,"ПРИВ, ШЧ-7 (Э)",,,,"Не срабатывание (не перегорание), несоответствие номинала",CSH,2024,,,,,,,287 days 02:09:00,413409.0,1934.0,363,0.776824034334764
2,13586033,2024-10-17 10:16:00,Приволжская,"ПРИВ, ШЧ-10",,"1шт ч(к учету 0,17ч)",,"Лампы, перегорание основной нити",CSH,2024,,,0.0,"0,17ч",,,287 days 16:36:00,414276.0,867.0,364,0.778969957081545
3,13588489,2024-10-17 15:15:00,Приволжская,"ПРИВ, ШЧ-8",,,,"Срабатывание (перегорание), атмосферные перенапряжения",CSH,2024,,,,,,,287 days 21:35:00,414575.0,299.0,365,0.7811158798283262
3,13587225,2024-10-18 08:20:00,Приволжская,"ПРИВ, ШЧ-6 (Э)",,,,"Срабатывание (перегорание), воздействие тягового тока",CSH,2024,,,,,,,288 days 14:40:00,415600.0,1025.0,366,0.7832618025751072
3,13590652,2024-10-18 10:02:00,Приволжская,"ПРИВ, ШЧ-7 (Э)",,,,Неисправность монтажа,CSH,2024,,,,,,,288 days 16:22:00,415702.0,102.0,367,0.7854077253218884
3,13587341,2024-10-18 10:30:00,Приволжская,"ПРИВ, ШЧ-2",,,,"Срабатывание, несоответствие номинала",CSH,2024,,,,,,,288 days 16:50:00,415730.0,28.0,368,0.7875536480686696
3,13587404,2024-10-18 11:15:00,Приволжская,"ПРИВ, ШЧ-14",,,,"Диод, обрыв",CSH,2024,,,,,,,288 days 17:35:00,415775.0,45.0,369,0.7896995708154506
2,13588008,2024-10-18 18:10:00,Приволжская,"ПРИВ, ШЧ-1","2шт ч(к учету 1,1ч)",,,Нарушение изоляции,CSH,2024,1.0,"1,1ч",,,,,289 days 00:30:00,416190.0,415.0,370,0.7918454935622318
3,13588428,2024-10-19 07:49:00,Приволжская,"ПРИВ, ШЧ-7 (Э)",,,,"Срабатывание, несоответствие номинала",CSH,2024,,,,,,,289 days 14:09:00,417009.0,819.0,371,0.7939914163090128
3,13589430,2024-10-20 10:22:00,Приволжская,"ПРИВ, ШЧ-3 (Э)",,,,"Срабатывание, несоответствие номинала",CSH,2024,,,,,,,290 days 16:42:00,418602.0,1593.0,372,0.796137339055794
3,13590411,2024-10-21 11:18:00,Приволжская,"ПРИВ, ШЧ-6 (Э)",,,,"Крышка, нарушение целостности",CSH,2024,,,,,,,291 days 17:38:00,420098.0,1496.0,373,0.7982832618025751
3,13590466,2024-10-21 12:57:00,Приволжская,"ПРИВ, ШЧ-6 (Э)",,,,Реле блока автоматического регулирования,CSH,2024,,,,,,,291 days 19:17:00,420197.0,99.0,374,0.8004291845493562
2,13590799,2024-10-21 16:49:00,Приволжская,"ПРИВ, ШЧ-14",,,"1шт ч(к учету 0,22)ч",Влияние посторонних источников питания,CSH,2024,,,,,0.0,,291 days 23:09:00,420429.0,232.0,375,0.8025751072961373
3,13596222,2024-10-24 01:27:00,Приволжская,"ПРИВ, ШЧ-10",,,,"Лампы, перегорание основной нити",CSH,2024,,,,,,,294 days 07:47:00,423827.0,3398.0,376,0.8047210300429185
2,13612744,2024-10-25 21:01:00,Приволжская,"ПРИВ, ШЧ-6 (Э)","1шт ч(к учету 0,5ч)",,,Неисправность аппаратной части АРМ,CSH,2024,0.0,"0,5ч",,,,,296 days 03:21:00,426441.0,2614.0,377,0.8068669527896996
3,13596279,2024-10-26 16:19:00,Приволжская,"ПРИВ, ИЧ ПАЛЛАСОВКА Ш",,,,"Не срабатывание (не перегорание), нарушение контакта штепсельного разъема, ослабление крепления",CSH,2024,,,,,,,296 days 22:39:00,427599.0,1158.0,378,0.8090128755364807
3,13596348,2024-10-26 18:31:00,Приволжская,"ПРИВ, ШЧ-6 (Э)",,,,"Срабатывание, воздействие тягового тока",CSH,2024,,,,,,,297 days 00:51:00,427731.0,132.0,379,0.8111587982832618
3,13600599,2024-10-28 10:00:00,Приволжская,"ПРИВ, ШЧ-6 (Э)",,,,"Кнопки, механическое заедание кнопки",CSH,2024,,,,,,,298 days 16:20:00,430100.0,2369.0,380,0.8133047210300429
3,13602061,2024-10-28 14:02:00,Приволжская,"ПРИВ, ШЧ-7 (Э)",,,,Неисправность монтажа,CSH,2024,,,,,,,298 days 20:22:00,430342.0,242.0,381,0.8154506437768241
3,13601258,2024-10-28 16:38:00,Приволжская,"ПРИВ, ШЧ-7 (Э)",,,,"Светодиоды, неисправность",CSH,2024,,,,,,,298 days 22:58:00,430498.0,156.0,382,0.8175965665236051
3,13598843,2024-10-29 12:10:00,Приволжская,"ПРИВ, ШЧ-6 (Э)",,,,"Оболочка, повреждение",CSH,2024,,,,,,,299 days 18:30:00,431670.0,1172.0,383,0.8197424892703863
3,13601369,2024-10-29 14:00:00,Приволжская,"ПРИВ, ШЧ-6 (Э)",,,,"Срабатывание, воздействие тягового тока",CSH,2024,,,,,,,299 days 20:20:00,431780.0,110.0,384,0.8218884120171673
3,13601077,2024-10-29 15:37:00,Приволжская,"ПРИВ, ШЧ-14",,,,Неисправность устройств электроснабжения,CSH,2024,,,,,,,299 days 21:57:00,431877.0,97.0,385,0.8240343347639485
1,13599270,2024-10-29 23:50:00,Приволжская,"ПРИВ, ШЧ-7 (Э)","1шт ч(к учету 1,15ч)",,,"Трансформатор, обрыв обмотки",CSH,2024,1.0,"1,15ч",,,,,300 days 06:10:00,432370.0,493.0,386,0.8261802575107297
3,13601993,2024-10-30 13:00:00,Приволжская,"ПРИВ, ШЧ-14",,,,"Монтаж, потеря контакта болтовых крепления",CSH,2024,,,,,,,300 days 19:20:00,433160.0,790.0,387,0.8283261802575107
3,13600068,2024-10-30 13:21:00,Приволжская,"ПРИВ, ШЧ-6 (Э)",,,,"Срабатывание, воздействие тягового тока",CSH,2024,,,,,,,300 days 19:41:00,433181.0,21.0,388,0.8304721030042919
3,13602645,2024-10-30 16:12:00,Приволжская,"ПРИВ, ШЧ-7 (Э)",,,,Неисправность,CSH,2024,,,,,,,300 days 22:32:00,433352.0,171.0,389,0.8326180257510729
3,13600779,2024-10-31 06:00:00,Приволжская,"ПРИВ, ШЧ-10",,,,"Обмотка, обрыв",CSH,2024,,,,,,,301 days 12:20:00,434180.0,828.0,390,0.8347639484978541
3,13602023,2024-10-31 15:00:00,Приволжская,"ПРИВ, ШЧ-14",,,,Ослабление крепления монтажных проводов на контактах,CSH,2024,,,,,,,301 days 21:20:00,434720.0,540.0,391,0.8369098712446352
3,13602025,2024-10-31 16:00:00,Приволжская,"ПРИВ, ШЧ-14",,,,"Срабатывание (перегорание), воздействие тягового тока",CSH,2024,,,,,,,301 days 22:20:00,434780.0,60.0,392,0.8390557939914163
3,13601968,2024-11-01 07:14:00,Приволжская,"ПРИВ, ШЧ-14",,,,"Диод, пробой",CSH,2024,,,,,,,302 days 13:34:00,435694.0,914.0,393,0.8412017167381974
3,13602776,2024-11-01 22:22:00,Приволжская,"ПРИВ, ШЧ-7 (Э)",,,,"Срабатывание, несоответствие номинала",CSH,2024,,,,,,,303 days 04:42:00,436602.0,908.0,394,0.8433476394849786
3,13609658,2024-11-04 03:24:00,Приволжская,"ПРИВ, ШЧ-6 (Э)",,,,"Срабатывание (перегорание), воздействие тягового тока",CSH,2024,,,,,,,305 days 09:44:00,439784.0,3182.0,395,0.8454935622317596
3,13609651,2024-11-04 09:30:00,Приволжская,"ПРИВ, ШЧ-6 (Э)",,,,"Срабатывание (перегорание), воздействие тягового тока",CSH,2024,,,,,,,305 days 15:50:00,440150.0,366.0,396,0.8476394849785408
2,13605851,2024-11-05 04:23:00,Приволжская,"ПРИВ, ШЧ-2","2шт ч(к учету 1,55ч)",,,"Конденсатор, обрыв конденсатора",CSH,2024,1.0,"1,55ч",,,,,306 days 10:43:00,441283.0,1133.0,397,0.8497854077253219
3,13612730,2024-11-06 07:47:00,Приволжская,"ПРИВ, ШЧ-3 (Э)",,,,"Лампы, перегорание основной нити",CSH,2024,,,,,,,307 days 14:07:00,442927.0,1644.0,398,0.851931330472103
2,13610549,2024-11-07 11:42:00,Приволжская,"ПРИВ, ШЧ-8","2шт (к учету 1) ч(к учету 1,03ч)",,,Неисправность источника бесперебойного питания,CSH,2024,1.0,"1,03ч",,,,,308 days 18:02:00,444602.0,1675.0,399,0.8540772532188842
2,13614009,2024-11-09 16:16:00,Приволжская,"ПРИВ, ШЧ-2","1шт ч(к учету 0,87ч)",,,"Лампочки индикации, перегорание",CSH,2024,0.0,"0,87ч",,,,,310 days 22:36:00,447756.0,3154.0,400,0.8562231759656652
3,13614976,2024-11-10 20:08:00,Приволжская,"ПРИВ, ШЧ-6 (Э)",,,,"Срабатывание (перегорание), воздействие тягового тока",CSH,2024,,,,,,,312 days 02:28:00,449428.0,1672.0,401,0.8583690987124464
2,13614988,2024-11-10 20:23:00,Приволжская,"ПРИВ, ШЧ-7 (Э)",,,"1шт ч(к учету 0,17)ч","Монтаж, повреждение пайки выводов",CSH,2024,,,,,0.0,,312 days 02:43:00,449443.0,15.0,402,0.8605150214592274
3,13616839,2024-11-12 03:01:00,Приволжская,"ПРИВ, ШЧ-6 (Э)",,,,"Нарушение контакта в штепсельных розетках, излом розеток",CSH,2024,,,,,,,313 days 09:21:00,451281.0,1838.0,403,0.8626609442060086
3,13621592,2024-11-12 05:34:00,Приволжская,"ПРИВ, ШЧ-8",,,,"Нарушение контакта в клеммных колодках (резьб), плохой контакт",CSH,2024,,,,,,,313 days 11:54:00,451434.0,153.0,404,0.8648068669527897
3,13618078,2024-11-12 15:45:00,Приволжская,"ПРИВ, ШЧ-10",,,,Неисправность,CSH,2024,,,,,,,313 days 22:05:00,452045.0,611.0,405,0.8669527896995708
2,13618477,2024-11-13 03:15:00,Приволжская,"ПРИВ, ШЧ-6 (Э)","2шт (к учету 1) ч(к учету 0,58ч)",,,"Жилы, внутренний обрыв",CSH,2024,1.0,"0,58ч",,,,,314 days 09:35:00,452735.0,690.0,406,0.869098712446352
2,13620337,2024-11-14 05:21:00,Приволжская,"ПРИВ, ШЧ-6 (Э)",,"1шт ч(к учету 0,1ч)",,"Срабатывание (перегорание), воздействие тягового тока",CSH,2024,,,0.0,"0,1ч",,,315 days 11:41:00,454301.0,1566.0,407,0.871244635193133
2,13622895,2024-11-15 20:10:00,Приволжская,"ПРИВ, ШЧ-1","2шт ч(к учету 1,22ч)",,,"Не срабатывание (не перегорание), коммутационные перенапряжения",CSH,2024,1.0,"1,22ч",,,,,317 days 02:30:00,456630.0,2329.0,408,0.8733905579399142
3,13624399,2024-11-18 07:00:00,Приволжская,"ПРИВ, ШЧ-6 (Э)",,,,"Срабатывание (перегорание), коммутационные перенапряжения",CSH,2024,,,,,,,319 days 13:20:00,460160.0,3530.0,409,0.8755364806866953
2,13624613,2024-11-18 09:37:00,Приволжская,"ПРИВ, ШЧ-7 (Э)","1шт ч(к учету 0,68ч)",,,"Срабатывание, несоответствие номинала",CSH,2024,0.0,"0,68ч",,,,,319 days 15:57:00,460317.0,157.0,410,0.8776824034334764
3,13627921,2024-11-18 20:02:00,Приволжская,"ПРИВ, ШЧ-7 (Э)",,,,"Не срабатывание (не перегорание), несоответствие номинала",CSH,2024,,,,,,,320 days 02:22:00,460942.0,625.0,411,0.8798283261802575
2,13625741,2024-11-19 10:00:00,Приволжская,"ПРИВ, ШЧ-10","1шт ч(к учету 0,47ч)",,,"Контактная система, увеличенное сопротивление",CSH,2024,0.0,"0,47ч",,,,,320 days 16:20:00,461780.0,838.0,412,0.8819742489270386
2,13626085,2024-11-19 13:44:00,Приволжская,"ПРИВ, ШЧ-13 (Р)","2шт ч(к учету 1,43ч)",,,"Электродвигатель, постоянного тока (МСП, ДСП), обрыв обмотки якоря",CSH,2024,1.0,"1,43ч",,,,,320 days 20:04:00,462004.0,224.0,413,0.8841201716738197
3,13626204,2024-11-19 16:58:00,Приволжская,"ПРИВ, ШЧ-6 (Э)",,,,"Плата питания МПР-МУ, неисправность",CSH,2024,,,,,,,320 days 23:18:00,462198.0,194.0,414,0.8862660944206009
3,13628127,2024-11-19 18:54:00,Приволжская,"ПРИВ, ШЧ-14",,,,"Срабатывание (перегорание), коммутационные перенапряжения",CSH,2024,,,,,,,321 days 01:14:00,462314.0,116.0,415,0.8884120171673819
3,13627505,2024-11-20 21:55:00,Приволжская,"ПРИВ, ШЧ-2",,,,"Контактная система, увеличенное сопротивление контакта",CSH,2024,,,,,,,322 days 04:15:00,463935.0,1621.0,416,0.8905579399141631
3,13628253,2024-11-21 13:10:00,Приволжская,"ПРИВ, ШЧ-7 (Э)",,,,"Не срабатывание (не перегорание), несоответствие номинала",CSH,2024,,,,,,,322 days 19:30:00,464850.0,915.0,417,0.8927038626609443
2,13628607,2024-11-21 18:19:00,Приволжская,"ПРИВ, ШЧ-13 (Р)",,"1шт ч(к учету 0,2ч)",,Неисправность монтажа,CSH,2024,,,0.0,"0,2ч",,,323 days 00:39:00,465159.0,309.0,418,0.8948497854077253
1,13628918,2024-11-22 05:55:00,Приволжская,"ПРИВ, ШЧ-6 (Э)","1шт ч(к учету 3,75ч)","1шт ч(к учету 0,33ч)","3шт ч(к учету 0,93)ч","Жилы, внутренний обрыв",CSH,2024,3.0,"3,75ч",0.0,"0,33ч",0.0,,323 days 12:15:00,465855.0,696.0,419,0.8969957081545065
2,13629727,2024-11-22 20:11:00,Приволжская,"ПРИВ, ШЧ-14","1шт ч(к учету 0,2ч)",,"1шт ч(к учету 0,4)ч","Контакторы, изношенность контактов",CSH,2024,0.0,"0,2ч",,,0.0,,324 days 02:31:00,466711.0,856.0,420,0.8991416309012875
3,13631739,2024-11-23 21:06:00,Приволжская,"ПРИВ, ШЧ-14",,,,"Срабатывание (перегорание), коммутационные перенапряжения",CSH,2024,,,,,,,325 days 03:26:00,468206.0,1495.0,421,0.9012875536480687
3,13632275,2024-11-25 02:20:00,Приволжская,"ПРИВ, ШЧ-6 (Э)",,,,"Срабатывание (перегорание), воздействие тягового тока",CSH,2024,,,,,,,326 days 08:40:00,469960.0,1754.0,422,0.9034334763948498
3,13633117,2024-11-25 11:41:00,Приволжская,"ПРИВ, ШЧ-7 (Э)",,,,Неисправность монтажа,CSH,2024,,,,,,,326 days 18:01:00,470521.0,561.0,423,0.9055793991416309
3,13632461,2024-11-26 07:02:00,Приволжская,"ПРИВ, ШЧ-8",,,,"Диод, обрыв",CSH,2024,,,,,,,327 days 13:22:00,471682.0,1161.0,424,0.907725321888412
3,13636306,2024-11-26 12:35:00,Приволжская,"ПРИВ, ШЧ-3 (Э)",,,,"Срабатывание (перегорание), несоответствие номинала",CSH,2024,,,,,,,327 days 18:55:00,472015.0,333.0,425,0.9098712446351931
3,13633126,2024-11-26 16:28:00,Приволжская,"ПРИВ, ШЧ-6 (Э)",,,,"Срабатывание (перегорание), воздействие тягового тока",CSH,2024,,,,,,,327 days 22:48:00,472248.0,233.0,426,0.9120171673819742
3,13633943,2024-11-27 11:05:00,Приволжская,"ПРИВ, ШЧ-6 (Э)",,,,"Срабатывание, коммутационные перенапряжения",CSH,2024,,,,,,,328 days 17:25:00,473365.0,1117.0,427,0.9141630901287554
3,13634955,2024-11-28 09:52:00,Приволжская,"ПРИВ, ШЧ-6 (Э)",,,,"Срабатывание, воздействие тягового тока",CSH,2024,,,,,,,329 days 16:12:00,474732.0,1367.0,428,0.9163090128755365
2,13635645,2024-11-28 23:58:00,Приволжская,"ПРИВ, ШЧ-3 (Э)","1шт ч(к учету 0,43ч)",,,Нарушение контакта штепсель/рельс,CSH,2024,0.0,"0,43ч",,,,,330 days 06:18:00,475578.0,846.0,429,0.9184549356223176
3,13642755,2024-12-01 16:27:00,Приволжская,"ПРИВ, ШЧ-14",,,,"Срабатывание (перегорание), воздействие тягового тока",CSH,2024,,,,,,,332 days 22:47:00,479447.0,3869.0,430,0.9206008583690987
3,13641997,2024-12-01 23:27:00,Приволжская,"ПРИВ, ШЧ-7 (Э)",,,,Неисправность монтажа,CSH,2024,,,,,,,333 days 05:47:00,479867.0,420.0,431,0.9227467811158798
3,13639717,2024-12-03 09:29:00,Приволжская,"ПРИВ, ШЧ-6 (Э)",,,,"Лампы, перегорание основной нити",CSH,2024,,,,,,,334 days 15:49:00,481909.0,2042.0,432,0.924892703862661
3,13640384,2024-12-03 12:55:00,Приволжская,"ПРИВ, ШЧ-2",,,,"Срабатывание (перегорание), несоответствие номинала",CSH,2024,,,,,,,334 days 19:15:00,482115.0,206.0,433,0.927038626609442
2,13643768,2024-12-05 10:07:00,Приволжская,"ПРИВ, ШЧ-7 (Э)",,"1шт ч(к учету 0,15ч)",,Неисправность,CSH,2024,,,0.0,"0,15ч",,,336 days 16:27:00,484827.0,2712.0,434,0.9291845493562232
2,13646313,2024-12-06 18:35:00,Приволжская,"ПРИВ, ШЧ-8",,,"1шт ч(к учету 0,12)ч","Срабатывание, воздействие тягового тока",CSH,2024,,,,,0.0,,338 days 00:55:00,486775.0,1948.0,435,0.9313304721030042
2,13647071,2024-12-08 01:05:00,Приволжская,"ПРИВ, ШЧ-6 (Э)","10шт (к учету 8) ч(к учету 4,1ч)",,,Потеря контакта в манжете,CSH,2024,8.0,"4,1ч",,,,,339 days 07:25:00,488605.0,1830.0,436,0.9334763948497854
3,13647212,2024-12-08 07:20:00,Приволжская,"ПРИВ, ШЧ-8",,,,"Выпрямительные элементы, пробой",CSH,2024,,,,,,,339 days 13:40:00,488980.0,375.0,437,0.9356223175965666
2,13647608,2024-12-08 20:09:00,Приволжская,"ПРИВ, ШЧ-14",,,"2шт ч(к учету 0,27)ч",Излом штепселя,CSH,2024,,,,,0.0,,340 days 02:29:00,489749.0,769.0,438,0.9377682403433476
2,13647578,2024-12-08 20:36:00,Приволжская,"ПРИВ, ШЧ-8","4шт ч(к учету 1,25ч)",,,"Срабатывание, воздействие тягового тока",CSH,2024,1.0,"1,25ч",,,,,340 days 02:56:00,489776.0,27.0,439,0.9399141630901288
2,13647679,2024-12-09 01:00:00,Приволжская,"ПРИВ, ШЧ-6 (Э)","5шт (к учету 4) ч(к учету 2,4ч)","3шт ч(к учету 0,95ч)",,Излом провода под гайкой,CSH,2024,4.0,"2,4ч",0.0,"0,95ч",,,340 days 07:20:00,490040.0,264.0,440,0.9420600858369099
3,13650997,2024-12-09 16:08:00,Приволжская,"ПРИВ, ШЧ-13 (Р)",,,,"Срабатывание (перегорание), коммутационные перенапряжения",CSH,2024,,,,,,,340 days 22:28:00,490948.0,908.0,441,0.944206008583691
3,13653928,2024-12-10 10:32:00,Приволжская,"ПРИВ, ШЧ-8",,,,"Нарушение контакта в клеммных колодках (резьб), плохой контакт",CSH,2024,,,,,,,341 days 16:52:00,492052.0,1104.0,442,0.9463519313304721
2,13649768,2024-12-10 10:42:00,Приволжская,"ПРИВ, ШЧ-7 (Э)",,"1шт ч(к учету 0,2ч)",,"Не срабатывание (не перегорание), несоответствие номинала",CSH,2024,,,0.0,"0,2ч",,,341 days 17:02:00,492062.0,10.0,443,0.9484978540772532
2,13650493,2024-12-10 14:51:00,Приволжская,"ПРИВ, ШЧ-2","3шт ч(к учету 2,57ч)",,,"Автопереключатель, разрегулировка контактов",CSH,2024,2.0,"2,57ч",,,,,341 days 21:11:00,492311.0,249.0,444,0.9506437768240343
3,13650937,2024-12-11 03:22:00,Приволжская,"ПРИВ, ШЧ-2",,,,"Срабатывание (перегорание), несоответствие номинала",CSH,2024,,,,,,,342 days 09:42:00,493062.0,751.0,445,0.9527896995708155
3,13654234,2024-12-12 19:35:00,Приволжская,"ПРИВ, ШЧ-3 (Э)",,,,Короткое замыкание пластин,CSH,2024,,,,,,,344 days 01:55:00,495475.0,2413.0,446,0.9549356223175965
3,13655210,2024-12-13 12:19:00,Приволжская,"ПРИВ, ШЧ-2",,,,Короткое замыкание пластин,CSH,2024,,,,,,,344 days 18:39:00,496479.0,1004.0,447,0.9570815450643777
2,13655894,2024-12-14 02:48:00,Приволжская,"ПРИВ, ШЧ-13 (Р)","1шт ч(к учету 0,72ч)",,,"Контактная система, увеличенное сопротивление контакта",CSH,2024,0.0,"0,72ч",,,,,345 days 09:08:00,497348.0,869.0,448,0.9592274678111588
3,13656916,2024-12-15 14:24:00,Приволжская,"ПРИВ, ШЧ-14",,,,"Нарушение контакта в штепсельных розетках, замятие контакта",CSH,2024,,,,,,,346 days 20:44:00,499484.0,2136.0,449,0.9613733905579399
2,13659855,2024-12-18 09:35:00,Приволжская,"ПРИВ, ШЧ-13 (Р)","1шт ч(к учету 0,33ч)",,,"Контактная система, подгар контактов",CSH,2024,0.0,"0,33ч",,,,,349 days 15:55:00,503515.0,4031.0,450,0.9635193133047211
3,13661867,2024-12-19 18:00:00,Приволжская,"ПРИВ, ШЧ-7 (Э)",,,,Неисправность монтажа,CSH,2024,,,,,,,351 days 00:20:00,505460.0,1945.0,451,0.9656652360515021
3,13662101,2024-12-20 03:17:00,Приволжская,"ПРИВ, ШЧ-6 (Э)",,,,Неисправность монтажа,CSH,2024,,,,,,,351 days 09:37:00,506017.0,557.0,452,0.9678111587982833
3,13665187,2024-12-20 16:00:00,Приволжская,"ПРИВ, ШЧ-8",,,,"Срабатывание, воздействие тягового тока",CSH,2024,,,,,,,351 days 22:20:00,506780.0,763.0,453,0.9699570815450643
2,13663277,2024-12-21 07:16:00,Приволжская,"ПРИВ, ШЧ-10",,"2шт (к учету 1) ч(к учету 0,2ч)",,Неисправность,CSH,2024,,,1.0,"0,2ч",,,352 days 13:36:00,507696.0,916.0,454,0.9721030042918455
3,13664305,2024-12-22 21:18:00,Приволжская,"ПРИВ, ШЧ-2",,,,Неисправность аппаратной части АРМ,CSH,2024,,,,,,,354 days 03:38:00,509978.0,2282.0,455,0.9742489270386266
3,13671048,2024-12-23 13:46:00,Приволжская,"ПРИВ, ШЧ-10",,,,"Лампы, перегорание основной нити",CSH,2024,,,,,,,354 days 20:06:00,510966.0,988.0,456,0.9763948497854077
3,13671242,2024-12-25 06:57:00,Приволжская,"ПРИВ, ШЧ-14",,,,Отсутствие,CSH,2024,,,,,,,356 days 13:17:00,513437.0,2471.0,457,0.9785407725321889
3,13671144,2024-12-25 16:12:00,Приволжская,"ПРИВ, ШЧ-14",,,,"Светодиоды, неисправность",CSH,2024,,,,,,,356 days 22:32:00,513992.0,555.0,458,0.98068669527897
2,13669026,2024-12-25 18:29:00,Приволжская,"ПРИВ, ШЧ-7 (Э)","2шт ч(к учету 0,47ч)","1шт ч(к учету 0,28ч)",,Нарушение контакта,CSH,2024,0.0,"0,47ч",0.0,"0,28ч",,,357 days 00:49:00,514129.0,137.0,459,0.9828326180257511
3,13685542,2024-12-27 06:15:00,Приволжская,"ПРИВ, ШЧ-7 (Э)",,,"1шт ч(к учету 0,03)ч",Неисправность,CSH,2024,,,,,0.0,,358 days 12:35:00,516275.0,2146.0,460,0.9849785407725322
2,13671200,2024-12-27 15:20:00,Приволжская,"ПРИВ, ШЧ-13 (Р)","3шт ч(к учету 1,23ч)",,,Неисправность,CSH,2024,1.0,"1,23ч",,,,,358 days 21:40:00,516820.0,545.0,461,0.9871244635193133
3,13674134,2024-12-27 23:37:00,Приволжская,"ПРИВ, ШЧ-3 (Э)",,,,"Провода, обрыв",CSH,2024,,,,,,,359 days 05:57:00,517317.0,497.0,462,0.9892703862660944
2,13672465,2024-12-28 17:28:00,Приволжская,"ПРИВ, ШЧ-1","3шт (к учету 2) ч(к учету 1,13ч)",,,"Автопереключатель, разрегулировка контактов",CSH,2024,2.0,"1,13ч",,,,,359 days 23:48:00,518388.0,1071.0,463,0.9914163090128756
2,13672997,2024-12-29 12:41:00,Приволжская,"ПРИВ, ШЧ-3 (Э)","1шт ч(к учету 0,27ч)",,,"Не срабатывание (не перегорание), несоответствие номинала",CSH,2024,0.0,"0,27ч",,,,,360 days 19:01:00,519541.0,1153.0,464,0.9935622317596566
3,13674211,2024-12-30 03:21:00,Приволжская,"ПРИВ, ШЧ-3 (Э)",,,,"Лампы, перегорание основной нити",CSH,2024,,,,,,,361 days 09:41:00,520421.0,880.0,465,0.9957081545064378
3,13673417,2024-12-30 05:51:00,Приволжская,"ПРИВ, ШЧ-7 (Э)",,,,"Основная обмотка, короткое замыкание",CSH,2024,,,,,,,361 days 12:11:00,520571.0,150.0,466,0.9978540772532188
2,13673857,2024-12-30 18:00:00,Приволжская,"ПРИВ, ШЧ-14","1шт ч(к учету 0,75ч)",,,"Автопереключатель, индевение контактов",CSH,2024,0.0,"0,75ч",,,,,362 days 00:20:00,521300.0,729.0,467,1.0
