CATEGORY,START_TIME,ROAD,DEPARTMENT,YEAR,DELTA_TIME,DELTA_MINUTES,TIME_DIFF,INDEX,SEASON,MONTH,LAMBDA_MONTH
2,2025-01-02 04:05:13.969747860,Октябрьская,SYNTHETIC,2025,0 days 00:00:00,1685.232829130515,1685.232829130515,0.0,Зима,1,13.562159899539555
2,2025-01-06 22:10:22.989146220,Октябрьская,SYNTHETIC,2025,4 days 18:05:09.019398360,8530.383152436878,6845.150323306362,0.001937984496124031,Зима,1,13.562159899539555
2,2025-01-07 01:34:28.161294720,Октябрьская,SYNTHETIC,2025,4 days 21:29:14.191546860,8734.469354912078,204.0862024751996,0.003875968992248062,Зима,1,13.562159899539555
2,2025-01-09 03:55:34.407099900,Октябрьская,SYNTHETIC,2025,6 days 23:50:20.437352040,11755.573451665041,3021.104096752963,0.005813953488372093,Зима,1,13.562159899539555
2,2025-01-13 19:19:46.010556660,Октябрьская,SYNTHETIC,2025,11 days 15:14:32.040808800,18439.76684261144,6684.1933909464005,0.007751937984496124,Зима,1,13.562159899539555
2,2025-01-15 19:51:36.665956800,Октябрьская,SYNTHETIC,2025,13 days 15:46:22.696208940,21351.61109927958,2911.844256668141,0.009689922480620155,Зима,1,13.562159899539555
2,2025-01-17 07:55:07.588901220,Октябрьская,SYNTHETIC,2025,15 days 03:49:53.619153360,23515.12648168737,2163.51538240779,0.011627906976744186,Зима,1,13.562159899539555
2,2025-01-17 22:13:30.407927580,Октябрьская,SYNTHETIC,2025,15 days 18:08:16.438179720,24373.506798792565,858.380317105195,0.013565891472868217,Зима,1,13.562159899539555
2,2025-01-18 15:59:29.061774180,Октябрьская,SYNTHETIC,2025,16 days 11:54:15.092026320,25439.48436290308,1065.977564110515,0.015503875968992248,Зима,1,13.562159899539555
2,2025-01-27 07:33:02.008599540,Октябрьская,SYNTHETIC,2025,25 days 03:27:48.038851680,37893.03347665873,12453.549113755656,0.01744186046511628,Зима,1,13.562159899539555
2,2025-01-28 03:39:03.976831800,Октябрьская,SYNTHETIC,2025,25 days 23:33:50.007083940,39099.06628053014,1206.0328038714035,0.01937984496124031,Зима,1,13.562159899539555
2,2025-01-30 20:34:33.591730080,Октябрьская,SYNTHETIC,2025,28 days 16:29:19.621982220,42994.55986216767,3895.493581637527,0.02131782945736434,Зима,1,13.562159899539555
2,2025-01-31 07:22:10.156889460,Октябрьская,SYNTHETIC,2025,29 days 03:16:56.187141600,43642.169281491064,647.6094193233956,0.023255813953488372,Зима,1,13.562159899539555
2,2025-02-01 04:53:04.071741420,Октябрьская,SYNTHETIC,2025,30 days 00:47:50.101993560,293.06786235669836,293.06786235669836,0.025193798449612403,Зима,2,13.562159899539555
2,2025-02-01 18:11:58.777101240,Октябрьская,SYNTHETIC,2025,30 days 14:06:44.807353380,1091.9796183536673,798.9117559969691,0.027131782945736434,Зима,2,13.562159899539555
2,2025-02-02 06:27:22.816648440,Октябрьская,SYNTHETIC,2025,31 days 02:22:08.846900580,46467.38027747416,2825.2109959831023,0.029069767441860465,Зима,1,13.562159899539555
2,2025-02-03 01:20:41.714621580,Октябрьская,SYNTHETIC,2025,31 days 21:15:27.744873720,2960.695243692938,1868.715625339271,0.031007751937984496,Зима,2,13.562159899539555
2,2025-02-09 19:43:06.889822800,Октябрьская,SYNTHETIC,2025,38 days 15:37:52.920074940,12703.114830379862,9742.419586686923,0.03294573643410853,Зима,2,13.562159899539555
2,2025-02-10 21:46:10.872000960,Октябрьская,SYNTHETIC,2025,39 days 17:40:56.902253100,14266.181200015784,1563.0663696359215,0.03488372093023256,Зима,2,13.562159899539555
2,2025-02-14 06:55:07.440407880,Октябрьская,SYNTHETIC,2025,43 days 02:49:53.470660020,19135.124006797967,4868.942806782185,0.03682170542635659,Зима,2,13.562159899539555
2,2025-02-16 19:10:41.855117940,Октябрьская,SYNTHETIC,2025,45 days 15:05:27.885370080,22750.697585299364,3615.5735785013962,0.03875968992248062,Зима,2,13.562159899539555
2,2025-02-18 09:42:17.769942480,Октябрьская,SYNTHETIC,2025,47 days 05:37:03.800194620,25062.296165707725,2311.5985804083616,0.040697674418604654,Зима,2,13.562159899539555
2,2025-02-18 11:52:04.955447880,Октябрьская,SYNTHETIC,2025,47 days 07:46:50.985700020,25192.082590797883,129.78642509015944,0.04263565891472868,Зима,2,13.562159899539555
2,2025-02-19 13:03:34.548660540,Октябрьская,SYNTHETIC,2025,48 days 08:58:20.578912680,26703.57581100852,1511.4932202106368,0.044573643410852716,Зима,2,13.562159899539555
2,2025-02-21 09:13:18.764452560,Октябрьская,SYNTHETIC,2025,50 days 05:08:04.794704700,29353.312740876467,2649.736929867947,0.046511627906976744,Зима,2,13.562159899539555
2,2025-02-21 23:42:27.909053640,Октябрьская,SYNTHETIC,2025,50 days 19:37:13.939305780,30222.465150894444,869.1524100179795,0.04844961240310078,Зима,2,13.562159899539555
2,2025-02-28 18:57:43.187164560,Октябрьская,SYNTHETIC,2025,57 days 14:52:29.217416700,40017.719786075904,9795.254635181458,0.050387596899224806,Зима,2,13.562159899539555
2,2025-02-28 19:54:32.124309299,Октябрьская,SYNTHETIC,2025,57 days 15:49:18.154561439,40074.53540515529,56.8156190793878,0.05232558139534884,Зима,2,13.562159899539555
2,2025-03-01 08:58:58.199022600,Октябрьская,SYNTHETIC,2025,58 days 04:53:44.229274740,538.9699837102348,538.9699837102348,0.05426356589147287,Весна,3,51.884002888525714
2,2025-03-03 19:32:42.961498200,Октябрьская,SYNTHETIC,2025,60 days 15:27:28.991750340,4052.7160249700128,3513.746041259778,0.0562015503875969,Весна,3,51.884002888525714
2,2025-03-03 19:41:24.444195300,Октябрьская,SYNTHETIC,2025,60 days 15:36:10.474447440,4061.4074032546305,8.691378284617869,0.05813953488372093,Весна,3,51.884002888525714
2,2025-03-04 09:45:03.007054020,Октябрьская,SYNTHETIC,2025,61 days 05:39:49.037306160,4905.050117567162,843.6427143125314,0.060077519379844964,Весна,3,51.884002888525714
2,2025-03-06 08:15:39.941215920,Октябрьская,SYNTHETIC,2025,63 days 04:10:25.971468060,7695.665686931532,2790.615569364371,0.06201550387596899,Весна,3,51.884002888525714
2,2025-03-08 12:16:22.641386460,Октябрьская,SYNTHETIC,2025,65 days 08:11:08.671638600,10816.37735644139,3120.711669509858,0.06395348837209303,Весна,3,51.884002888525714
2,2025-03-08 14:18:14.142874020,Октябрьская,SYNTHETIC,2025,65 days 10:13:00.173126160,10938.23571456725,121.858358125861,0.06589147286821706,Весна,3,51.884002888525714
2,2025-03-08 22:53:50.613865680,Октябрьская,SYNTHETIC,2025,65 days 18:48:36.644117820,11453.843564428209,515.6078498609589,0.06782945736434108,Весна,3,51.884002888525714
2,2025-03-09 02:17:26.334874620,Октябрьская,SYNTHETIC,2025,65 days 22:12:12.365126760,11657.438914577446,203.5953501492369,0.06976744186046512,Весна,3,51.884002888525714
2,2025-03-09 10:11:41.054828340,Октябрьская,SYNTHETIC,2025,66 days 06:06:27.085080480,12131.684247139226,474.2453325617814,0.07170542635658915,Весна,3,51.884002888525714
2,2025-03-10 14:03:15.792597600,Октябрьская,SYNTHETIC,2025,67 days 09:58:01.822849740,13803.263209960209,1671.578962820983,0.07364341085271318,Весна,3,51.884002888525714
2,2025-03-10 16:16:03.125206800,Октябрьская,SYNTHETIC,2025,67 days 12:10:49.155458940,13936.052086779622,132.78887681941296,0.0755813953488372,Весна,3,51.884002888525714
2,2025-03-10 22:31:42.803130960,Октябрьская,SYNTHETIC,2025,67 days 18:26:28.833383100,14311.713385515759,375.66129873613664,0.07751937984496124,Весна,3,51.884002888525714
2,2025-03-11 05:36:04.010588459,Октябрьская,SYNTHETIC,2025,68 days 01:30:50.040840599,14736.066843141394,424.35345762563486,0.07945736434108527,Весна,3,51.884002888525714
2,2025-03-11 06:11:56.475690780,Октябрьская,SYNTHETIC,2025,68 days 02:06:42.505942920,14771.94126151324,35.87441837184603,0.08139534883720931,Весна,3,51.884002888525714
2,2025-03-12 19:29:08.878810860,Октябрьская,SYNTHETIC,2025,69 days 15:23:54.909063,17009.147980180962,2237.2067186677227,0.08333333333333333,Весна,3,51.884002888525714
2,2025-03-14 01:41:30.239972160,Октябрьская,SYNTHETIC,2025,70 days 21:36:16.270224300,18821.503999535602,1812.3560193546416,0.08527131782945736,Весна,3,51.884002888525714
2,2025-03-14 06:27:50.204729460,Октябрьская,SYNTHETIC,2025,71 days 02:22:36.234981600,19107.836745491153,286.332745955552,0.0872093023255814,Весна,3,51.884002888525714
2,2025-03-14 10:34:19.998128640,Октябрьская,SYNTHETIC,2025,71 days 06:29:06.028380780,19354.33330214442,246.496556653267,0.08914728682170543,Весна,3,51.884002888525714
2,2025-03-15 10:17:15.647189399,Октябрьская,SYNTHETIC,2025,72 days 06:12:01.677441539,20777.2607864898,1422.927484345378,0.09108527131782945,Весна,3,51.884002888525714
2,2025-03-17 19:24:24.252485100,Октябрьская,SYNTHETIC,2025,74 days 15:19:10.282737240,24204.404208085438,3427.143421595639,0.09302325581395349,Весна,3,51.884002888525714
2,2025-03-17 22:19:42.082831140,Октябрьская,SYNTHETIC,2025,74 days 18:14:28.113083280,24379.701380519327,175.29717243388976,0.09496124031007752,Весна,3,51.884002888525714
2,2025-03-18 06:12:24.623860980,Октябрьская,SYNTHETIC,2025,75 days 02:07:10.654113120,24852.410397682735,472.70901716340865,0.09689922480620156,Весна,3,51.884002888525714
2,2025-03-18 22:02:34.955392680,Октябрьская,SYNTHETIC,2025,75 days 17:57:20.985644820,25802.58258987787,950.1721921951339,0.09883720930232558,Весна,3,51.884002888525714
2,2025-03-19 01:54:30.982980780,Октябрьская,SYNTHETIC,2025,75 days 21:49:17.013232920,26034.516383012713,231.9337931348414,0.10077519379844961,Весна,3,51.884002888525714
2,2025-03-19 23:43:14.871066180,Октябрьская,SYNTHETIC,2025,76 days 19:38:00.901318320,27343.24785110348,1308.7314680907675,0.10271317829457365,Весна,3,51.884002888525714
2,2025-03-21 04:47:14.145464760,Октябрьская,SYNTHETIC,2025,78 days 00:42:00.175716900,29087.23575774616,1743.98790664268,0.10465116279069768,Весна,3,51.884002888525714
2,2025-03-21 05:14:30.253732800,Октябрьская,SYNTHETIC,2025,78 days 01:09:16.283984940,29114.50422887987,27.26847113371089,0.1065891472868217,Весна,3,51.884002888525714
2,2025-03-22 09:54:17.394160200,Октябрьская,SYNTHETIC,2025,79 days 05:49:03.424412340,30834.289902669552,1719.7856737896832,0.10852713178294573,Весна,3,51.884002888525714
2,2025-03-22 09:55:54.810475920,Октябрьская,SYNTHETIC,2025,79 days 05:50:40.840728060,30835.913507931542,1.623605261990824,0.11046511627906977,Весна,3,51.884002888525714
2,2025-03-22 16:54:37.701651300,Октябрьская,SYNTHETIC,2025,79 days 12:49:23.731903440,31254.628360855182,418.71485292363906,0.1124031007751938,Весна,3,51.884002888525714
2,2025-03-22 17:44:06.033849000,Октябрьская,SYNTHETIC,2025,79 days 13:38:52.064101140,31304.100564150216,49.47220329503414,0.11434108527131782,Весна,3,51.884002888525714
2,2025-03-23 09:50:34.947533820,Октябрьская,SYNTHETIC,2025,80 days 05:45:20.977785960,32270.5824588973,966.4818947470856,0.11627906976744186,Весна,3,51.884002888525714
2,2025-03-23 20:26:51.097571940,Октябрьская,SYNTHETIC,2025,80 days 16:21:37.127824080,32906.85162619929,636.2691673019915,0.1182170542635659,Весна,3,51.884002888525714
2,2025-03-24 00:44:54.491491080,Октябрьская,SYNTHETIC,2025,80 days 20:39:40.521743220,33164.90819151758,258.05656531828765,0.12015503875968993,Весна,3,51.884002888525714
2,2025-03-25 01:04:35.870386140,Октябрьская,SYNTHETIC,2025,81 days 20:59:21.900638280,34624.59783976858,1459.689648251004,0.12209302325581395,Весна,3,51.884002888525714
2,2025-03-25 11:01:28.622706360,Октябрьская,SYNTHETIC,2025,82 days 06:56:14.652958500,35221.47704510556,596.879205336979,0.12403100775193798,Весна,3,51.884002888525714
2,2025-03-25 16:38:05.372402340,Октябрьская,SYNTHETIC,2025,82 days 12:32:51.402654480,35558.08954003875,336.61249493319247,0.12596899224806202,Весна,3,51.884002888525714
2,2025-03-27 12:02:26.183496300,Октябрьская,SYNTHETIC,2025,84 days 07:57:12.213748440,38162.43639160509,2604.3468515663435,0.12790697674418605,Весна,3,51.884002888525714
2,2025-03-27 20:55:23.228331540,Октябрьская,SYNTHETIC,2025,84 days 16:50:09.258583680,38695.38713885876,532.9507472536644,0.1298449612403101,Весна,3,51.884002888525714
2,2025-03-29 13:13:03.880898400,Октябрьская,SYNTHETIC,2025,86 days 09:07:49.911150540,41113.0646816399,2417.677542781143,0.13178294573643412,Весна,3,51.884002888525714
2,2025-03-30 03:17:27.496147560,Октябрьская,SYNTHETIC,2025,86 days 23:12:13.526399700,41957.45826912647,844.3935874865701,0.13372093023255813,Весна,3,51.884002888525714
2,2025-03-30 17:44:56.036632620,Октябрьская,SYNTHETIC,2025,87 days 13:39:42.066884760,42824.933943876706,867.4756747502289,0.13565891472868216,Весна,3,51.884002888525714
2,2025-03-30 21:29:59.139921900,Октябрьская,SYNTHETIC,2025,87 days 17:24:45.170174040,43049.98566536506,225.05172148835408,0.1375968992248062,Весна,3,51.884002888525714
2,2025-03-31 15:42:38.881560360,Октябрьская,SYNTHETIC,2025,88 days 11:37:24.911812500,44142.64802600564,1092.6623606405847,0.13953488372093023,Весна,3,51.884002888525714
2,2025-03-31 16:55:46.595780040,Октябрьская,SYNTHETIC,2025,88 days 12:50:32.626032180,44215.77659633405,73.12857032840964,0.14147286821705427,Весна,3,51.884002888525714
2,2025-04-01 01:14:29.353067880,Октябрьская,SYNTHETIC,2025,88 days 21:09:15.383320020,74.48921779799021,74.48921779799021,0.1434108527131783,Весна,4,51.884002888525714
2,2025-04-01 01:44:21.986213220,Октябрьская,SYNTHETIC,2025,88 days 21:39:08.016465360,44744.36643688717,528.5898405531196,0.14534883720930233,Весна,3,51.884002888525714
2,2025-04-01 02:35:24.220908120,Октябрьская,SYNTHETIC,2025,88 days 22:30:10.251160260,44795.40368180249,51.03724491532538,0.14728682170542637,Весна,3,51.884002888525714
2,2025-04-01 07:35:58.032306060,Октябрьская,SYNTHETIC,2025,89 days 03:30:44.062558200,455.96720510079854,381.47798730280834,0.14922480620155038,Весна,4,51.884002888525714
2,2025-04-01 21:10:32.138897880,Октябрьская,SYNTHETIC,2025,89 days 17:05:18.169150020,1270.535648298191,814.5684431973925,0.1511627906976744,Весна,4,51.884002888525714
2,2025-04-01 21:46:54.999811620,Октябрьская,SYNTHETIC,2025,89 days 17:41:41.030063760,45946.916663527416,1151.5129817249233,0.15310077519379844,Весна,3,51.884002888525714
2,2025-04-01 23:43:41.913028980,Октябрьская,SYNTHETIC,2025,89 days 19:38:27.943281120,1423.6985504830595,153.16290218486853,0.15503875968992248,Весна,4,51.884002888525714
2,2025-04-02 00:00:15.345322559,Октябрьская,SYNTHETIC,2025,89 days 19:55:01.375574699,46080.25575537617,133.33909184875958,0.1569767441860465,Весна,3,51.884002888525714
2,2025-04-02 13:10:05.512593780,Октябрьская,SYNTHETIC,2025,90 days 09:04:51.542845920,2230.0918765630468,806.3933260799873,0.15891472868217055,Весна,4,51.884002888525714
2,2025-04-02 19:06:38.699310780,Октябрьская,SYNTHETIC,2025,90 days 15:01:24.729562920,2586.644988512514,356.55311194946705,0.16085271317829458,Весна,4,51.884002888525714
2,2025-04-03 02:45:29.173656120,Октябрьская,SYNTHETIC,2025,90 days 22:40:15.203908260,3045.486227601639,458.8412390891248,0.16279069767441862,Весна,4,51.884002888525714
2,2025-04-03 09:45:45.838763160,Октябрьская,SYNTHETIC,2025,91 days 05:40:31.869015300,48105.76397938594,2025.5082240097697,0.16472868217054262,Весна,3,51.884002888525714
2,2025-04-04 07:45:28.634563320,Октябрьская,SYNTHETIC,2025,92 days 03:40:14.664815460,49425.47724272163,1319.7132633356857,0.16666666666666666,Весна,3,51.884002888525714
2,2025-04-04 09:00:47.504407260,Октябрьская,SYNTHETIC,2025,92 days 04:55:33.534659400,4860.79174012148,1815.3055125198414,0.1686046511627907,Весна,4,51.884002888525714
2,2025-04-04 09:15:28.049376060,Октябрьская,SYNTHETIC,2025,92 days 05:10:14.079628200,4875.467489600722,14.675749479241961,0.17054263565891473,Весна,4,51.884002888525714
2,2025-04-04 09:39:33.842612220,Октябрьская,SYNTHETIC,2025,92 days 05:34:19.872864360,4899.56404353732,24.096553936597587,0.17248062015503876,Весна,4,51.884002888525714
2,2025-04-05 02:28:07.015921380,Октябрьская,SYNTHETIC,2025,92 days 22:22:53.046173520,5908.116932023389,1008.55288848607,0.1744186046511628,Весна,4,51.884002888525714
2,2025-04-05 13:28:48.568019160,Октябрьская,SYNTHETIC,2025,93 days 09:23:34.598271300,6568.809466985902,660.692534962513,0.17635658914728683,Весна,4,51.884002888525714
2,2025-04-05 23:22:42.160629180,Октябрьская,SYNTHETIC,2025,93 days 19:17:28.190881320,7162.702677153183,593.8932101672812,0.17829457364341086,Весна,4,51.884002888525714
2,2025-04-06 02:02:08.588784240,Октябрьская,SYNTHETIC,2025,93 days 21:56:54.619036380,7322.143146404104,159.4404692509211,0.18023255813953487,Весна,4,51.884002888525714
2,2025-04-07 02:41:45.391374540,Октябрьская,SYNTHETIC,2025,94 days 22:36:31.421626680,8801.756522908632,1479.6133765045288,0.1821705426356589,Весна,4,51.884002888525714
2,2025-04-07 03:37:08.536123860,Октябрьская,SYNTHETIC,2025,94 days 23:31:54.566376,8857.14226873084,55.385745822208165,0.18410852713178294,Весна,4,51.884002888525714
2,2025-04-07 16:33:37.604196480,Октябрьская,SYNTHETIC,2025,95 days 12:28:23.634448620,9633.626736608014,776.4844678771732,0.18604651162790697,Весна,4,51.884002888525714
2,2025-04-07 20:39:40.994032740,Октябрьская,SYNTHETIC,2025,95 days 16:34:27.024284880,9879.683233879405,246.05649727139019,0.187984496124031,Весна,4,51.884002888525714
2,2025-04-08 00:21:40.180720260,Октябрьская,SYNTHETIC,2025,95 days 20:16:26.210972400,10101.669678671247,221.9864447918434,0.18992248062015504,Весна,4,51.884002888525714
2,2025-04-08 17:03:32.019704340,Октябрьская,SYNTHETIC,2025,96 days 12:58:18.049956480,11103.533661738586,1001.8639830673375,0.19186046511627908,Весна,4,51.884002888525714
2,2025-04-08 20:20:15.019187460,Октябрьская,SYNTHETIC,2025,96 days 16:15:01.049439600,11300.250319790537,196.7166580519515,0.1937984496124031,Весна,4,51.884002888525714
2,2025-04-09 20:39:19.102969260,Октябрьская,SYNTHETIC,2025,97 days 16:34:05.133221400,12759.318382821166,1459.0680630306288,0.19573643410852712,Весна,4,51.884002888525714
2,2025-04-09 22:44:53.939130780,Октябрьская,SYNTHETIC,2025,97 days 18:39:39.969382920,12884.898985513402,125.58060269223596,0.19767441860465115,Весна,4,51.884002888525714
2,2025-04-10 22:50:49.940919240,Октябрьская,SYNTHETIC,2025,98 days 18:45:35.971171380,14330.832348653716,1445.9333631403124,0.1996124031007752,Весна,4,51.884002888525714
2,2025-04-11 05:08:49.714034280,Октябрьская,SYNTHETIC,2025,99 days 01:03:35.744286420,14708.828567238286,377.9962185845711,0.20155038759689922,Весна,4,51.884002888525714
2,2025-04-11 11:10:03.527791380,Октябрьская,SYNTHETIC,2025,99 days 07:04:49.558043520,15070.058796522877,361.2302292845899,0.20348837209302326,Весна,4,51.884002888525714
2,2025-04-12 03:19:54.474169020,Октябрьская,SYNTHETIC,2025,99 days 23:14:40.504421160,16039.907902816532,969.8491062936547,0.2054263565891473,Весна,4,51.884002888525714
2,2025-04-12 03:39:49.333073640,Октябрьская,SYNTHETIC,2025,99 days 23:34:35.363325780,16059.822217893556,19.91431507702295,0.20736434108527133,Весна,4,51.884002888525714
2,2025-04-12 17:03:51.830209260,Октябрьская,SYNTHETIC,2025,100 days 12:58:37.860461400,16863.86383682141,804.0416189278517,0.20930232558139536,Весна,4,51.884002888525714
2,2025-04-12 17:26:59.360325360,Октябрьская,SYNTHETIC,2025,100 days 13:21:45.390577500,16886.989338756015,23.125501934605264,0.21124031007751937,Весна,4,51.884002888525714
2,2025-04-13 06:22:18.387062940,Октябрьская,SYNTHETIC,2025,101 days 02:17:04.417315080,17662.306451049088,775.3171122930728,0.2131782945736434,Весна,4,51.884002888525714
2,2025-04-13 23:43:54.818798940,Октябрьская,SYNTHETIC,2025,101 days 19:38:40.849051080,18703.913646648907,1041.6071955998184,0.21511627906976744,Весна,4,51.884002888525714
2,2025-04-14 01:42:35.920120800,Октябрьская,SYNTHETIC,2025,101 days 21:37:21.950372940,18822.598668680024,118.68502203111848,0.21705426356589147,Весна,4,51.884002888525714
2,2025-04-14 05:08:45.802216560,Октябрьская,SYNTHETIC,2025,102 days 01:03:31.832468700,19028.763370275752,206.16470159572626,0.2189922480620155,Весна,4,51.884002888525714
2,2025-04-14 21:57:30.566663160,Октябрьская,SYNTHETIC,2025,102 days 17:52:16.596915300,20037.50944438574,1008.7460741099908,0.22093023255813954,Весна,4,51.884002888525714
2,2025-04-15 07:39:30.106746840,Октябрьская,SYNTHETIC,2025,103 days 03:34:16.136998980,20619.50177911351,581.9923347277708,0.22286821705426357,Весна,4,51.884002888525714
2,2025-04-15 20:40:20.780509380,Октябрьская,SYNTHETIC,2025,103 days 16:35:06.810761520,21400.346341822955,780.8445627094457,0.2248062015503876,Весна,4,51.884002888525714
2,2025-04-16 01:33:33.430252380,Октябрьская,SYNTHETIC,2025,103 days 21:28:19.460504520,21693.557170872817,293.2108290498617,0.22674418604651161,Весна,4,51.884002888525714
2,2025-04-16 22:12:22.733816520,Октябрьская,SYNTHETIC,2025,104 days 18:07:08.764068660,22932.378896941627,1238.8217260688114,0.22868217054263565,Весна,4,51.884002888525714
2,2025-04-17 08:24:12.373213440,Октябрьская,SYNTHETIC,2025,105 days 04:18:58.403465580,23544.206220224165,611.8273232825377,0.23062015503875968,Весна,4,51.884002888525714
2,2025-04-17 13:05:39.407776440,Октябрьская,SYNTHETIC,2025,105 days 09:00:25.438028580,23825.656796273845,281.45057604967934,0.23255813953488372,Весна,4,51.884002888525714
2,2025-04-18 01:31:31.140241020,Октябрьская,SYNTHETIC,2025,105 days 21:26:17.170493160,24571.519004017406,745.8622077435609,0.23449612403100775,Весна,4,51.884002888525714
2,2025-04-18 08:37:04.945644720,Октябрьская,SYNTHETIC,2025,106 days 04:31:50.975896860,24997.082427412446,425.56342339503885,0.2364341085271318,Весна,4,51.884002888525714
2,2025-04-19 20:38:24.922063860,Октябрьская,SYNTHETIC,2025,107 days 16:33:10.952316,27158.4153677311,2161.332940318656,0.23837209302325582,Весна,4,51.884002888525714
2,2025-04-20 01:33:43.895638560,Октябрьская,SYNTHETIC,2025,107 days 21:28:29.925890700,27453.73159397641,295.3162262453092,0.24031007751937986,Весна,4,51.884002888525714
2,2025-04-20 05:38:59.738330280,Октябрьская,SYNTHETIC,2025,108 days 01:33:45.768582420,27698.995638838456,245.26404486204757,0.24224806201550386,Весна,4,51.884002888525714
2,2025-04-20 17:42:46.844597160,Октябрьская,SYNTHETIC,2025,108 days 13:37:32.874849300,28422.780743285508,723.7851044470508,0.2441860465116279,Весна,4,51.884002888525714
2,2025-04-21 14:55:04.171140840,Октябрьская,SYNTHETIC,2025,109 days 10:49:50.201392980,29695.06951901405,1272.2887757285428,0.24612403100775193,Весна,4,51.884002888525714
2,2025-04-22 10:03:55.501891680,Октябрьская,SYNTHETIC,2025,110 days 05:58:41.532143820,30843.92503152774,1148.8555125136897,0.24806201550387597,Весна,4,51.884002888525714
2,2025-04-22 19:13:39.328089000,Октябрьская,SYNTHETIC,2025,110 days 15:08:25.358341140,31393.655468149682,549.7304366219417,0.25,Весна,4,51.884002888525714
2,2025-04-23 14:59:48.983671200,Октябрьская,SYNTHETIC,2025,111 days 10:54:35.013923340,32579.816394519585,1186.1609263699047,0.25193798449612403,Весна,4,51.884002888525714
2,2025-04-24 10:59:25.766883600,Октябрьская,SYNTHETIC,2025,112 days 06:54:11.797135740,33779.429448059534,1199.6130535399475,0.25387596899224807,Весна,4,51.884002888525714
2,2025-05-01 00:33:24.448519500,Октябрьская,SYNTHETIC,2025,118 days 20:28:10.478771640,33.4074753248132,33.4074753248132,0.2558139534883721,Весна,5,51.884002888525714
2,2025-05-01 06:51:21.530954520,Октябрьская,SYNTHETIC,2025,119 days 02:46:07.561206660,411.35884924247364,377.9513739176604,0.25775193798449614,Весна,5,51.884002888525714
2,2025-05-01 23:31:02.217140640,Октябрьская,SYNTHETIC,2025,119 days 19:25:48.247392780,1411.0369523440277,999.678103101554,0.2596899224806202,Весна,5,51.884002888525714
2,2025-05-02 04:06:48.804990480,Октябрьская,SYNTHETIC,2025,120 days 00:01:34.835242620,1686.813416508024,275.7764641639963,0.2616279069767442,Весна,5,51.884002888525714
2,2025-05-03 09:19:59.804829060,Октябрьская,SYNTHETIC,2025,121 days 05:14:45.835081200,3439.9967471510126,1753.1833306429885,0.26356589147286824,Весна,5,51.884002888525714
2,2025-05-03 12:10:41.287913700,Октябрьская,SYNTHETIC,2025,121 days 08:05:27.318165840,3610.6881318950946,170.6913847440818,0.2655038759689923,Весна,5,51.884002888525714
2,2025-05-03 18:23:39.643713180,Октябрьская,SYNTHETIC,2025,121 days 14:18:25.673965320,3983.6607285533755,372.97259665828113,0.26744186046511625,Весна,5,51.884002888525714
2,2025-05-03 21:23:17.786968320,Октябрьская,SYNTHETIC,2025,121 days 17:18:03.817220460,4163.296449472035,179.6357209186598,0.2693798449612403,Весна,5,51.884002888525714
2,2025-05-03 21:57:24.136892580,Октябрьская,SYNTHETIC,2025,121 days 17:52:10.167144720,4197.402281543471,34.105832071435195,0.2713178294573643,Весна,5,51.884002888525714
2,2025-05-04 00:56:13.484221020,Октябрьская,SYNTHETIC,2025,121 days 20:50:59.514473160,4376.224737016733,178.82245547326193,0.27325581395348836,Весна,5,51.884002888525714
2,2025-05-04 11:53:40.023019320,Октябрьская,SYNTHETIC,2025,122 days 07:48:26.053271460,5033.667050322375,657.4423133056418,0.2751937984496124,Весна,5,51.884002888525714
2,2025-05-05 08:00:56.861669520,Октябрьская,SYNTHETIC,2025,123 days 03:55:42.891921660,6240.947694492359,1207.2806441699845,0.2771317829457364,Весна,5,51.884002888525714
2,2025-05-05 15:52:21.880887060,Октябрьская,SYNTHETIC,2025,123 days 11:47:07.911139200,6712.3646814513895,471.41698695903017,0.27906976744186046,Весна,5,51.884002888525714
2,2025-05-06 01:20:38.667470700,Октябрьская,SYNTHETIC,2025,123 days 21:15:24.697722840,7280.644457845243,568.2797763938535,0.2810077519379845,Весна,5,51.884002888525714
2,2025-05-06 04:30:21.529997640,Октябрьская,SYNTHETIC,2025,124 days 00:25:07.560249780,7470.358833293622,189.71437544837988,0.28294573643410853,Весна,5,51.884002888525714
2,2025-05-07 17:10:05.840280900,Октябрьская,SYNTHETIC,2025,125 days 13:04:51.870533040,9670.097338015003,2199.738504721381,0.28488372093023256,Весна,5,51.884002888525714
2,2025-05-07 19:26:03.831246000,Октябрьская,SYNTHETIC,2025,125 days 15:20:49.861498140,9806.063854100068,135.9665160850651,0.2868217054263566,Весна,5,51.884002888525714
2,2025-05-09 02:12:22.697715420,Октябрьская,SYNTHETIC,2025,126 days 22:07:08.727967560,11652.37829525723,1846.3144411571618,0.28875968992248063,Весна,5,51.884002888525714
2,2025-05-10 02:52:07.734368760,Октябрьская,SYNTHETIC,2025,127 days 22:46:53.764620900,13132.128906146074,1479.7506108888438,0.29069767441860467,Весна,5,51.884002888525714
2,2025-05-10 07:08:41.863571040,Октябрьская,SYNTHETIC,2025,128 days 03:03:27.893823180,13388.697726184073,256.568820037999,0.2926356589147287,Весна,5,51.884002888525714
2,2025-05-13 02:19:47.275036200,Октябрьская,SYNTHETIC,2025,130 days 22:14:33.305288340,17419.78791726964,4031.0901910855678,0.29457364341085274,Весна,5,51.884002888525714
2,2025-05-14 19:42:41.634373680,Октябрьская,SYNTHETIC,2025,132 days 15:37:27.664625820,19902.69390622825,2482.9059889586106,0.29651162790697677,Весна,5,51.884002888525714
2,2025-05-14 22:49:15.460553040,Октябрьская,SYNTHETIC,2025,132 days 18:44:01.490805180,20089.257675883513,186.56376965526286,0.29844961240310075,Весна,5,51.884002888525714
2,2025-05-14 23:43:01.096064640,Октябрьская,SYNTHETIC,2025,132 days 19:37:47.126316780,20143.018267743697,53.76059186018469,0.3003875968992248,Весна,5,51.884002888525714
2,2025-05-14 23:46:49.134392460,Октябрьская,SYNTHETIC,2025,132 days 19:41:35.164644600,20146.818906541386,3.800638797689931,0.3023255813953488,Весна,5,51.884002888525714
2,2025-05-15 07:35:29.063042040,Октябрьская,SYNTHETIC,2025,133 days 03:30:15.093294180,20615.48438403392,468.6654774925353,0.30426356589147285,Весна,5,51.884002888525714
2,2025-05-15 17:32:46.396572840,Октябрьская,SYNTHETIC,2025,133 days 13:27:32.426824980,21212.773276213586,597.2888921796653,0.3062015503875969,Весна,5,51.884002888525714
2,2025-05-16 04:51:33.162880679,Октябрьская,SYNTHETIC,2025,134 days 00:46:19.193132819,21891.552714677797,678.7794384642118,0.3081395348837209,Весна,5,51.884002888525714
2,2025-05-17 11:58:04.854066720,Октябрьская,SYNTHETIC,2025,135 days 07:52:50.884318860,23758.080901112233,1866.5281864344365,0.31007751937984496,Весна,5,51.884002888525714
2,2025-05-17 13:25:12.907501800,Октябрьская,SYNTHETIC,2025,135 days 09:19:58.937753940,23845.215125029994,87.13422391775946,0.312015503875969,Весна,5,51.884002888525714
2,2025-05-17 19:38:22.810750080,Октябрьская,SYNTHETIC,2025,135 days 15:33:08.841002220,24218.380179168267,373.1650541382741,0.313953488372093,Весна,5,51.884002888525714
2,2025-05-18 08:34:39.383530980,Октябрьская,SYNTHETIC,2025,136 days 04:29:25.413783120,24994.656392183228,776.2762130149616,0.31589147286821706,Весна,5,51.884002888525714
2,2025-05-18 12:05:53.052795900,Октябрьская,SYNTHETIC,2025,136 days 08:00:39.083048040,25205.8842132648,211.22782108157298,0.3178294573643411,Весна,5,51.884002888525714
2,2025-05-19 09:24:47.583935520,Октябрьская,SYNTHETIC,2025,137 days 05:19:33.614187660,26484.79306559205,1278.9088523272517,0.31976744186046513,Весна,5,51.884002888525714
2,2025-05-19 21:07:10.845952260,Октябрьская,SYNTHETIC,2025,137 days 17:01:56.876204400,27187.180765870977,702.3877002789261,0.32170542635658916,Весна,5,51.884002888525714
2,2025-05-20 01:17:08.651006220,Октябрьская,SYNTHETIC,2025,137 days 21:11:54.681258360,27437.144183436663,249.96341756568523,0.3236434108527132,Весна,5,51.884002888525714
2,2025-05-20 03:50:07.371957840,Октябрьская,SYNTHETIC,2025,137 days 23:44:53.402209980,27590.122865964182,152.9786825275192,0.32558139534883723,Весна,5,51.884002888525714
2,2025-05-20 11:13:57.841678320,Октябрьская,SYNTHETIC,2025,138 days 07:08:43.871930460,28033.964027971746,443.84116200756546,0.32751937984496127,Весна,5,51.884002888525714
2,2025-05-21 03:56:32.302245180,Октябрьская,SYNTHETIC,2025,138 days 23:51:18.332497320,29036.538370753213,1002.5743427814652,0.32945736434108525,Весна,5,51.884002888525714
2,2025-05-21 15:16:55.434864720,Октябрьская,SYNTHETIC,2025,139 days 11:11:41.465116860,29716.923914411967,680.3855436587547,0.3313953488372093,Весна,5,51.884002888525714
2,2025-05-21 18:31:45.586538520,Октябрьская,SYNTHETIC,2025,139 days 14:26:31.616790660,29911.7597756425,194.8358612305325,0.3333333333333333,Весна,5,51.884002888525714
2,2025-05-22 05:06:40.701540420,Октябрьская,SYNTHETIC,2025,140 days 01:01:26.731792560,30546.67835900692,634.9185833644226,0.33527131782945735,Весна,5,51.884002888525714
2,2025-05-22 20:58:29.515524960,Октябрьская,SYNTHETIC,2025,140 days 16:53:15.545777100,31498.491925416343,951.8135664094217,0.3372093023255814,Весна,5,51.884002888525714
2,2025-05-22 22:13:58.053966600,Октябрьская,SYNTHETIC,2025,140 days 18:08:44.084218740,31573.967566110463,75.47564069411793,0.3391472868217054,Весна,5,51.884002888525714
2,2025-05-22 23:55:07.806787440,Октябрьская,SYNTHETIC,2025,140 days 19:49:53.837039580,31675.13011312405,101.16254701358828,0.34108527131782945,Весна,5,51.884002888525714
2,2025-05-23 07:25:14.909859480,Октябрьская,SYNTHETIC,2025,141 days 03:20:00.940111620,32125.24849765778,450.11838453372735,0.3430232558139535,Весна,5,51.884002888525714
2,2025-05-23 12:47:23.786457120,Октябрьская,SYNTHETIC,2025,141 days 08:42:09.816709260,32447.396440951747,322.14794329396847,0.3449612403100775,Весна,5,51.884002888525714
2,2025-05-23 22:35:10.250003820,Октябрьская,SYNTHETIC,2025,141 days 18:29:56.280255960,33035.17083339699,587.7743924452376,0.34689922480620156,Весна,5,51.884002888525714
2,2025-05-24 05:50:37.834584540,Октябрьская,SYNTHETIC,2025,142 days 01:45:23.864836680,33470.63057640899,435.45974301200215,0.3488372093023256,Весна,5,51.884002888525714
2,2025-05-24 08:38:54.678562380,Октябрьская,SYNTHETIC,2025,142 days 04:33:40.708814520,33638.91130937283,168.2807329638399,0.3507751937984496,Весна,5,51.884002888525714
2,2025-05-25 17:15:18.259292760,Октябрьская,SYNTHETIC,2025,143 days 13:10:04.289544900,35595.30432154611,1956.393012173281,0.35271317829457366,Весна,5,51.884002888525714
2,2025-05-26 10:06:54.912809220,Октябрьская,SYNTHETIC,2025,144 days 06:01:40.943061360,36606.91521348725,1011.610891941142,0.3546511627906977,Весна,5,51.884002888525714
2,2025-06-02 15:37:39.124050180,Октябрьская,SYNTHETIC,2025,151 days 11:32:25.154302320,2377.652067503466,2377.652067503466,0.35658914728682173,Лето,6,64.00680794158542
2,2025-06-02 22:23:30.028257900,Октябрьская,SYNTHETIC,2025,151 days 18:18:16.058510040,2783.5004709653203,405.84840346185445,0.35852713178294576,Лето,6,64.00680794158542
2,2025-06-03 11:41:58.470657960,Октябрьская,SYNTHETIC,2025,152 days 07:36:44.500910100,3581.9745109658784,798.4740400005581,0.36046511627906974,Лето,6,64.00680794158542
2,2025-06-04 00:24:54.594159840,Октябрьская,SYNTHETIC,2025,152 days 20:19:40.624411980,4344.909902663979,762.9353916981007,0.3624031007751938,Лето,6,64.00680794158542
2,2025-06-04 16:11:02.224142580,Октябрьская,SYNTHETIC,2025,153 days 12:05:48.254394720,5291.037069042953,946.1271663789737,0.3643410852713178,Лето,6,64.00680794158542
2,2025-06-05 01:24:19.564162920,Октябрьская,SYNTHETIC,2025,153 days 21:19:05.594415060,5844.326069381801,553.2890003388479,0.36627906976744184,Лето,6,64.00680794158542
2,2025-06-05 06:01:41.106202740,Октябрьская,SYNTHETIC,2025,154 days 01:56:27.136454880,6121.6851033786925,277.3590339968918,0.3682170542635659,Лето,6,64.00680794158542
2,2025-06-05 06:13:36.290269380,Октябрьская,SYNTHETIC,2025,154 days 02:08:22.320521520,6133.604837822943,11.919734444250604,0.3701550387596899,Лето,6,64.00680794158542
2,2025-06-05 15:57:34.577863260,Октябрьская,SYNTHETIC,2025,154 days 11:52:20.608115400,6717.57629772107,583.9714598981267,0.37209302325581395,Лето,6,64.00680794158542
2,2025-06-05 23:25:41.112297240,Октябрьская,SYNTHETIC,2025,154 days 19:20:27.142549380,7165.68520495423,448.10890723316055,0.374031007751938,Лето,6,64.00680794158542
2,2025-06-06 04:31:25.441099800,Октябрьская,SYNTHETIC,2025,155 days 00:26:11.471351940,7471.424018330251,305.73881337602035,0.375968992248062,Лето,6,64.00680794158542
2,2025-06-06 10:52:57.175658460,Октябрьская,SYNTHETIC,2025,155 days 06:47:43.205910600,7852.952927641357,381.52890931110636,0.37790697674418605,Лето,6,64.00680794158542
2,2025-06-06 11:52:47.635720140,Октябрьская,SYNTHETIC,2025,155 days 07:47:33.665972280,7912.793928668837,59.84100102748053,0.3798449612403101,Лето,6,64.00680794158542
2,2025-06-08 12:51:54.867973260,Октябрьская,SYNTHETIC,2025,157 days 08:46:40.898225400,10851.914466220955,2939.1205375521185,0.3817829457364341,Лето,6,64.00680794158542
2,2025-06-09 11:44:38.973863040,Октябрьская,SYNTHETIC,2025,158 days 07:39:25.004115180,12224.649564383943,1372.7350981629886,0.38372093023255816,Лето,6,64.00680794158542
2,2025-06-10 05:35:24.453449220,Октябрьская,SYNTHETIC,2025,159 days 01:30:10.483701360,13295.407557486726,1070.7579931027826,0.3856589147286822,Лето,6,64.00680794158542
2,2025-06-10 20:07:15.110097240,Октябрьская,SYNTHETIC,2025,159 days 16:02:01.140349380,14167.25183495377,871.8442774670438,0.3875968992248062,Лето,6,64.00680794158542
2,2025-06-11 10:09:34.445410020,Октябрьская,SYNTHETIC,2025,160 days 06:04:20.475662160,15009.574090167462,842.3222552136922,0.38953488372093026,Лето,6,64.00680794158542
2,2025-06-11 10:54:58.829520780,Октябрьская,SYNTHETIC,2025,160 days 06:49:44.859772920,15054.980492013312,45.40640184584947,0.39147286821705424,Лето,6,64.00680794158542
2,2025-06-11 13:10:42.144947940,Октябрьская,SYNTHETIC,2025,160 days 09:05:28.175200080,15190.70241579851,135.72192378519935,0.39341085271317827,Лето,6,64.00680794158542
2,2025-06-11 13:53:05.510420040,Октябрьская,SYNTHETIC,2025,160 days 09:47:51.540672180,15233.091840334077,42.38942453556658,0.3953488372093023,Лето,6,64.00680794158542
2,2025-06-11 21:51:47.193772620,Октябрьская,SYNTHETIC,2025,160 days 17:46:33.224024760,15711.786562877047,478.6947225429702,0.39728682170542634,Лето,6,64.00680794158542
2,2025-06-12 05:39:44.232538200,Октябрьская,SYNTHETIC,2025,161 days 01:34:30.262790340,16179.737208969746,467.9506460926985,0.3992248062015504,Лето,6,64.00680794158542
2,2025-06-12 06:20:43.070078100,Октябрьская,SYNTHETIC,2025,161 days 02:15:29.100330240,16220.71783463466,40.980625664915145,0.4011627906976744,Лето,6,64.00680794158542
2,2025-06-12 06:47:21.623049480,Октябрьская,SYNTHETIC,2025,161 days 02:42:07.653301620,16247.360384157682,26.642549523021085,0.40310077519379844,Лето,6,64.00680794158542
2,2025-06-12 17:05:26.767408080,Октябрьская,SYNTHETIC,2025,161 days 13:00:12.797660220,16865.446123467515,618.0857393098327,0.4050387596899225,Лето,6,64.00680794158542
2,2025-06-13 13:02:04.661198520,Октябрьская,SYNTHETIC,2025,162 days 08:56:50.691450660,18062.077686642107,1196.6315631745933,0.4069767441860465,Лето,6,64.00680794158542
2,2025-06-14 21:28:07.186258200,Октябрьская,SYNTHETIC,2025,163 days 17:22:53.216510340,20008.11977096981,1946.0420843277025,0.40891472868217055,Лето,6,64.00680794158542
2,2025-06-15 05:20:11.425417380,Октябрьская,SYNTHETIC,2025,164 days 01:14:57.455669520,20480.190423622975,472.07065265316663,0.4108527131782946,Лето,6,64.00680794158542
2,2025-06-15 17:22:51.204657780,Октябрьская,SYNTHETIC,2025,164 days 13:17:37.234909920,21202.853410962838,722.662987339865,0.4127906976744186,Лето,6,64.00680794158542
2,2025-06-17 09:25:43.992890760,Октябрьская,SYNTHETIC,2025,166 days 05:20:30.023142900,23605.733214846077,2402.879803883241,0.41472868217054265,Лето,6,64.00680794158542
2,2025-06-17 13:20:18.539518920,Октябрьская,SYNTHETIC,2025,166 days 09:15:04.569771060,23840.308991981732,234.57577713565522,0.4166666666666667,Лето,6,64.00680794158542
2,2025-06-17 18:59:37.717797300,Октябрьская,SYNTHETIC,2025,166 days 14:54:23.748049440,24179.62862995465,339.3196379729155,0.4186046511627907,Лето,6,64.00680794158542
2,2025-06-18 16:07:12.036193620,Октябрьская,SYNTHETIC,2025,167 days 12:01:58.066445760,25447.200603226695,1267.5719732720452,0.42054263565891475,Лето,6,64.00680794158542
2,2025-06-19 14:25:46.573580700,Октябрьская,SYNTHETIC,2025,168 days 10:20:32.603832840,26785.776226345046,1338.5756231183502,0.42248062015503873,Лето,6,64.00680794158542
2,2025-06-19 22:21:53.450083740,Октябрьская,SYNTHETIC,2025,168 days 18:16:39.480335880,27261.890834729205,476.11460838415985,0.42441860465116277,Лето,6,64.00680794158542
2,2025-06-19 22:40:26.339443140,Октябрьская,SYNTHETIC,2025,168 days 18:35:12.369695280,27280.438990719467,18.548155990262067,0.4263565891472868,Лето,6,64.00680794158542
2,2025-06-20 04:33:19.242305280,Октябрьская,SYNTHETIC,2025,169 days 00:28:05.272557420,27633.32070508849,352.88171436902127,0.42829457364341084,Лето,6,64.00680794158542
2,2025-06-20 06:00:59.871642060,Октябрьская,SYNTHETIC,2025,169 days 01:55:45.901894200,27720.99786070087,87.677155612383,0.43023255813953487,Лето,6,64.00680794158542
2,2025-06-20 13:28:02.898933480,Октябрьская,SYNTHETIC,2025,169 days 09:22:48.929185620,28168.04831555787,447.05045485699736,0.4321705426356589,Лето,6,64.00680794158542
2,2025-06-21 00:43:00.357195840,Октябрьская,SYNTHETIC,2025,169 days 20:37:46.387447980,28843.005953264154,674.9576377062824,0.43410852713178294,Лето,6,64.00680794158542
2,2025-06-21 01:20:36.788264280,Октябрьская,SYNTHETIC,2025,169 days 21:15:22.818516420,28880.613137737757,37.607184473601926,0.436046511627907,Лето,6,64.00680794158542
2,2025-06-22 20:41:17.322386760,Октябрьская,SYNTHETIC,2025,171 days 16:36:03.352638900,31481.28870644587,2600.6755687081136,0.437984496124031,Лето,6,64.00680794158542
2,2025-06-22 20:51:09.972841740,Октябрьская,SYNTHETIC,2025,171 days 16:45:56.003093880,31491.166214029432,9.87750758356203,0.43992248062015504,Лето,6,64.00680794158542
2,2025-06-23 20:06:05.872845000,Октябрьская,SYNTHETIC,2025,172 days 16:00:51.903097140,32886.097880750145,1394.931666720713,0.4418604651162791,Лето,6,64.00680794158542
2,2025-06-23 20:27:50.130737580,Октябрьская,SYNTHETIC,2025,172 days 16:22:36.160989720,32907.83551229263,21.73763154248631,0.4437984496124031,Лето,6,64.00680794158542
2,2025-06-24 06:43:29.270594340,Октябрьская,SYNTHETIC,2025,173 days 02:38:15.300846480,33523.487843238836,615.6523309462062,0.44573643410852715,Лето,6,64.00680794158542
2,2025-06-24 12:18:29.957146140,Октябрьская,SYNTHETIC,2025,173 days 08:13:15.987398280,33858.49928576871,335.01144252987655,0.4476744186046512,Лето,6,64.00680794158542
2,2025-06-24 18:05:15.368997539,Октябрьская,SYNTHETIC,2025,173 days 14:00:01.399249679,34205.25614995929,346.75686419058525,0.4496124031007752,Лето,6,64.00680794158542
2,2025-06-24 22:13:52.659782520,Октябрьская,SYNTHETIC,2025,173 days 18:08:38.690034660,34453.8776630425,248.62151308320782,0.45155038759689925,Лето,6,64.00680794158542
2,2025-06-25 02:20:14.904858420,Октябрьская,SYNTHETIC,2025,173 days 22:15:00.935110560,34700.24841430662,246.37075126411614,0.45348837209302323,Лето,6,64.00680794158542
2,2025-06-25 16:32:47.922480780,Октябрьская,SYNTHETIC,2025,174 days 12:27:33.952732920,35552.79870801341,852.5502937067932,0.45542635658914726,Лето,6,64.00680794158542
2,2025-06-27 09:59:44.114016360,Октябрьская,SYNTHETIC,2025,176 days 05:54:30.144268500,38039.73523360573,2486.9365255923162,0.4573643410852713,Лето,6,64.00680794158542
2,2025-06-27 11:57:44.656191060,Октябрьская,SYNTHETIC,2025,176 days 07:52:30.686443200,38157.74426985088,118.00903624515405,0.45930232558139533,Лето,6,64.00680794158542
2,2025-06-28 11:46:16.385488440,Октябрьская,SYNTHETIC,2025,177 days 07:41:02.415740580,39586.27309147369,1428.5288216228105,0.46124031007751937,Лето,6,64.00680794158542
2,2025-06-28 12:51:05.843057520,Октябрьская,SYNTHETIC,2025,177 days 08:45:51.873309660,39651.09738429168,64.82429281799034,0.4631782945736434,Лето,6,64.00680794158542
2,2025-06-28 15:41:16.082727600,Октябрьская,SYNTHETIC,2025,177 days 11:36:02.112979740,39821.26804545978,170.17066116809931,0.46511627906976744,Лето,6,64.00680794158542
2,2025-06-28 15:42:21.308882700,Октябрьская,SYNTHETIC,2025,177 days 11:37:07.339134840,39822.35514804515,1.0871025853705,0.46705426356589147,Лето,6,64.00680794158542
2,2025-06-28 20:48:25.798452780,Октябрьская,SYNTHETIC,2025,177 days 16:43:11.828704920,40128.429974213446,306.0748261682942,0.4689922480620155,Лето,6,64.00680794158542
2,2025-06-28 22:01:38.547835620,Октябрьская,SYNTHETIC,2025,177 days 17:56:24.578087760,40201.6424639269,73.21248971345813,0.47093023255813954,Лето,6,64.00680794158542
2,2025-06-29 01:50:01.762568940,Октябрьская,SYNTHETIC,2025,177 days 21:44:47.792821080,40430.02937614889,228.38691222198597,0.4728682170542636,Лето,6,64.00680794158542
2,2025-06-29 20:58:45.554847840,Октябрьская,SYNTHETIC,2025,178 days 16:53:31.585099980,41578.75924746373,1148.7298713148405,0.4748062015503876,Лето,6,64.00680794158542
2,2025-06-29 22:35:47.481693240,Октябрьская,SYNTHETIC,2025,178 days 18:30:33.511945380,41675.791361554184,97.03211409045366,0.47674418604651164,Лето,6,64.00680794158542
2,2025-06-30 15:24:13.689339000,Октябрьская,SYNTHETIC,2025,179 days 11:18:59.719591140,42684.22815565032,1008.4367940961375,0.4786821705426357,Лето,6,64.00680794158542
2,2025-07-01 00:17:04.657630860,Октябрьская,SYNTHETIC,2025,179 days 20:11:50.687883,17.077627181025523,17.077627181025523,0.4806201550387597,Лето,7,64.00680794158542
2,2025-07-01 08:18:28.960362840,Октябрьская,SYNTHETIC,2025,180 days 04:13:14.990614980,498.4826727139112,481.40504553288565,0.48255813953488375,Лето,7,64.00680794158542
2,2025-07-02 07:40:38.189966040,Октябрьская,SYNTHETIC,2025,181 days 03:35:24.220218180,1900.6364994343496,1402.1538267204385,0.4844961240310077,Лето,7,64.00680794158542
2,2025-07-02 09:54:01.415960820,Октябрьская,SYNTHETIC,2025,181 days 05:48:47.446212960,2034.0235993468784,133.38709991252875,0.48643410852713176,Лето,7,64.00680794158542
2,2025-07-02 18:33:08.081082660,Октябрьская,SYNTHETIC,2025,181 days 14:27:54.111334800,2553.1346847111954,519.1110853643169,0.4883720930232558,Лето,7,64.00680794158542
2,2025-07-03 06:10:14.596069200,Октябрьская,SYNTHETIC,2025,182 days 02:05:00.626321340,3250.243267819847,697.1085831086515,0.4903100775193798,Лето,7,64.00680794158542
2,2025-07-03 22:11:43.239026220,Октябрьская,SYNTHETIC,2025,182 days 18:06:29.269278360,4211.720650436921,961.4773826170738,0.49224806201550386,Лето,7,64.00680794158542
2,2025-07-04 05:29:05.687210220,Октябрьская,SYNTHETIC,2025,183 days 01:23:51.717462360,4649.094786837012,437.3741364000919,0.4941860465116279,Лето,7,64.00680794158542
2,2025-07-04 09:44:41.296202880,Октябрьская,SYNTHETIC,2025,183 days 05:39:27.326455020,4904.688270048044,255.59348321103127,0.49612403100775193,Лето,7,64.00680794158542
2,2025-07-04 20:59:18.887965740,Октябрьская,SYNTHETIC,2025,183 days 16:54:04.918217880,5579.314799428611,674.6265293805675,0.49806201550387597,Лето,7,64.00680794158542
2,2025-07-05 02:49:58.324010880,Октябрьская,SYNTHETIC,2025,183 days 22:44:44.354263020,5929.972066847699,350.6572674190884,0.5,Лето,7,64.00680794158542
2,2025-07-05 14:56:25.427774400,Октябрьская,SYNTHETIC,2025,184 days 10:51:11.458026540,6656.423796239626,726.4517293919272,0.501937984496124,Лето,7,64.00680794158542
2,2025-07-05 16:26:08.938393800,Октябрьская,SYNTHETIC,2025,184 days 12:20:54.968645940,6746.148973230391,89.72517699076424,0.5038759689922481,Лето,7,64.00680794158542
2,2025-07-06 03:02:29.396590860,Октябрьская,SYNTHETIC,2025,184 days 22:57:15.426843,7382.489943180987,636.3409699505968,0.5058139534883721,Лето,7,64.00680794158542
2,2025-07-06 16:49:01.698953880,Октябрьская,SYNTHETIC,2025,185 days 12:43:47.729206020,8209.028315897736,826.5383727167485,0.5077519379844961,Лето,7,64.00680794158542
2,2025-07-07 02:36:12.123260520,Октябрьская,SYNTHETIC,2025,185 days 22:30:58.153512660,8796.202054341924,587.1737384441877,0.5096899224806202,Лето,7,64.00680794158542
2,2025-07-07 12:19:55.978874820,Октябрьская,SYNTHETIC,2025,186 days 08:14:42.009126960,9379.932981247228,583.7309269053037,0.5116279069767442,Лето,7,64.00680794158542
2,2025-07-07 18:13:00.986759999,Октябрьская,SYNTHETIC,2025,186 days 14:07:47.017012139,9733.016445999512,353.0834647522836,0.5135658914728682,Лето,7,64.00680794158542
2,2025-07-07 19:27:40.793795400,Октябрьская,SYNTHETIC,2025,186 days 15:22:26.824047540,9807.679896589638,74.66345059012515,0.5155038759689923,Лето,7,64.00680794158542
2,2025-07-07 23:07:12.711988140,Октябрьская,SYNTHETIC,2025,186 days 19:01:58.742240280,10027.211866469399,219.531969879762,0.5174418604651163,Лето,7,64.00680794158542
2,2025-07-08 01:25:44.683718340,Октябрьская,SYNTHETIC,2025,186 days 21:20:30.713970480,10165.744728639458,138.53286217005999,0.5193798449612403,Лето,7,64.00680794158542
2,2025-07-08 08:29:47.803559100,Октябрьская,SYNTHETIC,2025,187 days 04:24:33.833811240,10589.796725985356,424.05199734589826,0.5213178294573644,Лето,7,64.00680794158542
2,2025-07-08 20:45:57.970496820,Октябрьская,SYNTHETIC,2025,187 days 16:40:44.000748960,11325.966174947438,736.1694489620814,0.5232558139534884,Лето,7,64.00680794158542
2,2025-07-09 00:22:41.605342980,Октябрьская,SYNTHETIC,2025,187 days 20:17:27.635595120,11542.693422383356,216.7272474359185,0.5251937984496124,Лето,7,64.00680794158542
2,2025-07-09 18:45:26.661541740,Октябрьская,SYNTHETIC,2025,188 days 14:40:12.691793880,12645.444359029367,1102.750936646011,0.5271317829457365,Лето,7,64.00680794158542
2,2025-07-09 22:32:06.785369580,Октябрьская,SYNTHETIC,2025,188 days 18:26:52.815621720,12872.113089492816,226.66873046344892,0.5290697674418605,Лето,7,64.00680794158542
2,2025-07-09 23:16:05.077719780,Октябрьская,SYNTHETIC,2025,188 days 19:10:51.107971920,12916.08462866303,43.971539170214264,0.5310077519379846,Лето,7,64.00680794158542
2,2025-07-10 06:52:44.788134840,Октябрьская,SYNTHETIC,2025,189 days 02:47:30.818386980,13372.746468914327,456.66184025129775,0.5329457364341085,Лето,7,64.00680794158542
2,2025-07-10 19:28:44.314170420,Октябрьская,SYNTHETIC,2025,189 days 15:23:30.344422560,14128.738569507066,755.9921005927386,0.5348837209302325,Лето,7,64.00680794158542
2,2025-07-11 03:46:30.779392199,Октябрьская,SYNTHETIC,2025,189 days 23:41:16.809644339,14626.512989869854,497.7744203627872,0.5368217054263565,Лето,7,64.00680794158542
2,2025-07-11 18:56:19.557282720,Октябрьская,SYNTHETIC,2025,190 days 14:51:05.587534860,15536.32595471207,909.8129648422157,0.5387596899224806,Лето,7,64.00680794158542
2,2025-07-12 09:53:32.352533940,Октябрьская,SYNTHETIC,2025,191 days 05:48:18.382786080,16433.53920889859,897.213254186521,0.5406976744186046,Лето,7,64.00680794158542
2,2025-07-12 16:20:57.848819580,Октябрьская,SYNTHETIC,2025,191 days 12:15:43.879071720,16820.964146992508,387.4249380939189,0.5426356589147286,Лето,7,64.00680794158542
2,2025-07-12 17:33:17.186062320,Октябрьская,SYNTHETIC,2025,191 days 13:28:03.216314460,16893.286434372403,72.32228737989661,0.5445736434108527,Лето,7,64.00680794158542
2,2025-07-12 22:06:52.769791740,Октябрьская,SYNTHETIC,2025,191 days 18:01:38.800043880,17166.879496529175,273.59306215676975,0.5465116279069767,Лето,7,64.00680794158542
2,2025-07-13 09:02:44.869390680,Октябрьская,SYNTHETIC,2025,192 days 04:57:30.899642820,17822.747823178357,655.8683266491828,0.5484496124031008,Лето,7,64.00680794158542
2,2025-07-13 21:16:47.174316060,Октябрьская,SYNTHETIC,2025,192 days 17:11:33.204568200,18556.786238600653,734.0384154222961,0.5503875968992248,Лето,7,64.00680794158542
2,2025-07-14 01:43:58.096070640,Октябрьская,SYNTHETIC,2025,192 days 21:38:44.126322780,18823.96826784366,267.18202924300675,0.5523255813953488,Лето,7,64.00680794158542
2,2025-07-14 20:36:24.338166360,Октябрьская,SYNTHETIC,2025,193 days 16:31:10.368418500,19956.405636105836,1132.4373682621783,0.5542635658914729,Лето,7,64.00680794158542
2,2025-07-15 06:57:27.799116300,Октябрьская,SYNTHETIC,2025,194 days 02:52:13.829368440,20577.463318604845,621.0576824990104,0.5562015503875969,Лето,7,64.00680794158542
2,2025-07-15 09:45:17.122475519,Октябрьская,SYNTHETIC,2025,194 days 05:40:03.152727659,20745.285374592462,167.82205598761618,0.5581395348837209,Лето,7,64.00680794158542
2,2025-07-15 11:11:46.331680560,Октябрьская,SYNTHETIC,2025,194 days 07:06:32.361932700,20831.77219467624,86.4868200837759,0.560077519379845,Лето,7,64.00680794158542
2,2025-07-17 22:18:55.171131840,Октябрьская,SYNTHETIC,2025,196 days 18:13:41.201383980,24378.919518863528,3547.1473241872873,0.562015503875969,Лето,7,64.00680794158542
2,2025-07-18 17:34:35.473433760,Октябрьская,SYNTHETIC,2025,197 days 13:29:21.503685900,25534.59122389649,1155.6717050329598,0.563953488372093,Лето,7,64.00680794158542
2,2025-07-18 17:51:02.207632440,Октябрьская,SYNTHETIC,2025,197 days 13:45:48.237884580,25551.03679387353,16.445569977042087,0.5658914728682171,Лето,7,64.00680794158542
2,2025-07-19 04:30:32.980987679,Октябрьская,SYNTHETIC,2025,198 days 00:25:19.011239819,26190.549683128163,639.5128892546346,0.5678294573643411,Лето,7,64.00680794158542
2,2025-07-19 09:51:09.839676060,Октябрьская,SYNTHETIC,2025,198 days 05:45:55.869928200,26511.16399460082,320.61431147265773,0.5697674418604651,Лето,7,64.00680794158542
2,2025-07-19 10:35:35.410652940,Октябрьская,SYNTHETIC,2025,198 days 06:30:21.440905080,26555.590177548605,44.42618294778445,0.5717054263565892,Лето,7,64.00680794158542
2,2025-07-20 20:16:46.226711880,Октябрьская,SYNTHETIC,2025,199 days 16:11:32.256964020,28576.770445197883,2021.1802676492787,0.5736434108527132,Лето,7,64.00680794158542
2,2025-07-20 21:07:26.870566500,Октябрьская,SYNTHETIC,2025,199 days 17:02:12.900818640,28627.447842775484,50.67739757760132,0.5755813953488372,Лето,7,64.00680794158542
2,2025-07-22 02:44:15.089498580,Октябрьская,SYNTHETIC,2025,200 days 22:39:01.119750720,30404.251491642786,1776.8036488673038,0.5775193798449613,Лето,7,64.00680794158542
2,2025-07-22 21:52:17.891040720,Октябрьская,SYNTHETIC,2025,201 days 17:47:03.921292860,31552.298184012045,1148.04669236926,0.5794573643410853,Лето,7,64.00680794158542
2,2025-07-24 01:46:51.291940380,Октябрьская,SYNTHETIC,2025,202 days 21:41:37.322192520,33226.85486567279,1674.5566816607404,0.5813953488372093,Лето,7,64.00680794158542
2,2025-07-24 07:20:52.911398700,Октябрьская,SYNTHETIC,2025,203 days 03:15:38.941650840,33560.88185664482,334.02699097203094,0.5833333333333334,Лето,7,64.00680794158542
2,2025-07-24 17:49:40.546105440,Октябрьская,SYNTHETIC,2025,203 days 13:44:26.576357580,34189.675768424226,628.7939117794112,0.5852713178294574,Лето,7,64.00680794158542
2,2025-07-24 23:14:02.917445700,Октябрьская,SYNTHETIC,2025,203 days 19:08:48.947697840,34514.04862409503,324.3728556708009,0.5872093023255814,Лето,7,64.00680794158542
2,2025-07-25 01:23:31.125250200,Октябрьская,SYNTHETIC,2025,203 days 21:18:17.155502340,34643.51875416989,129.4701300748661,0.5891472868217055,Лето,7,64.00680794158542
2,2025-07-25 14:08:42.624598080,Октябрьская,SYNTHETIC,2025,204 days 10:03:28.654850220,35408.71040996809,765.1916557981942,0.5910852713178295,Лето,7,64.00680794158542
2,2025-07-25 19:56:49.615957080,Октябрьская,SYNTHETIC,2025,204 days 15:51:35.646209220,35756.826932618496,348.1165226504098,0.5930232558139535,Лето,7,64.00680794158542
2,2025-07-25 23:02:10.176311100,Октябрьская,SYNTHETIC,2025,204 days 18:56:56.206563240,35942.169605184645,185.3426725661509,0.5949612403100775,Лето,7,64.00680794158542
2,2025-07-26 14:50:42.670878600,Октябрьская,SYNTHETIC,2025,205 days 10:45:28.701130740,36890.71118131017,948.5415761255273,0.5968992248062015,Лето,7,64.00680794158542
2,2025-07-26 17:17:44.761831380,Октябрьская,SYNTHETIC,2025,205 days 13:12:30.792083520,37037.746030523216,147.03484921304178,0.5988372093023255,Лето,7,64.00680794158542
2,2025-07-26 21:00:03.283175460,Октябрьская,SYNTHETIC,2025,205 days 16:54:49.313427600,37260.05471959109,222.30868906787325,0.6007751937984496,Лето,7,64.00680794158542
2,2025-07-27 07:49:01.602825240,Октябрьская,SYNTHETIC,2025,206 days 03:43:47.633077380,37909.02671375352,648.9719941624311,0.6027131782945736,Лето,7,64.00680794158542
2,2025-08-01 08:57:12.164254260,Октябрьская,SYNTHETIC,2025,211 days 04:51:58.194506400,537.20273757145,537.20273757145,0.6046511627906976,Лето,8,64.00680794158542
2,2025-08-01 11:40:36.791542560,Октябрьская,SYNTHETIC,2025,211 days 07:35:22.821794700,700.6131923758531,163.41045480440314,0.6065891472868217,Лето,8,64.00680794158542
2,2025-08-01 12:53:57.819696540,Октябрьская,SYNTHETIC,2025,211 days 08:48:43.849948680,773.963661608663,73.3504692328098,0.6085271317829457,Лето,8,64.00680794158542
2,2025-08-01 18:34:54.420992100,Октябрьская,SYNTHETIC,2025,211 days 14:29:40.451244240,1114.9070165351711,340.94335492650816,0.6104651162790697,Лето,8,64.00680794158542
2,2025-08-03 04:41:28.928126400,Октябрьская,SYNTHETIC,2025,213 days 00:36:14.958378540,3161.4821354395826,2046.5751189044117,0.6124031007751938,Лето,8,64.00680794158542
2,2025-08-03 12:29:40.588790940,Октябрьская,SYNTHETIC,2025,213 days 08:24:26.619043080,3629.676479849157,468.1943444095747,0.6143410852713178,Лето,8,64.00680794158542
2,2025-08-03 12:43:13.458682020,Октябрьская,SYNTHETIC,2025,213 days 08:37:59.488934160,3643.224311367466,13.547831518308442,0.6162790697674418,Лето,8,64.00680794158542
2,2025-08-04 00:40:08.207812860,Октябрьская,SYNTHETIC,2025,213 days 20:34:54.238065,4360.136796881079,716.9124855136134,0.6182170542635659,Лето,8,64.00680794158542
2,2025-08-04 19:21:50.453268480,Октябрьская,SYNTHETIC,2025,214 days 15:16:36.483520620,5481.840887808073,1121.7040909269936,0.6201550387596899,Лето,8,64.00680794158542
2,2025-08-05 01:15:39.032847960,Октябрьская,SYNTHETIC,2025,214 days 21:10:25.063100100,5835.650547466378,353.8096596583053,0.622093023255814,Лето,8,64.00680794158542
2,2025-08-05 07:49:49.739927400,Октябрьская,SYNTHETIC,2025,215 days 03:44:35.770179540,6229.828998790353,394.17845132397457,0.624031007751938,Лето,8,64.00680794158542
2,2025-08-05 07:54:24.343177980,Октябрьская,SYNTHETIC,2025,215 days 03:49:10.373430120,6234.4057196326485,4.576720842295571,0.625968992248062,Лето,8,64.00680794158542
2,2025-08-05 23:32:20.652476460,Октябрьская,SYNTHETIC,2025,215 days 19:27:06.682728600,7172.344207941433,937.9384883087844,0.627906976744186,Лето,8,64.00680794158542
2,2025-08-05 23:36:10.718819880,Октябрьская,SYNTHETIC,2025,215 days 19:30:56.749072020,7176.178646998333,3.834439056899976,0.6298449612403101,Лето,8,64.00680794158542
2,2025-08-07 22:41:20.351785200,Октябрьская,SYNTHETIC,2025,217 days 18:36:06.382037340,10001.339196419513,2825.16054942118,0.6317829457364341,Лето,8,64.00680794158542
2,2025-08-08 22:51:42.026210160,Октябрьская,SYNTHETIC,2025,218 days 18:46:28.056462300,11451.700436836056,1450.3612404165438,0.6337209302325582,Лето,8,64.00680794158542
2,2025-08-10 02:42:53.957714280,Октябрьская,SYNTHETIC,2025,219 days 22:37:39.987966420,13122.89929523803,1671.1988584019746,0.6356589147286822,Лето,8,64.00680794158542
2,2025-08-10 06:35:44.315823360,Октябрьская,SYNTHETIC,2025,220 days 02:30:30.346075500,13355.738597056083,232.8393018180527,0.6375968992248062,Лето,8,64.00680794158542
2,2025-08-10 22:07:49.861577940,Октябрьская,SYNTHETIC,2025,220 days 18:02:35.891830080,14287.831026299107,932.0924292430241,0.6395348837209303,Лето,8,64.00680794158542
2,2025-08-11 13:59:04.650234720,Октябрьская,SYNTHETIC,2025,221 days 09:53:50.680486860,15239.077503911682,951.2464776125737,0.6414728682170543,Лето,8,64.00680794158542
2,2025-08-11 17:05:14.882057580,Октябрьская,SYNTHETIC,2025,221 days 13:00:00.912309720,15425.248034292857,186.17053038117555,0.6434108527131783,Лето,8,64.00680794158542
2,2025-08-12 21:07:49.910748540,Октябрьская,SYNTHETIC,2025,222 days 17:02:35.941000680,17107.831845808654,1682.5838115157967,0.6453488372093024,Лето,8,64.00680794158542
2,2025-08-14 07:02:30.421964160,Октябрьская,SYNTHETIC,2025,224 days 02:57:16.452216300,19142.507032736445,2034.6751869277898,0.6472868217054264,Лето,8,64.00680794158542
2,2025-08-14 17:20:48.048519480,Октябрьская,SYNTHETIC,2025,224 days 13:15:34.078771620,19760.800808658285,618.293775921839,0.6492248062015504,Лето,8,64.00680794158542
2,2025-08-14 21:27:01.189479780,Октябрьская,SYNTHETIC,2025,224 days 17:21:47.219731920,20007.019824663246,246.21901600496156,0.6511627906976745,Лето,8,64.00680794158542
2,2025-08-14 23:12:28.716967440,Октябрьская,SYNTHETIC,2025,224 days 19:07:14.747219580,20112.478616124146,105.45879146089905,0.6531007751937985,Лето,8,64.00680794158542
2,2025-08-17 15:10:46.432729560,Октябрьская,SYNTHETIC,2025,227 days 11:05:32.462981700,23950.773878826476,3838.295262702331,0.6550387596899225,Лето,8,64.00680794158542
2,2025-08-17 20:19:39.456287340,Октябрьская,SYNTHETIC,2025,227 days 16:14:25.486539480,24259.657604788594,308.8837259621195,0.6569767441860465,Лето,8,64.00680794158542
2,2025-08-18 01:29:47.187698460,Октябрьская,SYNTHETIC,2025,227 days 21:24:33.217950600,24569.786461641004,310.12885685241173,0.6589147286821705,Лето,8,64.00680794158542
2,2025-08-18 18:24:35.241204960,Октябрьская,SYNTHETIC,2025,228 days 14:19:21.271457100,25584.58735341583,1014.8008917748255,0.6608527131782945,Лето,8,64.00680794158542
2,2025-08-18 19:36:01.147909560,Октябрьская,SYNTHETIC,2025,228 days 15:30:47.178161700,25656.01913182562,71.43177840978906,0.6627906976744186,Лето,8,64.00680794158542
2,2025-08-19 06:03:07.835338920,Октябрьская,SYNTHETIC,2025,229 days 01:57:53.865591060,26283.130588981618,627.111457155999,0.6647286821705426,Лето,8,64.00680794158542
2,2025-08-19 08:45:15.485945940,Октябрьская,SYNTHETIC,2025,229 days 04:40:01.516198080,26445.258099099254,162.1275101176357,0.6666666666666666,Лето,8,64.00680794158542
2,2025-08-19 09:00:01.885952999,Октябрьская,SYNTHETIC,2025,229 days 04:54:47.916205139,26460.031432550313,14.773333451057658,0.6686046511627907,Лето,8,64.00680794158542
2,2025-08-19 12:47:28.840912560,Октябрьская,SYNTHETIC,2025,229 days 08:42:14.871164700,26687.480681876397,227.4492493260837,0.6705426356589147,Лето,8,64.00680794158542
2,2025-08-20 07:12:29.214882960,Октябрьская,SYNTHETIC,2025,230 days 03:07:15.245135100,27792.486914715624,1105.0062328392264,0.6724806201550387,Лето,8,64.00680794158542
2,2025-08-20 19:56:53.806290000,Октябрьская,SYNTHETIC,2025,230 days 15:51:39.836542140,28556.896771499694,764.4098567840686,0.6744186046511628,Лето,8,64.00680794158542
2,2025-08-21 12:01:35.723033880,Октябрьская,SYNTHETIC,2025,231 days 07:56:21.753286020,29521.595383898068,964.6986123983746,0.6763565891472868,Лето,8,64.00680794158542
2,2025-08-21 15:10:13.508922540,Октябрьская,SYNTHETIC,2025,231 days 11:04:59.539174680,29710.225148708734,188.62976481066806,0.6782945736434108,Лето,8,64.00680794158542
2,2025-08-21 16:43:45.708637800,Октябрьская,SYNTHETIC,2025,231 days 12:38:31.738889940,29803.761810629567,93.53666192083345,0.6802325581395349,Лето,8,64.00680794158542
2,2025-08-21 21:45:38.887691280,Октябрьская,SYNTHETIC,2025,231 days 17:40:24.917943420,30105.648128188473,301.88631755890543,0.6821705426356589,Лето,8,64.00680794158542
2,2025-08-22 02:36:15.733284240,Октябрьская,SYNTHETIC,2025,231 days 22:31:01.763536380,30396.26222140449,290.6140932160149,0.6841085271317829,Лето,8,64.00680794158542
2,2025-08-23 17:32:04.000059420,Октябрьская,SYNTHETIC,2025,233 days 13:26:50.030311560,32732.066667656647,2335.8044462521584,0.686046511627907,Лето,8,64.00680794158542
2,2025-08-23 23:34:59.615583180,Октябрьская,SYNTHETIC,2025,233 days 19:29:45.645835320,33094.993593052845,362.9269253961985,0.687984496124031,Лето,8,64.00680794158542
2,2025-08-24 13:08:20.064899220,Октябрьская,SYNTHETIC,2025,234 days 09:03:06.095151360,33908.3344149871,813.3408219342512,0.689922480620155,Лето,8,64.00680794158542
2,2025-08-24 16:13:38.969040060,Октябрьская,SYNTHETIC,2025,234 days 12:08:24.999292200,34093.649484000736,185.3150690136375,0.6918604651162791,Лето,8,64.00680794158542
2,2025-08-24 22:50:36.566772900,Октябрьская,SYNTHETIC,2025,234 days 18:45:22.597025040,34490.609446215436,396.95996221469915,0.6937984496124031,Лето,8,64.00680794158542
2,2025-08-25 11:32:25.295111820,Октябрьская,SYNTHETIC,2025,235 days 07:27:11.325363960,35252.42158519685,761.8121389814102,0.6957364341085271,Лето,8,64.00680794158542
2,2025-08-25 18:20:27.459610500,Октябрьская,SYNTHETIC,2025,235 days 14:15:13.489862640,35660.457660175096,408.03607497825055,0.6976744186046512,Лето,8,64.00680794158542
2,2025-08-25 22:31:20.394597900,Октябрьская,SYNTHETIC,2025,235 days 18:26:06.424850040,35911.33990996495,250.88224978985343,0.6996124031007752,Лето,8,64.00680794158542
2,2025-08-26 09:50:02.260825260,Октябрьская,SYNTHETIC,2025,236 days 05:44:48.291077400,36590.03768042076,678.6977704558159,0.7015503875968992,Лето,8,64.00680794158542
2,2025-08-27 16:02:41.682985500,Октябрьская,SYNTHETIC,2025,237 days 11:57:27.713237640,38402.69471642458,1812.657036003816,0.7034883720930233,Лето,8,64.00680794158542
2,2025-08-28 14:54:51.349777560,Октябрьская,SYNTHETIC,2025,238 days 10:49:37.380029700,39774.85582962613,1372.1611132015548,0.7054263565891473,Лето,8,64.00680794158542
2,2025-08-28 21:23:07.227407100,Октябрьская,SYNTHETIC,2025,238 days 17:17:53.257659240,40163.120456785335,388.26462715920223,0.7073643410852714,Лето,8,64.00680794158542
2,2025-08-29 00:22:26.364330000,Октябрьская,SYNTHETIC,2025,238 days 20:17:12.394582140,40342.43940550004,179.31894871470092,0.7093023255813954,Лето,8,64.00680794158542
2,2025-08-29 10:34:49.481513760,Октябрьская,SYNTHETIC,2025,239 days 06:29:35.511765900,40954.82469189593,612.3852863958926,0.7112403100775194,Лето,8,64.00680794158542
2,2025-08-29 12:28:13.163401320,Октябрьская,SYNTHETIC,2025,239 days 08:22:59.193653460,41068.21939002158,113.39469812565353,0.7131782945736435,Лето,8,64.00680794158542
2,2025-08-30 01:26:45.651365160,Октябрьская,SYNTHETIC,2025,239 days 21:21:31.681617300,41846.76085608629,778.5414660647052,0.7151162790697675,Лето,8,64.00680794158542
2,2025-08-30 01:42:43.263705900,Октябрьская,SYNTHETIC,2025,239 days 21:37:29.293958040,41862.72106176464,15.960205678354246,0.7170542635658915,Лето,8,64.00680794158542
2,2025-08-31 01:54:46.105079460,Октябрьская,SYNTHETIC,2025,240 days 21:49:32.135331600,43314.76841799079,1452.047356226144,0.7189922480620154,Лето,8,64.00680794158542
2,2025-08-31 12:04:54.392735880,Октябрьская,SYNTHETIC,2025,241 days 07:59:40.422988020,43924.90654559796,610.1381276071686,0.7209302325581395,Лето,8,64.00680794158542
2,2025-08-31 15:47:41.544833820,Октябрьская,SYNTHETIC,2025,241 days 11:42:27.575085960,44147.69241389706,222.78586829910222,0.7228682170542635,Лето,8,64.00680794158542
2,2025-08-31 15:56:58.631081640,Октябрьская,SYNTHETIC,2025,241 days 11:51:44.661333780,44156.977184694406,9.284770797349804,0.7248062015503876,Лето,8,64.00680794158542
2,2025-08-31 23:34:39.807819660,Октябрьская,SYNTHETIC,2025,241 days 19:29:25.838071800,44614.66346366077,457.6862789663618,0.7267441860465116,Лето,8,64.00680794158542
2,2025-09-01 03:44:48.803460060,Октябрьская,SYNTHETIC,2025,241 days 23:39:34.833712200,224.8133910014798,224.8133910014798,0.7286821705426356,Осень,9,41.90784155214228
2,2025-09-01 09:30:06.854578860,Октябрьская,SYNTHETIC,2025,242 days 05:24:52.884831,570.1142429807155,345.30085197923574,0.7306201550387597,Осень,9,41.90784155214228
2,2025-09-01 09:54:21.260145240,Октябрьская,SYNTHETIC,2025,242 days 05:49:07.290397380,594.3543357535339,24.2400927728183,0.7325581395348837,Осень,9,41.90784155214228
2,2025-09-02 22:51:12.496602000,Октябрьская,SYNTHETIC,2025,243 days 18:45:58.526854140,2811.208276700485,2216.853940946951,0.7344961240310077,Осень,9,41.90784155214228
2,2025-09-03 05:25:05.336209440,Октябрьская,SYNTHETIC,2025,244 days 01:19:51.366461580,3205.0889368243925,393.88066012390743,0.7364341085271318,Осень,9,41.90784155214228
2,2025-09-03 17:22:46.561663860,Октябрьская,SYNTHETIC,2025,244 days 13:17:32.591916,3922.7760277305624,717.6870909061698,0.7383720930232558,Осень,9,41.90784155214228
2,2025-09-05 03:56:39.800444160,Октябрьская,SYNTHETIC,2025,245 days 23:51:25.830696300,5996.66334073609,2073.887313005527,0.7403100775193798,Осень,9,41.90784155214228
2,2025-09-07 02:01:35.236288140,Октябрьская,SYNTHETIC,2025,247 days 21:56:21.266540280,8761.587271469492,2764.923930733403,0.7422480620155039,Осень,9,41.90784155214228
2,2025-09-07 05:50:14.658221280,Октябрьская,SYNTHETIC,2025,248 days 01:45:00.688473420,8990.244303687568,228.65703221807593,0.7441860465116279,Осень,9,41.90784155214228
2,2025-09-07 11:42:26.912439420,Октябрьская,SYNTHETIC,2025,248 days 07:37:12.942691560,9342.448540657388,352.2042369698185,0.7461240310077519,Осень,9,41.90784155214228
2,2025-09-07 15:35:48.668139840,Октябрьская,SYNTHETIC,2025,248 days 11:30:34.698391980,9575.81113566434,233.36259500695314,0.748062015503876,Осень,9,41.90784155214228
2,2025-09-07 15:40:33.451657260,Октябрьская,SYNTHETIC,2025,248 days 11:35:19.481909400,9580.557527621193,4.746391956852025,0.75,Осень,9,41.90784155214228
2,2025-09-07 17:39:12.856126320,Октябрьская,SYNTHETIC,2025,248 days 13:33:58.886378460,9699.214268771844,118.65674115065079,0.751937984496124,Осень,9,41.90784155214228
2,2025-09-08 16:56:16.946825100,Октябрьская,SYNTHETIC,2025,249 days 12:51:02.977077240,11096.282447085345,1397.068178313501,0.7538759689922481,Осень,9,41.90784155214228
2,2025-09-12 03:22:26.911101060,Октябрьская,SYNTHETIC,2025,252 days 23:17:12.941353200,16042.448518351339,4946.166071265993,0.7558139534883721,Осень,9,41.90784155214228
2,2025-09-12 17:59:29.991747120,Октябрьская,SYNTHETIC,2025,253 days 13:54:16.021999260,16919.49986245178,877.05134410044,0.7577519379844961,Осень,9,41.90784155214228
2,2025-09-13 06:38:02.164756800,Октябрьская,SYNTHETIC,2025,254 days 02:32:48.195008940,17678.03607928048,758.5362168287011,0.7596899224806202,Осень,9,41.90784155214228
2,2025-09-13 09:47:38.016032820,Октябрьская,SYNTHETIC,2025,254 days 05:42:24.046284960,17867.63360054711,189.5975212666306,0.7616279069767442,Осень,9,41.90784155214228
2,2025-09-13 12:38:50.346661020,Октябрьская,SYNTHETIC,2025,254 days 08:33:36.376913160,18038.83911101717,171.20551047006052,0.7635658914728682,Осень,9,41.90784155214228
2,2025-09-14 14:33:19.131234720,Октябрьская,SYNTHETIC,2025,255 days 10:28:05.161486860,19593.31885391158,1554.4797428944098,0.7655038759689923,Осень,9,41.90784155214228
2,2025-09-15 04:52:27.993657000,Октябрьская,SYNTHETIC,2025,256 days 00:47:14.023909140,20452.466560950408,859.1477070388266,0.7674418604651163,Осень,9,41.90784155214228
2,2025-09-16 00:33:54.360875880,Октябрьская,SYNTHETIC,2025,256 days 20:28:40.391128020,21633.90601459763,1181.43945364722,0.7693798449612403,Осень,9,41.90784155214228
2,2025-09-16 00:49:07.322217300,Октябрьская,SYNTHETIC,2025,256 days 20:43:53.352469440,21649.122036955407,15.216022357776458,0.7713178294573644,Осень,9,41.90784155214228
2,2025-09-17 02:56:06.342292680,Октябрьская,SYNTHETIC,2025,257 days 22:50:52.372544820,23216.105704877853,1566.983667922448,0.7732558139534884,Осень,9,41.90784155214228
2,2025-09-17 07:56:50.470555080,Октябрьская,SYNTHETIC,2025,258 days 03:51:36.500807220,23516.841175917885,300.73547104003217,0.7751937984496124,Осень,9,41.90784155214228
2,2025-09-18 01:50:23.343338340,Октябрьская,SYNTHETIC,2025,258 days 21:45:09.373590480,24590.389055639105,1073.547879721221,0.7771317829457365,Осень,9,41.90784155214228
2,2025-09-18 02:08:55.710658980,Октябрьская,SYNTHETIC,2025,258 days 22:03:41.740911120,24608.928510983325,18.539455344218545,0.7790697674418605,Осень,9,41.90784155214228
2,2025-09-18 08:50:00.358164360,Октябрьская,SYNTHETIC,2025,259 days 04:44:46.388416500,25010.005969406346,401.07745842302063,0.7810077519379846,Осень,9,41.90784155214228
2,2025-09-19 05:32:46.157756220,Октябрьская,SYNTHETIC,2025,260 days 01:27:32.188008360,26252.76929593703,1242.763326530683,0.7829457364341085,Осень,9,41.90784155214228
2,2025-09-19 10:44:27.202564440,Октябрьская,SYNTHETIC,2025,260 days 06:39:13.232816580,26564.453376074467,311.68408013743755,0.7848837209302325,Осень,9,41.90784155214228
2,2025-09-22 02:54:25.241368260,Октябрьская,SYNTHETIC,2025,262 days 22:49:11.271620400,30414.420689470666,3849.9673133961996,0.7868217054263565,Осень,9,41.90784155214228
2,2025-09-22 21:32:48.573230580,Октябрьская,SYNTHETIC,2025,263 days 17:27:34.603482720,31532.809553843355,1118.3888643726905,0.7887596899224806,Осень,9,41.90784155214228
2,2025-09-23 05:21:23.304455100,Октябрьская,SYNTHETIC,2025,264 days 01:16:09.334707240,32001.38840758504,468.5788537416858,0.7906976744186046,Осень,9,41.90784155214228
2,2025-09-24 01:07:06.634016940,Октябрьская,SYNTHETIC,2025,264 days 21:01:52.664269080,33187.11056694852,1185.7221593634804,0.7926356589147286,Осень,9,41.90784155214228
2,2025-09-24 10:02:02.157279900,Октябрьская,SYNTHETIC,2025,265 days 05:56:48.187532040,33722.03595466494,534.9253877164234,0.7945736434108527,Осень,9,41.90784155214228
2,2025-09-24 12:55:56.434562940,Октябрьская,SYNTHETIC,2025,265 days 08:50:42.464815080,33895.94057604889,173.90462138394744,0.7965116279069767,Осень,9,41.90784155214228
2,2025-09-25 12:46:42.601401120,Октябрьская,SYNTHETIC,2025,266 days 08:41:28.631653260,35326.71002335249,1430.769447303605,0.7984496124031008,Осень,9,41.90784155214228
2,2025-09-26 21:00:07.296267120,Октябрьская,SYNTHETIC,2025,267 days 16:54:53.326519260,37260.121604451735,1933.4115810992453,0.8003875968992248,Осень,9,41.90784155214228
2,2025-09-28 16:00:55.642230540,Октябрьская,SYNTHETIC,2025,269 days 11:55:41.672482680,39840.92737050852,2580.8057660567833,0.8023255813953488,Осень,9,41.90784155214228
2,2025-09-28 17:23:49.223137620,Октябрьская,SYNTHETIC,2025,269 days 13:18:35.253389760,39923.82038562671,82.89301511818302,0.8042635658914729,Осень,9,41.90784155214228
2,2025-09-28 22:36:57.223069980,Октябрьская,SYNTHETIC,2025,269 days 18:31:43.253322120,40236.953717833494,313.13333220679027,0.8062015503875969,Осень,9,41.90784155214228
2,2025-09-29 04:52:21.923127060,Октябрьская,SYNTHETIC,2025,270 days 00:47:07.953379200,40612.3653854515,375.41166761800827,0.8081395348837209,Осень,9,41.90784155214228
2,2025-10-03 00:34:10.731164220,Октябрьская,SYNTHETIC,2025,273 days 20:28:56.761416360,2914.1788527368185,2914.1788527368185,0.810077519379845,Осень,10,41.90784155214228
2,2025-10-04 06:06:57.749642100,Октябрьская,SYNTHETIC,2025,275 days 02:01:43.779894240,4686.962494034653,1772.7836412978343,0.812015503875969,Осень,10,41.90784155214228
2,2025-10-04 14:37:07.271126460,Октябрьская,SYNTHETIC,2025,275 days 10:31:53.301378600,5197.1211854415,510.1586914068471,0.813953488372093,Осень,10,41.90784155214228
2,2025-10-04 21:09:09.922253100,Октябрьская,SYNTHETIC,2025,275 days 17:03:55.952505240,5589.165370884852,392.0441854433521,0.8158914728682171,Осень,10,41.90784155214228
2,2025-10-06 16:57:29.710642020,Октябрьская,SYNTHETIC,2025,277 days 12:52:15.740894160,8217.495177366845,2628.329806481994,0.8178294573643411,Осень,10,41.90784155214228
2,2025-10-07 10:41:59.086975440,Октябрьская,SYNTHETIC,2025,278 days 06:36:45.117227580,9281.984782924104,1064.4896055572592,0.8197674418604651,Осень,10,41.90784155214228
2,2025-10-07 14:02:52.208968200,Октябрьская,SYNTHETIC,2025,278 days 09:57:38.239220340,9482.87014946954,200.88536654543617,0.8217054263565892,Осень,10,41.90784155214228
2,2025-10-07 14:56:04.385358000,Октябрьская,SYNTHETIC,2025,278 days 10:50:50.415610140,9536.073089300495,53.20293983095548,0.8236434108527132,Осень,10,41.90784155214228
2,2025-10-07 21:19:49.046009160,Октябрьская,SYNTHETIC,2025,278 days 17:14:35.076261300,9919.81743348639,383.74434418589505,0.8255813953488372,Осень,10,41.90784155214228
2,2025-10-08 11:54:56.949504600,Октябрьская,SYNTHETIC,2025,279 days 07:49:42.979756740,10794.949158409536,875.1317249231452,0.8275193798449613,Осень,10,41.90784155214228
2,2025-10-08 14:47:30.281800260,Октябрьская,SYNTHETIC,2025,279 days 10:42:16.312052400,10967.504696671072,172.55553826153619,0.8294573643410853,Осень,10,41.90784155214228
2,2025-10-08 18:42:34.197019620,Октябрьская,SYNTHETIC,2025,279 days 14:37:20.227271760,11202.569950326977,235.06525365590502,0.8313953488372093,Осень,10,41.90784155214228
2,2025-10-09 21:05:33.299529359,Октябрьская,SYNTHETIC,2025,280 days 17:00:19.329781499,12785.5549921565,1582.9850418295225,0.8333333333333334,Осень,10,41.90784155214228
2,2025-10-10 01:26:20.295250260,Октябрьская,SYNTHETIC,2025,280 days 21:21:06.325502400,13046.338254171025,260.78326201452467,0.8352713178294574,Осень,10,41.90784155214228
2,2025-10-10 22:38:08.957524200,Октябрьская,SYNTHETIC,2025,281 days 18:32:54.987776340,14318.149292070284,1271.811037899258,0.8372093023255814,Осень,10,41.90784155214228
2,2025-10-11 11:13:16.749686639,Октябрьская,SYNTHETIC,2025,282 days 07:08:02.779938779,15073.279161443777,755.1298693734936,0.8391472868217055,Осень,10,41.90784155214228
2,2025-10-11 16:26:24.285677040,Октябрьская,SYNTHETIC,2025,282 days 12:21:10.315929180,15386.404761284444,313.12559984066735,0.8410852713178295,Осень,10,41.90784155214228
2,2025-10-12 01:23:51.018209520,Октябрьская,SYNTHETIC,2025,282 days 21:18:37.048461660,15923.850303491598,537.445542207154,0.8430232558139535,Осень,10,41.90784155214228
2,2025-10-13 09:26:45.036241800,Октябрьская,SYNTHETIC,2025,284 days 05:21:31.066493940,17846.75060402975,1922.9003005381524,0.8449612403100775,Осень,10,41.90784155214228
2,2025-10-13 10:03:24.710370360,Октябрьская,SYNTHETIC,2025,284 days 05:58:10.740622500,17883.4118395057,36.66123547595281,0.8468992248062015,Осень,10,41.90784155214228
2,2025-10-13 11:02:39.643279920,Октябрьская,SYNTHETIC,2025,284 days 06:57:25.673532060,17942.660721331602,59.24888182590209,0.8488372093023255,Осень,10,41.90784155214228
2,2025-10-13 12:55:04.997391720,Октябрьская,SYNTHETIC,2025,284 days 08:49:51.027643860,18055.08328986211,112.42256853050623,0.8507751937984496,Осень,10,41.90784155214228
2,2025-10-13 18:23:25.713268680,Октябрьская,SYNTHETIC,2025,284 days 14:18:11.743520820,18383.428554477934,328.3452646158252,0.8527131782945736,Осень,10,41.90784155214228
2,2025-10-13 19:21:55.509170460,Октябрьская,SYNTHETIC,2025,284 days 15:16:41.539422600,18441.92515284145,58.49659836351586,0.8546511627906976,Осень,10,41.90784155214228
2,2025-10-15 00:33:30.124769760,Октябрьская,SYNTHETIC,2025,285 days 20:28:16.155021900,20193.502079496207,1751.5769266547593,0.8565891472868217,Осень,10,41.90784155214228
2,2025-10-15 00:52:38.716709100,Октябрьская,SYNTHETIC,2025,285 days 20:47:24.746961240,20212.645278484866,19.143198988658668,0.8585271317829457,Осень,10,41.90784155214228
2,2025-10-15 07:53:44.206888260,Октябрьская,SYNTHETIC,2025,286 days 03:48:30.237140400,20633.736781471438,421.091502986571,0.8604651162790697,Осень,10,41.90784155214228
2,2025-10-16 22:10:42.803667240,Октябрьская,SYNTHETIC,2025,287 days 18:05:28.833919380,22930.71339445388,2296.976612982444,0.8624031007751938,Осень,10,41.90784155214228
2,2025-10-17 15:02:18.816039300,Октябрьская,SYNTHETIC,2025,288 days 10:57:04.846291440,23942.313600655016,1011.6002062011363,0.8643410852713178,Осень,10,41.90784155214228
2,2025-10-17 21:28:32.509823520,Октябрьская,SYNTHETIC,2025,288 days 17:23:18.540075660,24328.541830391583,386.2282297365689,0.8662790697674418,Осень,10,41.90784155214228
2,2025-10-18 17:35:37.251075900,Октябрьская,SYNTHETIC,2025,289 days 13:30:23.281328040,25535.620851264528,1207.079020872946,0.8682170542635659,Осень,10,41.90784155214228
2,2025-10-18 19:46:33.263586300,Октябрьская,SYNTHETIC,2025,289 days 15:41:19.293838440,25666.554393104754,130.93354184022627,0.8701550387596899,Осень,10,41.90784155214228
2,2025-10-19 02:49:20.265845040,Октябрьская,SYNTHETIC,2025,289 days 22:44:06.296097180,26089.33776408375,422.7833709789973,0.872093023255814,Осень,10,41.90784155214228
2,2025-10-19 12:56:19.243781760,Октябрьская,SYNTHETIC,2025,290 days 08:51:05.274033900,26696.32072969587,606.9829656121226,0.874031007751938,Осень,10,41.90784155214228
2,2025-10-20 17:42:31.893874079,Октябрьская,SYNTHETIC,2025,291 days 13:37:17.924126219,28422.53156456824,1726.2108348723673,0.875968992248062,Осень,10,41.90784155214228
2,2025-10-21 21:01:04.220545200,Октябрьская,SYNTHETIC,2025,292 days 16:55:50.250797340,30061.070342419884,1638.5387778516465,0.877906976744186,Осень,10,41.90784155214228
2,2025-10-21 22:40:51.988284900,Октябрьская,SYNTHETIC,2025,292 days 18:35:38.018537040,30160.8664714152,99.79612899531469,0.8798449612403101,Осень,10,41.90784155214228
2,2025-10-22 21:01:50.555768400,Октябрьская,SYNTHETIC,2025,293 days 16:56:36.586020540,31501.842596139613,1340.976124724413,0.8817829457364341,Осень,10,41.90784155214228
2,2025-10-23 19:12:31.775579040,Октябрьская,SYNTHETIC,2025,294 days 15:07:17.805831180,32832.529592984065,1330.6869968444544,0.8837209302325582,Осень,10,41.90784155214228
2,2025-10-24 00:41:38.029827480,Октябрьская,SYNTHETIC,2025,294 days 20:36:24.060079620,33161.633830458006,329.10423747393924,0.8856589147286822,Осень,10,41.90784155214228
2,2025-10-25 05:26:25.652340240,Октябрьская,SYNTHETIC,2025,296 days 01:21:11.682592380,34886.427539003875,1724.7937085458666,0.8875968992248062,Осень,10,41.90784155214228
2,2025-10-25 06:23:44.801737800,Октябрьская,SYNTHETIC,2025,296 days 02:18:30.831989940,34943.7466956302,57.31915662632441,0.8895348837209303,Осень,10,41.90784155214228
2,2025-11-01 04:22:45.375411240,Октябрьская,SYNTHETIC,2025,303 days 00:17:31.405663380,262.7562568543553,262.7562568543553,0.8914728682170543,Осень,11,41.90784155214228
2,2025-11-05 21:11:34.295468400,Октябрьская,SYNTHETIC,2025,307 days 17:06:20.325720540,7031.571591140206,6768.81533428585,0.8934108527131783,Осень,11,41.90784155214228
2,2025-11-05 23:37:18.238463580,Октябрьская,SYNTHETIC,2025,307 days 19:32:04.268715720,7177.303974393307,145.73238325310075,0.8953488372093024,Осень,11,41.90784155214228
2,2025-11-07 02:47:58.749013320,Октябрьская,SYNTHETIC,2025,308 days 22:42:44.779265460,8807.979150221623,1630.675175828316,0.8972868217054264,Осень,11,41.90784155214228
2,2025-11-07 08:54:09.295659780,Октябрьская,SYNTHETIC,2025,309 days 04:48:55.325911920,9174.154927662668,366.1757774410453,0.8992248062015504,Осень,11,41.90784155214228
2,2025-11-07 22:01:23.223818640,Октябрьская,SYNTHETIC,2025,309 days 17:56:09.254070780,9961.387063644006,787.2321359813378,0.9011627906976745,Осень,11,41.90784155214228
2,2025-11-09 14:21:00.201614160,Октябрьская,SYNTHETIC,2025,311 days 10:15:46.231866300,12381.003360235683,2419.6162965916774,0.9031007751937985,Осень,11,41.90784155214228
2,2025-11-10 15:15:36.086278560,Октябрьская,SYNTHETIC,2025,312 days 11:10:22.116530700,13875.601437976464,1494.5980777407801,0.9050387596899225,Осень,11,41.90784155214228
2,2025-11-11 08:41:47.046076980,Октябрьская,SYNTHETIC,2025,313 days 04:36:33.076329120,14921.784101282596,1046.1826633061312,0.9069767441860465,Осень,11,41.90784155214228
2,2025-11-11 10:57:20.505870360,Октябрьская,SYNTHETIC,2025,313 days 06:52:06.536122500,15057.341764505874,135.55766322327844,0.9089147286821705,Осень,11,41.90784155214228
2,2025-11-11 11:15:21.705292500,Октябрьская,SYNTHETIC,2025,313 days 07:10:07.735544640,15075.361754875306,18.019990369432023,0.9108527131782945,Осень,11,41.90784155214228
2,2025-11-12 16:37:47.105904900,Октябрьская,SYNTHETIC,2025,314 days 12:32:33.136157040,16837.78509841475,1762.423343539447,0.9127906976744186,Осень,11,41.90784155214228
2,2025-11-12 20:01:38.202680280,Октябрьская,SYNTHETIC,2025,314 days 15:56:24.232932420,17041.636711337553,203.85161292279943,0.9147286821705426,Осень,11,41.90784155214228
2,2025-11-13 04:38:02.394496200,Октябрьская,SYNTHETIC,2025,315 days 00:32:48.424748340,17558.039908270403,516.403196932848,0.9166666666666666,Осень,11,41.90784155214228
2,2025-11-13 10:56:59.915627700,Октябрьская,SYNTHETIC,2025,315 days 06:51:45.945879840,17936.998593795248,378.9586855248445,0.9186046511627907,Осень,11,41.90784155214228
2,2025-11-13 17:05:24.129911640,Октябрьская,SYNTHETIC,2025,315 days 13:00:10.160163780,18305.402165194384,368.4035713991345,0.9205426356589147,Осень,11,41.90784155214228
2,2025-11-13 22:55:15.388751460,Октябрьская,SYNTHETIC,2025,315 days 18:50:01.419003600,18655.25647919089,349.8543139965069,0.9224806201550387,Осень,11,41.90784155214228
2,2025-11-15 00:21:06.537647520,Октябрьская,SYNTHETIC,2025,316 days 20:15:52.567899660,20181.108960791615,1525.8524816007225,0.9244186046511628,Осень,11,41.90784155214228
2,2025-11-16 14:17:48.603069480,Октябрьская,SYNTHETIC,2025,318 days 10:12:34.633321620,22457.810051157845,2276.7010903662303,0.9263565891472868,Осень,11,41.90784155214228
2,2025-11-17 11:58:45.911108160,Октябрьская,SYNTHETIC,2025,319 days 07:53:31.941360300,23758.765185136115,1300.9551339782713,0.9282945736434108,Осень,11,41.90784155214228
2,2025-11-17 14:03:30.698041680,Октябрьская,SYNTHETIC,2025,319 days 09:58:16.728293820,23883.511634027684,124.74644889156946,0.9302325581395349,Осень,11,41.90784155214228
2,2025-11-17 14:30:52.228922940,Октябрьская,SYNTHETIC,2025,319 days 10:25:38.259175080,23910.87048204875,27.358848021068223,0.9321705426356589,Осень,11,41.90784155214228
2,2025-11-20 07:42:53.687521860,Октябрьская,SYNTHETIC,2025,322 days 03:37:39.717774,27822.894792031388,3912.0243099826353,0.9341085271317829,Осень,11,41.90784155214228
2,2025-11-20 11:35:44.151906120,Октябрьская,SYNTHETIC,2025,322 days 07:30:30.182158260,28055.735865101953,232.8410730705649,0.936046511627907,Осень,11,41.90784155214228
2,2025-11-21 16:07:16.675267500,Октябрьская,SYNTHETIC,2025,323 days 12:02:02.705519640,29767.277921125165,1711.5420560232133,0.937984496124031,Осень,11,41.90784155214228
2,2025-11-22 02:18:59.389578720,Октябрьская,SYNTHETIC,2025,323 days 22:13:45.419830860,30378.989826312438,611.7119051872738,0.939922480620155,Осень,11,41.90784155214228
2,2025-11-22 08:14:43.486524060,Октябрьская,SYNTHETIC,2025,324 days 04:09:29.516776200,30734.724775401202,355.73494908876313,0.9418604651162791,Осень,11,41.90784155214228
2,2025-11-22 10:29:56.792784720,Октябрьская,SYNTHETIC,2025,324 days 06:24:42.823036860,30869.94654641194,135.2217710107351,0.9437984496124031,Осень,11,41.90784155214228
2,2025-11-23 08:43:33.746276880,Октябрьская,SYNTHETIC,2025,325 days 04:38:19.776529020,32203.562437947538,1333.6158915356007,0.9457364341085271,Осень,11,41.90784155214228
2,2025-11-23 22:53:38.966903820,Октябрьская,SYNTHETIC,2025,325 days 18:48:24.997155960,33053.649448397,850.0870104494637,0.9476744186046512,Осень,11,41.90784155214228
2,2025-11-24 02:49:07.455416160,Октябрьская,SYNTHETIC,2025,325 days 22:43:53.485668300,33289.12425693565,235.47480853864238,0.9496124031007752,Осень,11,41.90784155214228
2,2025-11-26 02:08:30.113884140,Октябрьская,SYNTHETIC,2025,327 days 22:03:16.144136280,36128.50189806884,2839.3776411331896,0.9515503875968992,Осень,11,41.90784155214228
2,2025-11-26 03:09:20.138713860,Октябрьская,SYNTHETIC,2025,327 days 23:04:06.168966,36189.335645231076,60.83374716223715,0.9534883720930233,Осень,11,41.90784155214228
2,2025-11-26 17:57:52.979202360,Октябрьская,SYNTHETIC,2025,328 days 13:52:39.009454500,37077.8829867056,888.5473414745214,0.9554263565891473,Осень,11,41.90784155214228
2,2025-11-27 06:16:08.207692740,Октябрьская,SYNTHETIC,2025,329 days 02:10:54.237944880,37816.13679487887,738.2538081732738,0.9573643410852714,Осень,11,41.90784155214228
2,2025-11-27 21:03:31.627270080,Октябрьская,SYNTHETIC,2025,329 days 16:58:17.657522220,38703.52712116815,887.3903262892753,0.9593023255813954,Осень,11,41.90784155214228
2,2025-11-28 07:38:13.659252060,Октябрьская,SYNTHETIC,2025,330 days 03:32:59.689504200,39338.2276542013,634.7005330331501,0.9612403100775194,Осень,11,41.90784155214228
2,2025-11-30 05:35:18.275543880,Октябрьская,SYNTHETIC,2025,332 days 01:30:04.305796020,42095.304592398265,2757.076938196967,0.9631782945736435,Осень,11,41.90784155214228
2,2025-11-30 17:42:20.909795520,Октябрьская,SYNTHETIC,2025,332 days 13:37:06.940047660,42822.348496591556,727.0439041932896,0.9651162790697675,Осень,11,41.90784155214228
2,2025-12-01 10:48:38.123669460,Октябрьская,SYNTHETIC,2025,333 days 06:43:24.153921600,43848.6353944906,1026.286897899042,0.9670542635658915,Осень,11,41.90784155214228
2,2025-12-01 14:48:58.478311020,Октябрьская,SYNTHETIC,2025,333 days 10:43:44.508563160,888.9746385174166,888.9746385174166,0.9689922480620154,Зима,12,13.562159899539555
2,2025-12-01 16:13:33.897990840,Октябрьская,SYNTHETIC,2025,333 days 12:08:19.928242980,44173.56496651403,324.9295720234295,0.9709302325581395,Осень,11,41.90784155214228
2,2025-12-02 03:00:49.828882740,Октябрьская,SYNTHETIC,2025,333 days 22:55:35.859134880,1620.8304813790876,731.855842861671,0.9728682170542635,Зима,12,13.562159899539555
2,2025-12-02 09:11:01.604442300,Октябрьская,SYNTHETIC,2025,334 days 05:05:47.634694440,45191.026740704794,1017.4617741907629,0.9748062015503876,Осень,11,41.90784155214228
2,2025-12-03 20:24:13.903337100,Октябрьская,SYNTHETIC,2025,335 days 16:18:59.933589240,4104.231722285093,2483.4012409060056,0.9767441860465116,Зима,12,13.562159899539555
2,2025-12-03 20:25:23.462838360,Октябрьская,SYNTHETIC,2025,335 days 16:20:09.493090500,4105.391047305516,1.1593250204220515,0.9786821705426356,Зима,12,13.562159899539555
2,2025-12-06 17:23:10.092590100,Октябрьская,SYNTHETIC,2025,338 days 13:17:56.122842240,8243.168209834519,4137.777162529003,0.9806201550387597,Зима,12,13.562159899539555
2,2025-12-16 10:26:02.820186660,Октябрьская,SYNTHETIC,2025,348 days 06:20:48.850438800,22226.047003111205,13982.878793276686,0.9825581395348837,Зима,12,13.562159899539555
2,2025-12-17 10:57:58.210777440,Октябрьская,SYNTHETIC,2025,349 days 06:52:44.241029580,23697.97017962426,1471.9231765130544,0.9844961240310077,Зима,12,13.562159899539555
2,2025-12-20 20:12:41.201231760,Октябрьская,SYNTHETIC,2025,352 days 16:07:27.231483900,28572.686687195506,4874.716507571248,0.9864341085271318,Зима,12,13.562159899539555
2,2025-12-21 04:42:57.185712480,Октябрьская,SYNTHETIC,2025,353 days 00:37:43.215964620,29082.95309520789,510.266408012384,0.9883720930232558,Зима,12,13.562159899539555
2,2025-12-21 15:45:40.992714420,Октябрьская,SYNTHETIC,2025,353 days 11:40:27.022966560,29745.6832119065,662.7301166986123,0.9903100775193798,Зима,12,13.562159899539555
2,2025-12-22 20:53:57.677048220,Октябрьская,SYNTHETIC,2025,354 days 16:48:43.707300360,31493.961284137033,1748.278072230531,0.9922480620155039,Зима,12,13.562159899539555
2,2025-12-24 07:34:59.518156080,Октябрьская,SYNTHETIC,2025,356 days 03:29:45.548408220,33574.99196926801,2081.030685130982,0.9941860465116279,Зима,12,13.562159899539555
2,2025-12-24 17:43:32.704159080,Октябрьская,SYNTHETIC,2025,356 days 13:38:18.734411220,34183.54506931796,608.5531000499432,0.9961240310077519,Зима,12,13.562159899539555
2,2025-12-25 00:22:19.770867960,Октябрьская,SYNTHETIC,2025,356 days 20:17:05.801120100,34582.32951446594,398.7844451479839,0.998062015503876,Зима,12,13.562159899539555
