START_TIME,DELTA_TIME,DELTA_MINUTES,INDEX
2023-01-01 19:38:00,0 days 00:00:00,0.0,0.0
2023-01-02 10:56:00,0 days 15:18:00,918.0,0.002457002457002457
2023-01-02 12:44:00,0 days 17:06:00,1026.0,0.004914004914004914
2023-01-03 00:10:00,1 days 04:32:00,1712.0,0.007371007371007371
2023-01-03 05:29:00,1 days 09:51:00,2031.0,0.009828009828009828
2023-01-04 10:34:00,2 days 14:56:00,3776.0,0.012285012285012284
2023-01-05 10:07:00,3 days 14:29:00,5189.0,0.014742014742014743
2023-01-05 17:01:00,3 days 21:23:00,5603.0,0.0171990171990172
2023-01-06 02:32:00,4 days 06:54:00,6174.0,0.019656019656019656
2023-01-07 23:59:00,6 days 04:21:00,8901.0,0.022113022113022112
2023-01-10 07:25:00,8 days 11:47:00,12227.0,0.02457002457002457
2023-01-11 12:01:00,9 days 16:23:00,13943.0,0.027027027027027025
2023-01-11 17:38:00,9 days 22:00:00,14280.0,0.029484029484029485
2023-01-14 18:12:00,12 days 22:34:00,18634.0,0.03194103194103194
2023-01-15 18:34:00,13 days 22:56:00,20096.0,0.0343980343980344
2023-01-17 17:50:00,15 days 22:12:00,22932.0,0.036855036855036855
2023-01-18 02:31:00,16 days 06:53:00,23453.0,0.03931203931203931
2023-01-19 21:10:00,18 days 01:32:00,26012.0,0.04176904176904177
2023-01-19 21:19:00,18 days 01:41:00,26021.0,0.044226044226044224
2023-01-22 19:50:00,21 days 00:12:00,30252.0,0.04668304668304668
2023-01-22 22:46:00,21 days 03:08:00,30428.0,0.04914004914004914
2023-01-25 07:20:00,23 days 11:42:00,33822.0,0.051597051597051594
2023-01-25 12:51:00,23 days 17:13:00,34153.0,0.05405405405405405
2023-01-31 00:04:00,29 days 04:26:00,42026.0,0.05651105651105651
2023-02-01 16:10:00,30 days 20:32:00,44432.0,0.05896805896805897
2023-02-01 18:09:00,30 days 22:31:00,44551.0,0.06142506142506143
2023-02-05 17:19:00,34 days 21:41:00,50261.0,0.06388206388206388
2023-02-06 20:57:00,36 days 01:19:00,51919.0,0.06633906633906633
2023-02-07 08:19:00,36 days 12:41:00,52601.0,0.0687960687960688
2023-02-08 22:42:00,38 days 03:04:00,54904.0,0.07125307125307125
2023-02-12 05:21:00,41 days 09:43:00,59623.0,0.07371007371007371
2023-02-14 11:10:00,43 days 15:32:00,62852.0,0.07616707616707616
2023-02-15 01:49:00,44 days 06:11:00,63731.0,0.07862407862407862
2023-02-15 13:09:00,44 days 17:31:00,64411.0,0.08108108108108109
2023-02-16 23:00:00,46 days 03:22:00,66442.0,0.08353808353808354
2023-02-18 08:34:00,47 days 12:56:00,68456.0,0.085995085995086
2023-02-18 10:40:00,47 days 15:02:00,68582.0,0.08845208845208845
2023-02-21 18:20:00,50 days 22:42:00,73362.0,0.09090909090909091
2023-02-21 18:57:00,50 days 23:19:00,73399.0,0.09336609336609336
2023-02-22 01:56:00,51 days 06:18:00,73818.0,0.09582309582309582
2023-02-23 11:08:00,52 days 15:30:00,75810.0,0.09828009828009827
2023-02-23 16:05:00,52 days 20:27:00,76107.0,0.10073710073710074
2023-02-23 16:22:00,52 days 20:44:00,76124.0,0.10319410319410319
2023-02-23 21:08:00,53 days 01:30:00,76410.0,0.10565110565110565
2023-02-24 09:14:00,53 days 13:36:00,77136.0,0.1081081081081081
2023-02-25 04:28:00,54 days 08:50:00,78290.0,0.11056511056511056
2023-02-25 23:30:00,55 days 03:52:00,79432.0,0.11302211302211301
2023-02-26 01:16:00,55 days 05:38:00,79538.0,0.11547911547911548
2023-02-27 00:10:00,56 days 04:32:00,80912.0,0.11793611793611794
2023-02-27 12:32:00,56 days 16:54:00,81654.0,0.12039312039312039
2023-02-28 11:15:00,57 days 15:37:00,83017.0,0.12285012285012285
2023-02-28 15:15:00,57 days 19:37:00,83257.0,0.12530712530712532
2023-03-04 07:30:00,61 days 11:52:00,88552.0,0.12776412776412777
2023-03-04 22:25:00,62 days 02:47:00,89447.0,0.13022113022113022
2023-03-11 09:37:00,68 days 13:59:00,98759.0,0.13267813267813267
2023-03-11 22:30:00,69 days 02:52:00,99532.0,0.13513513513513514
2023-03-12 10:26:00,69 days 14:48:00,100248.0,0.1375921375921376
2023-03-13 00:12:00,70 days 04:34:00,101074.0,0.14004914004914004
2023-03-13 21:28:00,71 days 01:50:00,102350.0,0.1425061425061425
2023-03-16 13:54:00,73 days 18:16:00,106216.0,0.14496314496314497
2023-03-16 23:25:00,74 days 03:47:00,106787.0,0.14742014742014742
2023-03-17 01:50:00,74 days 06:12:00,106932.0,0.14987714987714987
2023-03-17 03:59:00,74 days 08:21:00,107061.0,0.15233415233415232
2023-03-18 00:12:00,75 days 04:34:00,108274.0,0.1547911547911548
2023-03-18 16:07:00,75 days 20:29:00,109229.0,0.15724815724815724
2023-03-19 11:29:00,76 days 15:51:00,110391.0,0.1597051597051597
2023-03-20 14:18:00,77 days 18:40:00,112000.0,0.16216216216216217
2023-03-21 14:33:00,78 days 18:55:00,113455.0,0.16461916461916462
2023-03-23 01:58:00,80 days 06:20:00,115580.0,0.16707616707616707
2023-03-26 02:16:00,83 days 06:38:00,119918.0,0.16953316953316952
2023-03-26 02:29:00,83 days 06:51:00,119931.0,0.171990171990172
2023-03-26 03:01:00,83 days 07:23:00,119963.0,0.17444717444717445
2023-03-26 11:37:00,83 days 15:59:00,120479.0,0.1769041769041769
2023-03-29 05:26:00,86 days 09:48:00,124428.0,0.17936117936117935
2023-03-30 21:15:00,88 days 01:37:00,126817.0,0.18181818181818182
2023-04-01 15:10:00,89 days 19:32:00,129332.0,0.18427518427518427
2023-04-04 16:12:00,92 days 20:34:00,133714.0,0.18673218673218672
2023-04-05 21:03:00,94 days 01:25:00,135445.0,0.18918918918918917
2023-04-06 03:20:00,94 days 07:42:00,135822.0,0.19164619164619165
2023-04-08 12:46:00,96 days 17:08:00,139268.0,0.1941031941031941
2023-04-11 00:50:00,99 days 05:12:00,142872.0,0.19656019656019655
2023-04-14 03:35:00,102 days 07:57:00,147357.0,0.19901719901719903
2023-04-14 04:37:00,102 days 08:59:00,147419.0,0.20147420147420148
2023-04-16 05:46:00,104 days 10:08:00,150368.0,0.20393120393120392
2023-04-16 11:13:00,104 days 15:35:00,150695.0,0.20638820638820637
2023-04-16 12:56:00,104 days 17:18:00,150798.0,0.20884520884520885
2023-04-16 16:42:00,104 days 21:04:00,151024.0,0.2113022113022113
2023-04-16 18:47:00,104 days 23:09:00,151149.0,0.21375921375921375
2023-04-18 09:01:00,106 days 13:23:00,153443.0,0.2162162162162162
2023-04-18 11:00:00,106 days 15:22:00,153562.0,0.21867321867321868
2023-04-18 14:05:00,106 days 18:27:00,153747.0,0.22113022113022113
2023-04-18 23:30:00,107 days 03:52:00,154312.0,0.22358722358722358
2023-04-19 19:50:00,108 days 00:12:00,155532.0,0.22604422604422603
2023-04-20 04:24:00,108 days 08:46:00,156046.0,0.2285012285012285
2023-04-20 18:49:00,108 days 23:11:00,156911.0,0.23095823095823095
2023-04-21 02:04:00,109 days 06:26:00,157346.0,0.2334152334152334
2023-04-21 11:18:00,109 days 15:40:00,157900.0,0.23587223587223588
2023-04-22 04:34:00,110 days 08:56:00,158936.0,0.23832923832923833
2023-04-23 01:35:00,111 days 05:57:00,160197.0,0.24078624078624078
2023-04-23 21:25:00,112 days 01:47:00,161387.0,0.24324324324324323
2023-04-24 13:38:00,112 days 18:00:00,162360.0,0.2457002457002457
2023-04-25 02:29:00,113 days 06:51:00,163131.0,0.24815724815724816
2023-04-26 01:02:00,114 days 05:24:00,164484.0,0.25061425061425063
2023-04-26 17:28:00,114 days 21:50:00,165470.0,0.25307125307125306
2023-04-28 16:45:00,116 days 21:07:00,168307.0,0.25552825552825553
2023-04-30 04:17:00,118 days 08:39:00,170439.0,0.25798525798525795
2023-05-03 12:56:00,121 days 17:18:00,175278.0,0.26044226044226043
2023-05-04 10:12:00,122 days 14:34:00,176554.0,0.2628992628992629
2023-05-04 14:42:00,122 days 19:04:00,176824.0,0.26535626535626533
2023-05-04 17:00:00,122 days 21:22:00,176962.0,0.2678132678132678
2023-05-05 12:55:00,123 days 17:17:00,178157.0,0.2702702702702703
2023-05-11 11:28:00,129 days 15:50:00,186710.0,0.2727272727272727
2023-05-12 16:30:00,130 days 20:52:00,188452.0,0.2751842751842752
2023-05-13 00:35:00,131 days 04:57:00,188937.0,0.27764127764127766
2023-05-15 11:38:00,133 days 16:00:00,192480.0,0.2800982800982801
2023-05-16 06:59:00,134 days 11:21:00,193641.0,0.28255528255528256
2023-05-16 19:51:00,135 days 00:13:00,194413.0,0.285012285012285
2023-05-17 21:10:00,136 days 01:32:00,195932.0,0.28746928746928746
2023-05-18 02:40:00,136 days 07:02:00,196262.0,0.28992628992628994
2023-05-19 03:33:00,137 days 07:55:00,197755.0,0.29238329238329236
2023-05-19 19:09:00,137 days 23:31:00,198691.0,0.29484029484029484
2023-05-20 07:02:00,138 days 11:24:00,199404.0,0.2972972972972973
2023-05-20 07:30:00,138 days 11:52:00,199432.0,0.29975429975429974
2023-05-20 17:50:00,138 days 22:12:00,200052.0,0.3022113022113022
2023-05-21 16:51:00,139 days 21:13:00,201433.0,0.30466830466830463
2023-05-22 01:45:00,140 days 06:07:00,201967.0,0.3071253071253071
2023-05-22 06:20:00,140 days 10:42:00,202242.0,0.3095823095823096
2023-05-22 11:49:00,140 days 16:11:00,202571.0,0.312039312039312
2023-05-22 11:55:00,140 days 16:17:00,202577.0,0.3144963144963145
2023-05-22 17:04:00,140 days 21:26:00,202886.0,0.31695331695331697
2023-05-22 17:25:00,140 days 21:47:00,202907.0,0.3194103194103194
2023-05-23 08:10:00,141 days 12:32:00,203792.0,0.32186732186732187
2023-05-23 13:04:00,141 days 17:26:00,204086.0,0.32432432432432434
2023-05-23 19:44:00,142 days 00:06:00,204486.0,0.32678132678132676
2023-05-23 23:21:00,142 days 03:43:00,204703.0,0.32923832923832924
2023-05-24 22:37:00,143 days 02:59:00,206099.0,0.33169533169533166
2023-05-25 22:11:00,144 days 02:33:00,207513.0,0.33415233415233414
2023-05-26 04:32:00,144 days 08:54:00,207894.0,0.3366093366093366
2023-05-26 09:13:00,144 days 13:35:00,208175.0,0.33906633906633904
2023-05-30 06:52:00,148 days 11:14:00,213794.0,0.3415233415233415
2023-05-31 10:35:00,149 days 14:57:00,215457.0,0.343980343980344
2023-06-01 06:45:00,150 days 11:07:00,216667.0,0.3464373464373464
2023-06-01 15:17:00,150 days 19:39:00,217179.0,0.3488943488943489
2023-06-02 21:14:00,152 days 01:36:00,218976.0,0.3513513513513513
2023-06-03 06:52:00,152 days 11:14:00,219554.0,0.3538083538083538
2023-06-03 12:29:00,152 days 16:51:00,219891.0,0.35626535626535627
2023-06-04 00:02:00,153 days 04:24:00,220584.0,0.3587223587223587
2023-06-05 00:05:00,154 days 04:27:00,222027.0,0.36117936117936117
2023-06-05 20:01:00,155 days 00:23:00,223223.0,0.36363636363636365
2023-06-06 08:19:00,155 days 12:41:00,223961.0,0.36609336609336607
2023-06-07 14:26:00,156 days 18:48:00,225768.0,0.36855036855036855
2023-06-09 08:55:00,158 days 13:17:00,228317.0,0.371007371007371
2023-06-09 21:35:00,159 days 01:57:00,229077.0,0.37346437346437344
2023-06-11 02:00:00,160 days 06:22:00,230782.0,0.3759213759213759
2023-06-11 03:32:00,160 days 07:54:00,230874.0,0.37837837837837834
2023-06-11 14:50:00,160 days 19:12:00,231552.0,0.3808353808353808
2023-06-11 16:34:00,160 days 20:56:00,231656.0,0.3832923832923833
2023-06-12 16:33:00,161 days 20:55:00,233095.0,0.3857493857493857
2023-06-13 12:48:00,162 days 17:10:00,234310.0,0.3882063882063882
2023-06-14 04:59:00,163 days 09:21:00,235281.0,0.3906633906633907
2023-06-15 20:37:00,165 days 00:59:00,237659.0,0.3931203931203931
2023-06-16 18:00:00,165 days 22:22:00,238942.0,0.3955773955773956
2023-06-18 19:37:00,167 days 23:59:00,241919.0,0.39803439803439805
2023-06-20 13:10:00,169 days 17:32:00,244412.0,0.4004914004914005
2023-06-20 14:32:00,169 days 18:54:00,244494.0,0.40294840294840295
2023-06-20 16:59:00,169 days 21:21:00,244641.0,0.4054054054054054
2023-06-21 23:10:00,171 days 03:32:00,246452.0,0.40786240786240785
2023-06-23 11:25:00,172 days 15:47:00,248627.0,0.4103194103194103
2023-06-23 17:11:00,172 days 21:33:00,248973.0,0.41277641277641275
2023-06-24 00:14:00,173 days 04:36:00,249396.0,0.4152334152334152
2023-06-24 20:21:00,174 days 00:43:00,250603.0,0.4176904176904177
2023-06-25 03:01:00,174 days 07:23:00,251003.0,0.4201474201474201
2023-06-26 04:29:00,175 days 08:51:00,252531.0,0.4226044226044226
2023-06-26 10:55:00,175 days 15:17:00,252917.0,0.425061425061425
2023-06-26 13:41:00,175 days 18:03:00,253083.0,0.4275184275184275
2023-06-27 06:45:00,176 days 11:07:00,254107.0,0.42997542997543
2023-06-27 09:55:00,176 days 14:17:00,254297.0,0.4324324324324324
2023-06-27 12:06:00,176 days 16:28:00,254428.0,0.4348894348894349
2023-06-29 16:19:00,178 days 20:41:00,257561.0,0.43734643734643736
2023-06-30 14:31:00,179 days 18:53:00,258893.0,0.4398034398034398
2023-07-01 04:04:00,180 days 08:26:00,259706.0,0.44226044226044225
2023-07-02 01:55:00,181 days 06:17:00,261017.0,0.44471744471744473
2023-07-02 10:26:00,181 days 14:48:00,261528.0,0.44717444717444715
2023-07-03 08:17:00,182 days 12:39:00,262839.0,0.44963144963144963
2023-07-03 10:10:00,182 days 14:32:00,262952.0,0.45208845208845205
2023-07-03 16:18:00,182 days 20:40:00,263320.0,0.45454545454545453
2023-07-03 18:43:00,182 days 23:05:00,263465.0,0.457002457002457
2023-07-04 17:11:00,183 days 21:33:00,264813.0,0.45945945945945943
2023-07-04 17:44:00,183 days 22:06:00,264846.0,0.4619164619164619
2023-07-05 00:24:00,184 days 04:46:00,265246.0,0.4643734643734644
2023-07-05 20:09:00,185 days 00:31:00,266431.0,0.4668304668304668
2023-07-06 00:19:00,185 days 04:41:00,266681.0,0.4692874692874693
2023-07-06 11:50:00,185 days 16:12:00,267372.0,0.47174447174447176
2023-07-06 12:05:00,185 days 16:27:00,267387.0,0.4742014742014742
2023-07-06 12:53:00,185 days 17:15:00,267435.0,0.47665847665847666
2023-07-06 18:24:00,185 days 22:46:00,267766.0,0.4791154791154791
2023-07-06 19:11:00,185 days 23:33:00,267813.0,0.48157248157248156
2023-07-07 06:50:00,186 days 11:12:00,268512.0,0.48402948402948404
2023-07-07 07:45:00,186 days 12:07:00,268567.0,0.48648648648648646
2023-07-07 14:11:00,186 days 18:33:00,268953.0,0.48894348894348894
2023-07-07 16:03:00,186 days 20:25:00,269065.0,0.4914004914004914
2023-07-08 00:25:00,187 days 04:47:00,269567.0,0.49385749385749383
2023-07-08 07:27:00,187 days 11:49:00,269989.0,0.4963144963144963
2023-07-08 10:52:00,187 days 15:14:00,270194.0,0.49877149877149873
2023-07-08 17:00:00,187 days 21:22:00,270562.0,0.5012285012285013
2023-07-08 22:10:00,188 days 02:32:00,270872.0,0.5036855036855037
2023-07-09 20:00:00,189 days 00:22:00,272182.0,0.5061425061425061
2023-07-09 20:19:00,189 days 00:41:00,272201.0,0.5085995085995085
2023-07-09 20:51:00,189 days 01:13:00,272233.0,0.5110565110565111
2023-07-09 21:40:00,189 days 02:02:00,272282.0,0.5135135135135135
2023-07-10 00:22:00,189 days 04:44:00,272444.0,0.5159705159705159
2023-07-11 05:35:00,190 days 09:57:00,274197.0,0.5184275184275184
2023-07-11 09:30:00,190 days 13:52:00,274432.0,0.5208845208845209
2023-07-12 04:56:00,191 days 09:18:00,275598.0,0.5233415233415233
2023-07-12 10:54:00,191 days 15:16:00,275956.0,0.5257985257985258
2023-07-12 15:11:00,191 days 19:33:00,276213.0,0.5282555282555282
2023-07-13 13:41:00,192 days 18:03:00,277563.0,0.5307125307125307
2023-07-13 17:25:00,192 days 21:47:00,277787.0,0.5331695331695332
2023-07-14 01:45:00,193 days 06:07:00,278287.0,0.5356265356265356
2023-07-14 04:20:00,193 days 08:42:00,278442.0,0.538083538083538
2023-07-14 08:11:00,193 days 12:33:00,278673.0,0.5405405405405406
2023-07-14 12:12:00,193 days 16:34:00,278914.0,0.542997542997543
2023-07-14 12:17:00,193 days 16:39:00,278919.0,0.5454545454545454
2023-07-14 17:04:00,193 days 21:26:00,279206.0,0.547911547911548
2023-07-14 19:58:00,194 days 00:20:00,279380.0,0.5503685503685504
2023-07-15 12:18:00,194 days 16:40:00,280360.0,0.5528255528255528
2023-07-15 19:08:00,194 days 23:30:00,280770.0,0.5552825552825553
2023-07-16 22:01:00,196 days 02:23:00,282383.0,0.5577395577395577
2023-07-17 01:17:00,196 days 05:39:00,282579.0,0.5601965601965602
2023-07-17 08:27:00,196 days 12:49:00,283009.0,0.5626535626535626
2023-07-17 16:25:00,196 days 20:47:00,283487.0,0.5651105651105651
2023-07-19 05:59:00,198 days 10:21:00,285741.0,0.5675675675675675
2023-07-20 02:42:00,199 days 07:04:00,286984.0,0.57002457002457
2023-07-20 03:34:00,199 days 07:56:00,287036.0,0.5724815724815725
2023-07-20 04:20:00,199 days 08:42:00,287082.0,0.5749385749385749
2023-07-21 06:45:00,200 days 11:07:00,288667.0,0.5773955773955773
2023-07-21 15:29:00,200 days 19:51:00,289191.0,0.5798525798525799
2023-07-21 19:39:00,201 days 00:01:00,289441.0,0.5823095823095823
2023-07-22 03:03:00,201 days 07:25:00,289885.0,0.5847665847665847
2023-07-22 09:59:00,201 days 14:21:00,290301.0,0.5872235872235873
2023-07-22 16:50:00,201 days 21:12:00,290712.0,0.5896805896805897
2023-07-23 04:48:00,202 days 09:10:00,291430.0,0.5921375921375921
2023-07-23 14:11:00,202 days 18:33:00,291993.0,0.5945945945945946
2023-07-24 07:31:00,203 days 11:53:00,293033.0,0.597051597051597
2023-07-25 03:29:00,204 days 07:51:00,294231.0,0.5995085995085995
2023-07-26 10:33:00,205 days 14:55:00,296095.0,0.601965601965602
2023-07-26 11:34:00,205 days 15:56:00,296156.0,0.6044226044226044
2023-07-26 13:55:00,205 days 18:17:00,296297.0,0.6068796068796068
2023-07-27 07:48:00,206 days 12:10:00,297370.0,0.6093366093366093
2023-07-27 22:45:00,207 days 03:07:00,298267.0,0.6117936117936118
2023-07-28 00:17:00,207 days 04:39:00,298359.0,0.6142506142506142
2023-07-28 06:25:00,207 days 10:47:00,298727.0,0.6167076167076166
2023-07-28 16:00:00,207 days 20:22:00,299302.0,0.6191646191646192
2023-07-29 10:10:00,208 days 14:32:00,300392.0,0.6216216216216216
2023-07-29 15:53:00,208 days 20:15:00,300735.0,0.624078624078624
2023-07-29 22:50:00,209 days 03:12:00,301152.0,0.6265356265356266
2023-07-30 03:58:00,209 days 08:20:00,301460.0,0.628992628992629
2023-07-30 07:18:00,209 days 11:40:00,301660.0,0.6314496314496314
2023-07-30 12:15:00,209 days 16:37:00,301957.0,0.6339066339066339
2023-07-30 12:35:00,209 days 16:57:00,301977.0,0.6363636363636364
2023-07-30 14:40:00,209 days 19:02:00,302102.0,0.6388206388206388
2023-07-31 00:03:00,210 days 04:25:00,302665.0,0.6412776412776413
2023-07-31 20:58:00,211 days 01:20:00,303920.0,0.6437346437346437
2023-08-01 07:28:00,211 days 11:50:00,304550.0,0.6461916461916462
2023-08-01 19:05:00,211 days 23:27:00,305247.0,0.6486486486486487
2023-08-01 21:40:00,212 days 02:02:00,305402.0,0.6511056511056511
2023-08-02 09:35:00,212 days 13:57:00,306117.0,0.6535626535626535
2023-08-02 10:57:00,212 days 15:19:00,306199.0,0.656019656019656
2023-08-02 11:28:00,212 days 15:50:00,306230.0,0.6584766584766585
2023-08-03 02:20:00,213 days 06:42:00,307122.0,0.6609336609336609
2023-08-03 11:50:00,213 days 16:12:00,307692.0,0.6633906633906633
2023-08-03 15:05:00,213 days 19:27:00,307887.0,0.6658476658476659
2023-08-03 20:32:00,214 days 00:54:00,308214.0,0.6683046683046683
2023-08-04 01:00:00,214 days 05:22:00,308482.0,0.6707616707616707
2023-08-04 07:40:00,214 days 12:02:00,308882.0,0.6732186732186732
2023-08-04 10:45:00,214 days 15:07:00,309067.0,0.6756756756756757
2023-08-05 00:48:00,215 days 05:10:00,309910.0,0.6781326781326781
2023-08-05 13:59:00,215 days 18:21:00,310701.0,0.6805896805896806
2023-08-05 18:35:00,215 days 22:57:00,310977.0,0.683046683046683
2023-08-06 07:51:00,216 days 12:13:00,311773.0,0.6855036855036855
2023-08-06 13:00:00,216 days 17:22:00,312082.0,0.687960687960688
2023-08-06 17:21:00,216 days 21:43:00,312343.0,0.6904176904176904
2023-08-06 18:01:00,216 days 22:23:00,312383.0,0.6928746928746928
2023-08-07 06:30:00,217 days 10:52:00,313132.0,0.6953316953316954
2023-08-07 16:52:00,217 days 21:14:00,313754.0,0.6977886977886978
2023-08-08 09:16:00,218 days 13:38:00,314738.0,0.7002457002457002
2023-08-09 21:19:00,220 days 01:41:00,316901.0,0.7027027027027026
2023-08-10 04:36:00,220 days 08:58:00,317338.0,0.7051597051597052
2023-08-10 05:20:00,220 days 09:42:00,317382.0,0.7076167076167076
2023-08-10 09:56:00,220 days 14:18:00,317658.0,0.71007371007371
2023-08-10 11:14:00,220 days 15:36:00,317736.0,0.7125307125307125
2023-08-10 13:08:00,220 days 17:30:00,317850.0,0.714987714987715
2023-08-10 18:20:00,220 days 22:42:00,318162.0,0.7174447174447174
2023-08-10 18:32:00,220 days 22:54:00,318174.0,0.7199017199017199
2023-08-12 11:12:00,222 days 15:34:00,320614.0,0.7223587223587223
2023-08-12 13:33:00,222 days 17:55:00,320755.0,0.7248157248157248
2023-08-12 18:40:00,222 days 23:02:00,321062.0,0.7272727272727273
2023-08-13 00:40:00,223 days 05:02:00,321422.0,0.7297297297297297
2023-08-13 02:08:00,223 days 06:30:00,321510.0,0.7321867321867321
2023-08-13 09:31:00,223 days 13:53:00,321953.0,0.7346437346437347
2023-08-13 15:46:00,223 days 20:08:00,322328.0,0.7371007371007371
2023-08-13 20:20:00,224 days 00:42:00,322602.0,0.7395577395577395
2023-08-14 00:50:00,224 days 05:12:00,322872.0,0.742014742014742
2023-08-14 03:53:00,224 days 08:15:00,323055.0,0.7444717444717445
2023-08-14 19:03:00,224 days 23:25:00,323965.0,0.7469287469287469
2023-08-15 12:51:00,225 days 17:13:00,325033.0,0.7493857493857494
2023-08-15 13:30:00,225 days 17:52:00,325072.0,0.7518427518427518
2023-08-15 17:48:00,225 days 22:10:00,325330.0,0.7542997542997543
2023-08-16 07:59:00,226 days 12:21:00,326181.0,0.7567567567567567
2023-08-18 06:40:00,228 days 11:02:00,328982.0,0.7592137592137592
2023-08-20 11:09:00,230 days 15:31:00,332131.0,0.7616707616707616
2023-08-21 14:05:00,231 days 18:27:00,333747.0,0.7641277641277641
2023-08-22 23:35:00,233 days 03:57:00,335757.0,0.7665847665847666
2023-08-23 22:45:00,234 days 03:07:00,337147.0,0.769041769041769
2023-08-24 23:56:00,235 days 04:18:00,338658.0,0.7714987714987714
2023-08-25 07:13:00,235 days 11:35:00,339095.0,0.773955773955774
2023-08-26 18:14:00,236 days 22:36:00,341196.0,0.7764127764127764
2023-08-27 00:50:00,237 days 05:12:00,341592.0,0.7788697788697788
2023-08-28 02:22:00,238 days 06:44:00,343124.0,0.7813267813267813
2023-08-28 11:45:00,238 days 16:07:00,343687.0,0.7837837837837838
2023-08-29 14:30:00,239 days 18:52:00,345292.0,0.7862407862407862
2023-08-29 17:13:00,239 days 21:35:00,345455.0,0.7886977886977887
2023-08-29 19:48:00,240 days 00:10:00,345610.0,0.7911547911547911
2023-08-29 20:07:00,240 days 00:29:00,345629.0,0.7936117936117936
2023-08-29 22:32:00,240 days 02:54:00,345774.0,0.7960687960687961
2023-08-30 05:21:00,240 days 09:43:00,346183.0,0.7985257985257985
2023-08-30 21:46:00,241 days 02:08:00,347168.0,0.800982800982801
2023-08-30 22:28:00,241 days 02:50:00,347210.0,0.8034398034398034
2023-08-31 08:24:00,241 days 12:46:00,347806.0,0.8058968058968059
2023-09-01 01:26:00,242 days 05:48:00,348828.0,0.8083538083538083
2023-09-02 09:02:00,243 days 13:24:00,350724.0,0.8108108108108107
2023-09-02 10:52:00,243 days 15:14:00,350834.0,0.8132678132678133
2023-09-02 16:58:00,243 days 21:20:00,351200.0,0.8157248157248157
2023-09-03 00:20:00,244 days 04:42:00,351642.0,0.8181818181818181
2023-09-03 14:20:00,244 days 18:42:00,352482.0,0.8206388206388207
2023-09-04 09:56:00,245 days 14:18:00,353658.0,0.8230958230958231
2023-09-05 23:03:00,247 days 03:25:00,355885.0,0.8255528255528255
2023-09-06 05:23:00,247 days 09:45:00,356265.0,0.828009828009828
2023-09-08 10:24:00,249 days 14:46:00,359446.0,0.8304668304668305
2023-09-08 19:50:00,250 days 00:12:00,360012.0,0.8329238329238329
2023-09-09 09:35:00,250 days 13:57:00,360837.0,0.8353808353808354
2023-09-09 11:07:00,250 days 15:29:00,360929.0,0.8378378378378378
2023-09-09 18:19:00,250 days 22:41:00,361361.0,0.8402948402948403
2023-09-11 10:17:00,252 days 14:39:00,363759.0,0.8427518427518428
2023-09-11 18:10:00,252 days 22:32:00,364232.0,0.8452088452088452
2023-09-12 05:50:00,253 days 10:12:00,364932.0,0.8476658476658476
2023-09-12 17:19:00,253 days 21:41:00,365621.0,0.85012285012285
2023-09-14 07:17:00,255 days 11:39:00,367899.0,0.8525798525798526
2023-09-14 20:04:00,256 days 00:26:00,368666.0,0.855036855036855
2023-09-16 00:15:00,257 days 04:37:00,370357.0,0.8574938574938574
2023-09-16 22:10:00,258 days 02:32:00,371672.0,0.85995085995086
2023-09-17 01:32:00,258 days 05:54:00,371874.0,0.8624078624078624
2023-09-18 09:35:00,259 days 13:57:00,373797.0,0.8648648648648648
2023-09-20 02:00:00,261 days 06:22:00,376222.0,0.8673218673218673
2023-09-20 11:46:00,261 days 16:08:00,376808.0,0.8697788697788698
2023-09-20 18:26:00,261 days 22:48:00,377208.0,0.8722358722358722
2023-09-21 17:54:00,262 days 22:16:00,378616.0,0.8746928746928747
2023-09-21 18:45:00,262 days 23:07:00,378667.0,0.8771498771498771
2023-09-23 17:39:00,264 days 22:01:00,381481.0,0.8796068796068796
2023-09-24 07:29:00,265 days 11:51:00,382311.0,0.8820638820638821
2023-09-24 09:46:00,265 days 14:08:00,382448.0,0.8845208845208845
2023-09-25 11:54:00,266 days 16:16:00,384016.0,0.8869778869778869
2023-09-25 13:45:00,266 days 18:07:00,384127.0,0.8894348894348895
2023-09-28 20:39:00,270 days 01:01:00,388861.0,0.8918918918918919
2023-09-29 12:25:00,270 days 16:47:00,389807.0,0.8943488943488943
2023-09-29 21:53:00,271 days 02:15:00,390375.0,0.8968058968058967
2023-09-30 05:49:00,271 days 10:11:00,390851.0,0.8992628992628993
2023-10-01 20:25:00,273 days 00:47:00,393167.0,0.9017199017199017
2023-10-02 04:30:00,273 days 08:52:00,393652.0,0.9041769041769041
2023-10-03 11:00:00,274 days 15:22:00,395482.0,0.9066339066339066
2023-10-03 13:20:00,274 days 17:42:00,395622.0,0.9090909090909091
2023-10-04 18:04:00,275 days 22:26:00,397346.0,0.9115479115479115
2023-10-05 07:50:00,276 days 12:12:00,398172.0,0.914004914004914
2023-10-06 06:32:00,277 days 10:54:00,399534.0,0.9164619164619164
2023-10-07 02:06:00,278 days 06:28:00,400708.0,0.9189189189189189
2023-10-07 10:20:00,278 days 14:42:00,401202.0,0.9213759213759214
2023-10-08 10:58:00,279 days 15:20:00,402680.0,0.9238329238329238
2023-10-08 17:30:00,279 days 21:52:00,403072.0,0.9262899262899262
2023-10-09 02:45:00,280 days 07:07:00,403627.0,0.9287469287469288
2023-10-09 03:30:00,280 days 07:52:00,403672.0,0.9312039312039312
2023-10-10 04:41:00,281 days 09:03:00,405183.0,0.9336609336609336
2023-10-12 03:39:00,283 days 08:01:00,408001.0,0.9361179361179361
2023-10-12 09:01:00,283 days 13:23:00,408323.0,0.9385749385749386
2023-10-13 00:25:00,284 days 04:47:00,409247.0,0.941031941031941
2023-10-13 01:51:00,284 days 06:13:00,409333.0,0.9434889434889435
2023-10-14 01:50:00,285 days 06:12:00,410772.0,0.9459459459459459
2023-10-14 11:23:00,285 days 15:45:00,411345.0,0.9484029484029484
2023-10-15 04:38:00,286 days 09:00:00,412380.0,0.9508599508599508
2023-10-15 10:02:00,286 days 14:24:00,412704.0,0.9533169533169533
2023-10-17 23:24:00,289 days 03:46:00,416386.0,0.9557739557739557
2023-10-18 14:37:00,289 days 18:59:00,417299.0,0.9582309582309582
2023-10-18 15:51:00,289 days 20:13:00,417373.0,0.9606879606879607
2023-10-19 14:52:00,290 days 19:14:00,418754.0,0.9631449631449631
2023-10-20 07:25:00,291 days 11:47:00,419747.0,0.9656019656019655
2023-10-20 08:24:00,291 days 12:46:00,419806.0,0.9680589680589681
2023-10-21 10:00:00,292 days 14:22:00,421342.0,0.9705159705159705
2023-10-22 10:32:00,293 days 14:54:00,422814.0,0.9729729729729729
2023-10-22 13:40:00,293 days 18:02:00,423002.0,0.9754299754299754
2023-10-23 04:48:00,294 days 09:10:00,423910.0,0.9778869778869779
2023-10-24 14:45:00,295 days 19:07:00,425947.0,0.9803439803439803
2023-10-26 22:29:00,298 days 02:51:00,429291.0,0.9828009828009828
2023-10-27 13:59:00,298 days 18:21:00,430221.0,0.9852579852579852
2023-10-28 02:23:00,299 days 06:45:00,430965.0,0.9877149877149877
2023-10-28 13:49:00,299 days 18:11:00,431651.0,0.9901719901719902
2023-10-28 21:19:00,300 days 01:41:00,432101.0,0.9926289926289926
2023-10-30 13:20:00,301 days 17:42:00,434502.0,0.995085995085995
2023-10-31 17:26:00,302 days 21:48:00,436188.0,0.9975429975429975
