CATEGORY,START_TIME,ROAD,DEPARTMENT,RESPONSIBILITY,YEAR,SOURCE_YEAR,DELTA_TIME,DELTA_MINUTES,TIME_DIFF,INDEX,SEASON,SEASON_INDEX,MONTH,LAMBDA_DYNAMIC,LAMBDA0,LAMBDA1,LAMBDA_MONTH,SPIKE_FLAG,TRANSITION_FLAG,FREIGHT_COUNT,FREIGHT_TIMEOUT,PASSENGER_COUNT,PASSENGER_TIMEOUT,COMMUTER_COUNT,COMMUTER_TIMEOUT,ENTITY_TYPE
,2025-01-01 01:59:21.285171456,Юго-Восточная,,,2025,2024,0 days 00:00:00,0.0,0.0,0.0,Зима,1,1,0.0003837131221167,0.0003837131221167,0.0011511393663501,16.576406875441485,0,0,,,,,,,road
,2025-01-02 16:35:15.349185546,Юго-Восточная,,,2025,2024,1 days 14:35:54.064014090,2315.9010669014997,2315.9010669014997,0.006535947712418301,Зима,1,1,0.0003837131221167,0.0003837131221167,0.0011511393663501,16.576406875441485,0,0,,,,,,,road
,2025-01-05 00:35:49.890616548,Юго-Восточная,,,2025,2024,3 days 22:36:28.605445092,5676.476757418201,3360.575690516701,0.013071895424836602,Зима,1,1,0.0003837131221167,0.0003837131221167,0.0011511393663501,16.576406875441485,0,0,,,,,,,road
,2025-01-05 11:38:08.586840552,Юго-Восточная,,,2025,2024,4 days 09:38:47.301669096,6338.7883611516,662.3116037333994,0.0196078431372549,Зима,1,1,0.0006651904415998207,0.0003837131221167,0.0011511393663501,16.576406875441485,0,1,,,,,,,road
,2025-01-05 16:29:38.947757772,Юго-Восточная,,,2025,2024,4 days 14:30:17.662586316,6630.2943764386,291.5060152870001,0.026143790849673203,Зима,1,1,0.000840732387855783,0.0003837131221167,0.0011511393663501,16.576406875441485,0,1,,,,,,,road
,2025-01-05 20:33:02.046710796,Юго-Восточная,,,2025,2024,4 days 18:33:40.761539340,6873.679358989,243.3849825504003,0.032679738562091505,Зима,1,1,0.0009861692320890661,0.0003837131221167,0.0011511393663501,16.576406875441485,0,1,,,,,,,road
,2025-01-05 21:57:11.082658164,Юго-Восточная,,,2025,2024,4 days 19:57:49.797486708,6957.8299581118,84.15059912279958,0.0392156862745098,Зима,1,1,0.0010146479638331435,0.0003837131221167,0.0011511393663501,16.576406875441485,0,1,,,,,,,road
,2025-01-05 23:18:50.695477140,Юго-Восточная,,,2025,2024,4 days 21:19:29.410305684,7039.4901717614,81.66021364960034,0.0457516339869281,Зима,1,1,0.0011511393663501,0.0003837131221167,0.0011511393663501,16.576406875441485,1,0,,,,,,,road
,2025-01-06 01:57:15.035487473,Юго-Восточная,,,2025,2024,4 days 23:57:53.750316017,7197.895838600283,158.405666838883,0.05228758169934641,Зима,1,1,0.0011511393663501,0.0003837131221167,0.0011511393663501,16.576406875441485,1,0,,,,,,,road
,2025-01-06 02:14:04.075195122,Юго-Восточная,,,2025,2024,5 days 00:14:42.790023666,7214.7131670611,16.817328460816498,0.058823529411764705,Зима,1,1,0.0011511393663501,0.0003837131221167,0.0011511393663501,16.576406875441485,1,0,,,,,,,road
,2025-01-06 06:42:59.411865336,Юго-Восточная,,,2025,2024,5 days 04:43:38.126693880,7483.635444898,268.9222778369003,0.06535947712418301,Зима,1,1,0.0011511393663501,0.0003837131221167,0.0011511393663501,16.576406875441485,1,0,,,,,,,road
,2025-01-06 12:00:48.996393750,Юго-Восточная,,,2025,2024,5 days 10:01:27.711222294,7801.4618537049,317.82640880689996,0.0718954248366013,Зима,1,1,0.0011511393663501,0.0003837131221167,0.0011511393663501,16.576406875441485,1,0,,,,,,,road
,2025-01-09 17:22:48.372837276,Юго-Восточная,,,2025,2024,8 days 15:23:27.087665820,12443.451461097,4641.9896073921,0.0784313725490196,Зима,1,1,0.0011511393663501,0.0003837131221167,0.0011511393663501,16.576406875441485,1,0,,,,,,,road
,2025-01-12 14:43:55.282178082,Юго-Восточная,,,2025,2024,11 days 12:44:33.997006626,16604.5666167771,4161.115155680101,0.08496732026143791,Зима,1,1,0.0011511393663501,0.0003837131221167,0.0011511393663501,16.576406875441485,1,0,,,,,,,road
,2025-01-12 17:43:48.984113916,Юго-Восточная,,,2025,2024,11 days 15:44:27.698942460,16784.461649041,179.89503226389934,0.0915032679738562,Зима,1,1,0.0011511393663501,0.0003837131221167,0.0011511393663501,16.576406875441485,1,0,,,,,,,road
,2025-01-12 21:11:55.807170714,Юго-Восточная,,,2025,2024,11 days 19:12:34.521999258,16992.5753666543,208.11371761329792,0.09803921568627451,Зима,1,1,0.0011511393663501,0.0003837131221167,0.0011511393663501,16.576406875441485,1,0,,,,,,,road
,2025-01-13 07:00:07.252755432,Юго-Восточная,,,2025,2024,12 days 05:00:45.967583976,17580.7661263996,588.1907597453028,0.10457516339869281,Зима,1,1,0.0011511393663501,0.0003837131221167,0.0011511393663501,16.576406875441485,1,0,,,,,,,road
,2025-01-13 09:20:03.616933026,Юго-Восточная,,,2025,2024,12 days 07:20:42.331761570,17720.7055293595,139.93940295989887,0.1111111111111111,Зима,1,1,0.0011511393663501,0.0003837131221167,0.0011511393663501,16.576406875441485,1,0,,,,,,,road
,2025-01-13 19:29:14.819741892,Юго-Восточная,,,2025,2024,12 days 17:29:53.534570436,18329.8922428406,609.1867134811,0.11764705882352941,Зима,1,1,0.0011511393663501,0.0003837131221167,0.0011511393663501,16.576406875441485,1,0,,,,,,,road
,2025-01-14 02:52:07.222543800,Юго-Восточная,,,2025,2024,13 days 00:52:45.937372344,18772.7656228724,442.8733800318005,0.12418300653594772,Зима,1,1,0.0011511393663501,0.0003837131221167,0.0011511393663501,16.576406875441485,1,0,,,,,,,road
,2025-01-14 08:33:04.383978468,Юго-Восточная,,,2025,2024,13 days 06:33:43.098807012,19113.7183134502,340.95269057780024,0.13071895424836602,Зима,1,1,0.0011511393663501,0.0003837131221167,0.0011511393663501,16.576406875441485,1,0,,,,,,,road
,2025-01-15 09:35:23.462242746,Юго-Восточная,,,2025,2024,14 days 07:36:02.177071290,20616.036284521502,1502.3179710713011,0.13725490196078433,Зима,1,1,0.0011511393663501,0.0003837131221167,0.0011511393663501,16.576406875441485,1,0,,,,,,,road
,2025-01-18 14:04:36.881846676,Юго-Восточная,,,2025,2024,17 days 12:05:15.596675220,25205.259944587,4589.223660065498,0.1437908496732026,Зима,1,1,0.0003837131221167,0.0003837131221167,0.0011511393663501,16.576406875441485,0,0,,,,,,,road
,2025-01-26 13:47:09.934233672,Юго-Восточная,,,2025,2024,25 days 11:47:48.649062216,36707.8108177036,11502.550873116597,0.1503267973856209,Зима,1,1,0.0003837131221167,0.0003837131221167,0.0011511393663501,16.576406875441485,0,0,,,,,,,road
,2025-01-27 00:45:01.350262764,Юго-Восточная,,,2025,2024,25 days 22:45:40.065091308,37365.6677515218,657.856933818206,0.1568627450980392,Зима,1,1,0.0003837131221167,0.0003837131221167,0.0011511393663501,16.576406875441485,0,0,,,,,,,road
,2025-01-30 23:56:56.312387724,Юго-Восточная,,,2025,2024,29 days 21:57:35.027216268,43077.583786937794,5711.91603541599,0.16339869281045752,Зима,1,1,0.0003837131221167,0.0003837131221167,0.0011511393663501,16.576406875441485,0,0,,,,,,,road
,2025-02-01 09:28:29.128992312,Юго-Восточная,,,2025,2024,31 days 07:29:07.843820856,45089.1307303476,2011.546943409805,0.16993464052287582,Зима,1,2,0.0003837131221167,0.0003837131221167,0.0011511393663501,16.576406875441485,0,0,,,,,,,road
,2025-02-03 00:21:23.084540844,Юго-Восточная,,,2025,2024,32 days 22:22:01.799369388,47422.0299894898,2332.8992591421993,0.17647058823529413,Зима,1,2,0.0003837131221167,0.0003837131221167,0.0011511393663501,16.576406875441485,0,0,,,,,,,road
,2025-02-07 02:47:19.649334978,Юго-Восточная,,,2025,2024,37 days 00:47:58.364163522,53327.972736058706,5905.942746568908,0.1830065359477124,Зима,1,2,0.0003837131221167,0.0003837131221167,0.0011511393663501,16.576406875441485,0,0,,,,,,,road
,2025-02-12 06:56:14.738675592,Юго-Восточная,,,2025,2024,42 days 04:56:53.453504136,60776.890891735595,7448.918155676889,0.1895424836601307,Зима,1,2,0.0003837131221167,0.0003837131221167,0.0011511393663501,16.576406875441485,0,0,,,,,,,road
,2025-02-14 15:17:55.127140872,Юго-Восточная,,,2025,2024,44 days 13:18:33.841969416,64158.5640328236,3381.673141088002,0.19607843137254902,Зима,1,2,0.0003837131221167,0.0003837131221167,0.0011511393663501,16.576406875441485,0,0,,,,,,,road
,2025-02-15 09:51:57.106651524,Юго-Восточная,,,2025,2024,45 days 07:52:35.821480068,65272.5970246678,1114.0329918442003,0.20261437908496732,Зима,1,2,0.0003837131221167,0.0003837131221167,0.0011511393663501,16.576406875441485,0,0,,,,,,,road
,2025-02-16 15:05:04.090205064,Юго-Восточная,,,2025,2024,46 days 13:05:42.805033608,67025.7134172268,1753.1163925590008,0.20915032679738563,Зима,1,2,0.0003837131221167,0.0003837131221167,0.0011511393663501,16.576406875441485,0,0,,,,,,,road
,2025-03-02 01:19:43.760844894,Юго-Восточная,,,2025,2024,59 days 23:20:22.475673438,86360.3745945573,19334.661177330505,0.21568627450980393,Весна,2,3,0.0002742467479524,0.0002742467479524,0.0008227402438572,11.847459511544306,0,0,,,,,,,road
,2025-03-02 03:08:19.781807988,Юго-Восточная,,,2025,2024,60 days 01:08:58.496636532,86468.9749439422,108.60034938489844,0.2222222222222222,Весна,2,3,0.0002742467479524,0.0002742467479524,0.0008227402438572,11.847459511544306,0,0,,,,,,,road
,2025-03-03 21:33:20.790529014,Юго-Восточная,,,2025,2024,61 days 19:33:59.505357558,89013.9917559593,2545.0168120171,0.22875816993464052,Весна,2,3,0.0002742467479524,0.0002742467479524,0.0008227402438572,11.847459511544306,0,0,,,,,,,road
,2025-03-09 15:31:49.928526312,Юго-Восточная,,,2025,2024,67 days 13:32:28.643354856,97292.47738924761,8278.485633288306,0.23529411764705882,Весна,2,3,0.0002742467479524,0.0002742467479524,0.0008227402438572,11.847459511544306,0,0,,,,,,,road
,2025-03-13 15:56:15.537525960,Юго-Восточная,,,2025,2024,71 days 13:56:54.252354504,103076.90420590839,5784.42681666078,0.24183006535947713,Весна,2,3,0.0002742467479524,0.0002742467479524,0.0008227402438572,11.847459511544306,0,0,,,,,,,road
,2025-03-13 17:41:46.149574950,Юго-Восточная,,,2025,2024,71 days 15:42:24.864403494,103182.4144067249,105.51020081651222,0.24836601307189543,Весна,2,3,0.0002742467479524,0.0002742467479524,0.0008227402438572,11.847459511544306,0,0,,,,,,,road
,2025-03-19 03:11:29.646109956,Юго-Восточная,,,2025,2024,77 days 01:12:08.360938500,110952.13934897499,7769.72494225009,0.2549019607843137,Весна,2,3,0.0002742467479524,0.0002742467479524,0.0008227402438572,11.847459511544306,0,0,,,,,,,road
,2025-03-20 15:46:51.810703506,Юго-Восточная,,,2025,2024,78 days 13:47:30.525532050,113147.5087588675,2195.3694098925043,0.26143790849673204,Весна,2,3,0.0002742467479524,0.0002742467479524,0.0008227402438572,11.847459511544306,0,0,,,,,,,road
,2025-03-21 04:39:14.503237398,Юго-Восточная,,,2025,2024,79 days 02:39:53.218065942,113919.88696776569,772.378208898197,0.2679738562091503,Весна,2,3,0.0002742467479524,0.0002742467479524,0.0008227402438572,11.847459511544306,0,0,,,,,,,road
,2025-03-24 17:29:30.491026200,Юго-Восточная,,,2025,2024,82 days 15:30:09.205854744,119010.1534309124,5090.266463146705,0.27450980392156865,Весна,2,3,0.0002742467479524,0.0002742467479524,0.0008227402438572,11.847459511544306,0,0,,,,,,,road
,2025-03-25 17:11:12.631548678,Юго-Восточная,,,2025,2024,83 days 15:11:51.346377222,120431.8557729537,1421.7023420413025,0.28104575163398693,Весна,2,3,0.0002742467479524,0.0002742467479524,0.0008227402438572,11.847459511544306,0,0,,,,,,,road
,2025-03-26 02:47:58.067094786,Юго-Восточная,,,2025,2024,84 days 00:48:36.781923330,121008.61303205551,576.7572591018106,0.2875816993464052,Весна,2,3,0.0005064807583737153,0.0002742467479524,0.0008227402438572,11.847459511544306,0,1,,,,,,,road
,2025-03-26 06:21:47.692484808,Юго-Восточная,,,2025,2024,84 days 04:22:26.407313352,121222.4401218892,213.8270898336923,0.29411764705882354,Весна,2,3,0.0008227402438572,0.0002742467479524,0.0008227402438572,11.847459511544306,1,0,,,,,,,road
,2025-03-26 19:52:11.254052748,Юго-Восточная,,,2025,2024,84 days 17:52:49.968881292,122032.8328146882,810.392692798996,0.3006535947712418,Весна,2,3,0.0008227402438572,0.0002742467479524,0.0008227402438572,11.847459511544306,1,0,,,,,,,road
,2025-03-26 21:51:21.553744446,Юго-Восточная,,,2025,2024,84 days 19:52:00.268572990,122152.00447621649,119.17166152829304,0.30718954248366015,Весна,2,3,0.0008227402438572,0.0002742467479524,0.0008227402438572,11.847459511544306,1,0,,,,,,,road
,2025-03-28 05:03:07.212768414,Юго-Восточная,,,2025,2024,86 days 03:03:45.927596958,124023.76545994931,1871.76098373282,0.3137254901960784,Весна,2,3,0.0008227402438572,0.0002742467479524,0.0008227402438572,11.847459511544306,1,0,,,,,,,road
,2025-03-28 17:56:19.877332638,Юго-Восточная,,,2025,2024,86 days 15:56:58.592161182,124796.9765360197,773.2110760703945,0.3202614379084967,Весна,2,3,0.0008227402438572,0.0002742467479524,0.0008227402438572,11.847459511544306,1,0,,,,,,,road
,2025-03-29 05:56:18.539624514,Юго-Восточная,,,2025,2024,87 days 03:56:57.254453058,125516.95424088431,719.9777048646065,0.32679738562091504,Весна,2,3,0.0008227402438572,0.0002742467479524,0.0008227402438572,11.847459511544306,1,0,,,,,,,road
,2025-03-29 05:58:33.868644804,Юго-Восточная,,,2025,2024,87 days 03:59:12.583473348,125519.2097245558,2.2554836714843987,0.3333333333333333,Весна,2,3,0.0008227402438572,0.0002742467479524,0.0008227402438572,11.847459511544306,1,0,,,,,,,road
,2025-03-30 16:28:28.657751004,Юго-Восточная,,,2025,2024,88 days 14:29:07.372579548,127589.1228763258,2069.9131517700007,0.33986928104575165,Весна,2,3,0.0008227402438572,0.0002742467479524,0.0008227402438572,11.847459511544306,1,0,,,,,,,road
,2025-03-31 06:13:40.489670592,Юго-Восточная,,,2025,2024,89 days 04:14:19.204499136,128414.32007498559,825.1971986597928,0.3464052287581699,Весна,2,3,0.0008227402438572,0.0002742467479524,0.0008227402438572,11.847459511544306,1,0,,,,,,,road
,2025-03-31 17:58:11.193685872,Юго-Восточная,,,2025,2024,89 days 15:58:49.908514416,129118.8318085736,704.5117335880059,0.35294117647058826,Весна,2,3,0.0008227402438572,0.0002742467479524,0.0008227402438572,11.847459511544306,1,0,,,,,,,road
,2025-04-01 22:59:48.580401612,Юго-Восточная,,,2025,2024,90 days 21:00:27.295230156,130860.4549205026,1741.6231119290023,0.35947712418300654,Весна,2,4,0.0008227402438572,0.0002742467479524,0.0008227402438572,11.847459511544306,1,0,,,,,,,road
,2025-04-02 00:18:46.192136460,Юго-Восточная,,,2025,2024,90 days 22:19:24.906965004,130939.4151160834,78.96019558080297,0.3660130718954248,Весна,2,4,0.0008227402438572,0.0002742467479524,0.0008227402438572,11.847459511544306,1,0,,,,,,,road
,2025-04-02 09:33:57.812341626,Юго-Восточная,,,2025,2024,91 days 07:34:36.527170170,131494.6087861695,555.193670086097,0.37254901960784315,Весна,2,4,0.0008227402438572,0.0002742467479524,0.0008227402438572,11.847459511544306,1,0,,,,,,,road
,2025-04-03 02:56:05.048731626,Юго-Восточная,,,2025,2024,92 days 00:56:43.763560170,132536.7293926695,1042.1206065000151,0.3790849673202614,Весна,2,4,0.0008227402438572,0.0002742467479524,0.0008227402438572,11.847459511544306,1,0,,,,,,,road
,2025-04-04 16:26:49.043320152,Юго-Восточная,,,2025,2024,93 days 14:27:27.758148696,134787.4626358116,2250.73324314208,0.38562091503267976,Весна,2,4,0.0002742467479524,0.0002742467479524,0.0008227402438572,11.847459511544306,0,0,,,,,,,road
,2025-04-05 04:37:44.057763534,Юго-Восточная,,,2025,2024,94 days 02:38:22.772592078,135518.3795432013,730.9169073897065,0.39215686274509803,Весна,2,4,0.0002742467479524,0.0002742467479524,0.0008227402438572,11.847459511544306,0,0,,,,,,,road
,2025-04-06 02:14:31.780894590,Юго-Восточная,,,2025,2024,95 days 00:15:10.495723134,136815.1749287189,1296.7953855175874,0.39869281045751637,Весна,2,4,0.0002742467479524,0.0002742467479524,0.0008227402438572,11.847459511544306,0,0,,,,,,,road
,2025-04-06 23:56:08.202875424,Юго-Восточная,,,2025,2024,95 days 21:56:46.917703968,138116.7819617328,1301.6070330139191,0.40522875816993464,Весна,2,4,0.0002742467479524,0.0002742467479524,0.0008227402438572,11.847459511544306,0,0,,,,,,,road
,2025-04-19 05:08:34.880341500,Юго-Восточная,,,2025,2024,108 days 03:09:13.595170044,155709.22658616738,17592.444624434575,0.4117647058823529,Весна,2,4,0.0002742467479524,0.0002742467479524,0.0008227402438572,11.847459511544306,0,0,,,,,,,road
,2025-04-20 05:08:13.517447730,Юго-Восточная,,,2025,2024,109 days 03:08:52.232276274,157148.8705379379,1439.6439517705294,0.41830065359477125,Весна,2,4,0.0002742467479524,0.0002742467479524,0.0008227402438572,11.847459511544306,0,0,,,,,,,road
,2025-04-20 19:05:34.886234682,Юго-Восточная,,,2025,2024,109 days 17:06:13.601063226,157986.2266843871,837.3561464491941,0.42483660130718953,Весна,2,4,0.0002742467479524,0.0002742467479524,0.0008227402438572,11.847459511544306,0,0,,,,,,,road
,2025-04-25 04:12:09.381383160,Юго-Восточная,,,2025,2024,114 days 02:12:48.096211704,164292.80160352838,6306.574919141276,0.43137254901960786,Весна,2,4,0.0002742467479524,0.0002742467479524,0.0008227402438572,11.847459511544306,0,0,,,,,,,road
,2025-04-26 13:25:47.636064462,Юго-Восточная,,,2025,2024,115 days 11:26:26.350893006,166286.4391815501,1993.6375780217058,0.43790849673202614,Весна,2,4,0.0002742467479524,0.0002742467479524,0.0008227402438572,11.847459511544306,0,0,,,,,,,road
,2025-04-28 01:05:15.654724452,Юго-Восточная,,,2025,2024,116 days 23:05:54.369552996,168425.9061592166,2139.4669776665105,0.4444444444444444,Весна,2,4,0.0002742467479524,0.0002742467479524,0.0008227402438572,11.847459511544306,0,0,,,,,,,road
,2025-06-02 22:58:37.948682838,Юго-Восточная,,,2025,2024,152 days 20:59:16.663511382,220139.27772518972,51713.371565973124,0.45098039215686275,Лето,3,6,0.000382878307209,0.000382878307209,0.001148634921627,16.540342871431026,0,0,,,,,,,road
,2025-06-03 23:54:06.555340812,Юго-Восточная,,,2025,2024,153 days 21:54:45.270169356,221634.75450282262,1495.4767776328954,0.45751633986928103,Лето,3,6,0.000382878307209,0.000382878307209,0.001148634921627,16.540342871431026,0,0,,,,,,,road
,2025-06-04 05:24:51.086036070,Юго-Восточная,,,2025,2024,154 days 03:25:29.800864614,221965.4966810769,330.74217825429514,0.46405228758169936,Лето,3,6,0.000382878307209,0.000382878307209,0.001148634921627,16.540342871431026,0,0,,,,,,,road
,2025-06-09 22:32:33.610632558,Юго-Восточная,,,2025,2024,159 days 20:33:12.325461102,230193.2054243517,8227.708743274794,0.47058823529411764,Лето,3,6,0.000382878307209,0.000382878307209,0.001148634921627,16.540342871431026,0,0,,,,,,,road
,2025-06-10 12:15:50.785171572,Юго-Восточная,,,2025,2024,160 days 10:16:29.500000116,231016.4916666686,823.2862423168845,0.477124183006536,Лето,3,6,0.000382878307209,0.000382878307209,0.001148634921627,16.540342871431026,0,0,,,,,,,road
,2025-06-11 02:25:59.317027680,Юго-Восточная,,,2025,2024,161 days 00:26:38.031856224,231866.6338642704,850.1421976018173,0.48366013071895425,Лето,3,6,0.000382878307209,0.000382878307209,0.001148634921627,16.540342871431026,0,0,,,,,,,road
,2025-06-12 23:34:33.596008410,Юго-Восточная,,,2025,2024,162 days 21:35:12.310836954,234575.2051806159,2708.5713163455075,0.49019607843137253,Лето,3,6,0.000382878307209,0.000382878307209,0.001148634921627,16.540342871431026,0,0,,,,,,,road
,2025-06-15 15:38:50.828222496,Юго-Восточная,,,2025,2024,165 days 13:39:29.543051040,238419.492384184,3844.287203568092,0.49673202614379086,Лето,3,6,0.000382878307209,0.000382878307209,0.001148634921627,16.540342871431026,0,0,,,,,,,road
,2025-06-23 04:04:06.904293516,Юго-Восточная,,,2025,2024,173 days 02:04:45.619122060,249244.760318701,10825.267934517004,0.5032679738562091,Лето,3,6,0.000382878307209,0.000382878307209,0.001148634921627,16.540342871431026,0,0,,,,,,,road
,2025-06-29 11:30:45.860773092,Юго-Восточная,,,2025,2024,179 days 09:31:24.575601636,258331.4095933606,9086.649274659576,0.5098039215686274,Лето,3,6,0.000382878307209,0.000382878307209,0.001148634921627,16.540342871431026,0,0,,,,,,,road
,2025-07-03 22:11:18.155806212,Юго-Восточная,,,2025,2024,183 days 20:11:56.870634756,264731.9478439126,6400.538250551996,0.5163398692810458,Лето,3,7,0.000382878307209,0.000382878307209,0.001148634921627,16.540342871431026,0,0,,,,,,,road
,2025-07-04 23:03:54.238403232,Юго-Восточная,,,2025,2024,184 days 21:04:32.953231776,266224.5492205296,1492.6013766170363,0.5228758169934641,Лето,3,7,0.000382878307209,0.000382878307209,0.001148634921627,16.540342871431026,0,0,,,,,,,road
,2025-07-05 07:00:06.003124590,Юго-Восточная,,,2025,2024,185 days 05:00:44.717953134,266700.7452992189,476.19607868930325,0.5294117647058824,Лето,3,7,0.000382878307209,0.000382878307209,0.001148634921627,16.540342871431026,0,0,,,,,,,road
,2025-07-06 21:13:47.280337266,Юго-Восточная,,,2025,2024,186 days 19:14:25.995165810,268994.4332527635,2293.687953544606,0.5359477124183006,Лето,3,7,0.000382878307209,0.000382878307209,0.001148634921627,16.540342871431026,0,0,,,,,,,road
,2025-07-06 21:59:15.113298012,Юго-Восточная,,,2025,2024,186 days 19:59:53.828126556,269039.8971354426,45.4638826790615,0.5424836601307189,Лето,3,7,0.000382878307209,0.000382878307209,0.001148634921627,16.540342871431026,0,0,,,,,,,road
,2025-07-07 07:29:50.360607654,Юго-Восточная,,,2025,2024,187 days 05:30:29.075436198,269610.4845906033,570.587455160683,0.5490196078431373,Лето,3,7,0.000382878307209,0.000382878307209,0.001148634921627,16.540342871431026,0,0,,,,,,,road
,2025-07-07 07:36:27.238844256,Юго-Восточная,,,2025,2024,187 days 05:37:05.953672800,269617.09922788,6.614637276739813,0.5555555555555556,Лето,3,7,0.000382878307209,0.000382878307209,0.001148634921627,16.540342871431026,0,0,,,,,,,road
,2025-07-07 16:16:28.490085138,Юго-Восточная,,,2025,2024,187 days 14:17:07.204913682,270137.1200818947,520.0208540146705,0.5620915032679739,Лето,3,7,0.000382878307209,0.000382878307209,0.001148634921627,16.540342871431026,0,0,,,,,,,road
,2025-07-08 20:18:11.751900900,Юго-Восточная,,,2025,2024,188 days 18:18:50.466729444,271818.8411121574,1681.7210302627063,0.5686274509803921,Лето,3,7,0.000382878307209,0.000382878307209,0.001148634921627,16.540342871431026,0,0,,,,,,,road
,2025-07-09 18:03:28.163114004,Юго-Восточная,,,2025,2024,189 days 16:04:06.877942548,273124.1146323758,1305.273520218383,0.5751633986928104,Лето,3,7,0.000382878307209,0.000382878307209,0.001148634921627,16.540342871431026,0,0,,,,,,,road
,2025-07-10 10:56:37.097065308,Юго-Восточная,,,2025,2024,190 days 08:57:15.811893852,274137.2635315642,1013.1488991884398,0.5816993464052288,Лето,3,7,0.00045493759036878943,0.000382878307209,0.001148634921627,16.540342871431026,0,1,,,,,,,road
,2025-07-11 23:31:42.265867242,Юго-Восточная,,,2025,2024,191 days 21:32:20.980695786,276332.3496782631,2195.0861466989154,0.5882352941176471,Лето,3,7,0.0008097986012926701,0.000382878307209,0.001148634921627,16.540342871431026,0,1,,,,,,,road
,2025-07-12 22:38:00.570964368,Юго-Восточная,,,2025,2024,192 days 20:38:39.285792912,277718.65476321516,1386.3050849520369,0.5947712418300654,Лето,3,7,0.0008107297149782123,0.000382878307209,0.001148634921627,16.540342871431026,0,1,,,,,,,road
,2025-07-15 01:06:45.029293788,Юго-Восточная,,,2025,2024,194 days 23:07:23.744122332,280747.3957353722,3028.740972157044,0.6013071895424836,Лето,3,7,0.0009098306441292572,0.000382878307209,0.001148634921627,16.540342871431026,0,1,,,,,,,road
,2025-07-15 11:19:08.373944058,Юго-Восточная,,,2025,2024,195 days 09:19:47.088772602,281359.7848128767,612.3890775045147,0.6078431372549019,Лето,3,7,0.000962463168620567,0.000382878307209,0.001148634921627,16.540342871431026,0,1,,,,,,,road
,2025-07-15 16:39:11.495989596,Юго-Восточная,,,2025,2024,195 days 14:39:50.210818140,281679.83684696903,320.05203409231035,0.6143790849673203,Лето,3,7,0.0009928690806628583,0.000382878307209,0.001148634921627,16.540342871431026,0,1,,,,,,,road
,2025-07-15 18:47:12.713854680,Юго-Восточная,,,2025,2024,195 days 16:47:51.428683224,281807.85714472044,128.02029775141273,0.6209150326797386,Лето,3,7,0.0010224054139096003,0.000382878307209,0.001148634921627,16.540342871431026,0,1,,,,,,,road
,2025-07-16 10:57:46.631866026,Юго-Восточная,,,2025,2024,196 days 08:58:25.346694570,282778.4224449095,970.5653001890751,0.6274509803921569,Лето,3,7,0.001148634921627,0.000382878307209,0.001148634921627,16.540342871431026,1,0,,,,,,,road
,2025-07-17 13:42:44.743921860,Юго-Восточная,,,2025,2024,197 days 11:43:23.458750404,284383.3909791734,1604.9685342638986,0.6339869281045751,Лето,3,7,0.001148634921627,0.000382878307209,0.001148634921627,16.540342871431026,1,0,,,,,,,road
,2025-07-17 16:39:29.761999560,Юго-Восточная,,,2025,2024,197 days 14:40:08.476828104,284560.14128046844,176.7503012950183,0.6405228758169934,Лето,3,7,0.001148634921627,0.000382878307209,0.001148634921627,16.540342871431026,1,0,,,,,,,road
,2025-07-18 23:16:23.547677622,Юго-Восточная,,,2025,2024,198 days 21:17:02.262506166,286397.0377084361,1836.8964279676438,0.6470588235294118,Лето,3,7,0.001148634921627,0.000382878307209,0.001148634921627,16.540342871431026,1,0,,,,,,,road
,2025-07-19 10:06:50.612781930,Юго-Восточная,,,2025,2024,199 days 08:07:29.327610474,287047.4887935079,650.4510850718361,0.6535947712418301,Лето,3,7,0.001148634921627,0.000382878307209,0.001148634921627,16.540342871431026,1,0,,,,,,,road
,2025-07-19 12:22:17.430142650,Юго-Восточная,,,2025,2024,199 days 10:22:56.144971194,287182.9357495199,135.44695601199055,0.6601307189542484,Лето,3,7,0.001148634921627,0.000382878307209,0.001148634921627,16.540342871431026,1,0,,,,,,,road
,2025-07-20 03:18:41.450165172,Юго-Восточная,,,2025,2024,200 days 01:19:20.164993716,288079.3360832286,896.400333708676,0.6666666666666666,Лето,3,7,0.001148634921627,0.000382878307209,0.001148634921627,16.540342871431026,1,0,,,,,,,road
,2025-07-20 13:57:46.743982986,Юго-Восточная,,,2025,2024,200 days 11:58:25.458811530,288718.4243135255,639.0882302969112,0.673202614379085,Лето,3,7,0.001148634921627,0.000382878307209,0.001148634921627,16.540342871431026,1,0,,,,,,,road
,2025-07-20 14:22:40.081500354,Юго-Восточная,,,2025,2024,200 days 12:23:18.796328898,288743.3132721483,24.88895862281788,0.6797385620915033,Лето,3,7,0.001148634921627,0.000382878307209,0.001148634921627,16.540342871431026,1,0,,,,,,,road
,2025-07-21 12:33:32.883320472,Юго-Восточная,,,2025,2024,201 days 10:34:11.598149016,290074.1933024836,1330.8800303352764,0.6862745098039216,Лето,3,7,0.000382878307209,0.000382878307209,0.001148634921627,16.540342871431026,0,0,,,,,,,road
,2025-07-24 07:25:36.626889084,Юго-Восточная,,,2025,2024,204 days 05:26:15.341717628,294086.2556952938,4012.062392810185,0.6928104575163399,Лето,3,7,0.000382878307209,0.000382878307209,0.001148634921627,16.540342871431026,0,0,,,,,,,road
,2025-07-25 18:42:49.215069210,Юго-Восточная,,,2025,2024,205 days 16:43:27.929897754,296203.4654982959,2117.20980300213,0.6993464052287581,Лето,3,7,0.000382878307209,0.000382878307209,0.001148634921627,16.540342871431026,0,0,,,,,,,road
,2025-07-26 09:08:13.231277952,Юго-Восточная,,,2025,2024,206 days 07:08:51.946106496,297068.86576844164,865.4002701457357,0.7058823529411765,Лето,3,7,0.000382878307209,0.000382878307209,0.001148634921627,16.540342871431026,0,0,,,,,,,road
,2025-07-31 04:03:28.365155136,Юго-Восточная,,,2025,2024,211 days 02:04:07.079983680,303964.117999728,6895.252231286373,0.7124183006535948,Лето,3,7,0.000382878307209,0.000382878307209,0.001148634921627,16.540342871431026,0,0,,,,,,,road
,2025-07-31 15:52:37.465048944,Юго-Восточная,,,2025,2024,211 days 13:53:16.179877488,304673.2696646248,709.15166489681,0.7189542483660131,Лето,3,7,0.000382878307209,0.000382878307209,0.001148634921627,16.540342871431026,0,0,,,,,,,road
,2025-08-01 04:33:32.193419160,Юго-Восточная,,,2025,2024,212 days 02:34:10.908247704,305434.1818041284,760.9121395035763,0.7254901960784313,Лето,3,8,0.000382878307209,0.000382878307209,0.001148634921627,16.540342871431026,0,0,,,,,,,road
,2025-08-01 23:37:21.722513052,Юго-Восточная,,,2025,2024,212 days 21:38:00.437341596,306578.00728902663,1143.8254848982324,0.7320261437908496,Лето,3,8,0.000382878307209,0.000382878307209,0.001148634921627,16.540342871431026,0,0,,,,,,,road
,2025-08-06 01:32:20.658481446,Юго-Восточная,,,2025,2024,216 days 23:32:59.373309990,312452.9895551665,5874.982266139879,0.738562091503268,Лето,3,8,0.000382878307209,0.000382878307209,0.001148634921627,16.540342871431026,0,0,,,,,,,road
,2025-08-07 08:22:50.525796894,Юго-Восточная,,,2025,2024,218 days 06:23:29.240625438,314303.48734375736,1850.4977885908447,0.7450980392156863,Лето,3,8,0.000382878307209,0.000382878307209,0.001148634921627,16.540342871431026,0,0,,,,,,,road
,2025-08-09 10:16:39.475131672,Юго-Восточная,,,2025,2024,220 days 08:17:18.189960216,317297.3031660036,2993.8158222462516,0.7516339869281046,Лето,3,8,0.000382878307209,0.000382878307209,0.001148634921627,16.540342871431026,0,0,,,,,,,road
,2025-08-16 05:06:47.091514554,Юго-Восточная,,,2025,2024,227 days 03:07:25.806343098,327067.43010571826,9770.126939714653,0.7581699346405228,Лето,3,8,0.000382878307209,0.000382878307209,0.001148634921627,16.540342871431026,0,0,,,,,,,road
,2025-08-18 23:40:48.395786316,Юго-Восточная,,,2025,2024,229 days 21:41:27.110614860,331061.451843581,3994.0217378627276,0.7647058823529411,Лето,3,8,0.000382878307209,0.000382878307209,0.001148634921627,16.540342871431026,0,0,,,,,,,road
,2025-08-19 07:55:39.370405116,Юго-Восточная,,,2025,2024,230 days 05:56:18.085233660,331556.301420561,494.849576979992,0.7712418300653595,Лето,3,8,0.000382878307209,0.000382878307209,0.001148634921627,16.540342871431026,0,0,,,,,,,road
,2025-09-05 23:09:06.298412004,Юго-Восточная,,,2025,2024,247 days 21:09:45.013240548,356949.75022067584,25393.448800114857,0.7777777777777778,Осень,4,9,0.0002687429548287,0.0002687429548287,0.0008062288644860999,11.609695648603656,0,0,,,,,,,road
,2025-09-12 05:23:58.261617156,Юго-Восточная,,,2025,2024,254 days 03:24:36.976445700,365964.616274095,9014.866053419188,0.7843137254901961,Осень,4,9,0.0002687429548287,0.0002687429548287,0.0008062288644860999,11.609695648603656,0,0,,,,,,,road
,2025-09-13 12:53:49.006467798,Юго-Восточная,,,2025,2024,255 days 10:54:27.721296342,367854.46202160575,1889.845747510728,0.7908496732026143,Осень,4,9,0.0002687429548287,0.0002687429548287,0.0008062288644860999,11.609695648603656,0,0,,,,,,,road
,2025-09-17 20:28:28.712734818,Юго-Восточная,,,2025,2024,259 days 18:29:07.427563362,374069.1237927227,6214.661771116953,0.7973856209150327,Осень,4,9,0.0002687429548287,0.0002687429548287,0.0008062288644860999,11.609695648603656,0,0,,,,,,,road
,2025-09-18 16:53:28.680527670,Юго-Восточная,,,2025,2024,260 days 14:54:07.395356214,375294.12325593695,1224.999463214248,0.803921568627451,Осень,4,9,0.0002687429548287,0.0002687429548287,0.0008062288644860999,11.609695648603656,0,0,,,,,,,road
,2025-09-18 17:17:00.789680034,Юго-Восточная,,,2025,2024,260 days 15:17:39.504508578,375317.6584084763,23.535152539319824,0.8104575163398693,Осень,4,9,0.0002687429548287,0.0002687429548287,0.0008062288644860999,11.609695648603656,0,0,,,,,,,road
,2025-09-23 17:08:32.265448445,Юго-Восточная,,,2025,2024,265 days 15:09:10.980276989,382509.18300461647,7191.524596140196,0.8169934640522876,Осень,4,9,0.0002687429548287,0.0002687429548287,0.0008062288644860999,11.609695648603656,0,0,,,,,,,road
,2025-09-24 01:01:43.488917358,Юго-Восточная,,,2025,2024,265 days 23:02:22.203745902,382982.3700624317,473.1870578152593,0.8235294117647058,Осень,4,9,0.0002687429548287,0.0002687429548287,0.0008062288644860999,11.609695648603656,0,0,,,,,,,road
,2025-09-24 02:07:50.412100020,Юго-Восточная,,,2025,2024,266 days 00:08:29.126928564,383048.4854488094,66.1153863776708,0.8300653594771242,Осень,4,9,0.0002687429548287,0.0002687429548287,0.0008062288644860999,11.609695648603656,0,0,,,,,,,road
,2025-09-25 05:12:35.968866024,Юго-Восточная,,,2025,2024,267 days 03:13:14.683694568,384673.2447282428,1624.759279433405,0.8366013071895425,Осень,4,9,0.0002687429548287,0.0002687429548287,0.0008062288644860999,11.609695648603656,0,0,,,,,,,road
,2025-09-26 10:47:39.884668416,Юго-Восточная,,,2025,2024,268 days 08:48:18.599496960,386448.309991616,1775.0652633731952,0.8431372549019608,Осень,4,9,0.0002687429548287,0.0002687429548287,0.0008062288644860999,11.609695648603656,0,0,,,,,,,road
,2025-09-26 15:46:42.221694534,Юго-Восточная,,,2025,2024,268 days 13:47:20.936523078,386747.34894205135,299.0389504353516,0.8496732026143791,Осень,4,9,0.0002687429548287,0.0002687429548287,0.0008062288644860999,11.609695648603656,0,0,,,,,,,road
,2025-10-01 00:09:09.610303194,Юго-Восточная,,,2025,2024,272 days 22:09:48.325131738,393009.80541886226,6262.456476810912,0.8562091503267973,Осень,4,10,0.0002687429548287,0.0002687429548287,0.0008062288644860999,11.609695648603656,0,0,,,,,,,road
,2025-10-01 10:54:22.480414668,Юго-Восточная,,,2025,2024,273 days 08:55:01.195243212,393655.0199207202,645.2145018579322,0.8627450980392157,Осень,4,10,0.0008062288644860999,0.0002687429548287,0.0008062288644860999,11.609695648603656,1,0,,,,,,,road
,2025-10-02 00:49:22.010501766,Юго-Восточная,,,2025,2024,273 days 22:50:00.725330310,394490.01208883856,834.9921681183623,0.869281045751634,Осень,4,10,0.0008062288644860999,0.0002687429548287,0.0008062288644860999,11.609695648603656,1,0,,,,,,,road
,2025-10-02 07:10:37.033988004,Юго-Восточная,,,2025,2024,274 days 05:11:15.748816548,394871.2624802758,381.2503914372646,0.8758169934640523,Осень,4,10,0.0008062288644860999,0.0002687429548287,0.0008062288644860999,11.609695648603656,1,0,,,,,,,road
,2025-10-04 03:36:28.307277708,Юго-Восточная,,,2025,2024,276 days 01:37:07.022106252,397537.1170351042,2665.854554828373,0.8823529411764706,Осень,4,10,0.0002687429548287,0.0002687429548287,0.0008062288644860999,11.609695648603656,0,0,,,,,,,road
,2025-10-07 21:52:40.099086852,Юго-Восточная,,,2025,2024,279 days 19:53:18.813915396,402953.3135652566,5416.196530152403,0.8888888888888888,Осень,4,10,0.0002687429548287,0.0002687429548287,0.0008062288644860999,11.609695648603656,0,0,,,,,,,road
,2025-10-14 00:38:07.884662465,Юго-Восточная,,,2025,2024,285 days 22:38:46.599491009,411758.7766581835,8805.46309292689,0.8954248366013072,Осень,4,10,0.0002687429548287,0.0002687429548287,0.0008062288644860999,11.609695648603656,0,0,,,,,,,road
,2025-10-23 03:12:24.366848112,Юго-Восточная,,,2025,2024,295 days 01:13:03.081676656,424873.0513612776,13114.274703094095,0.9019607843137255,Осень,4,10,0.0002687429548287,0.0002687429548287,0.0008062288644860999,11.609695648603656,0,0,,,,,,,road
,2025-10-24 13:42:44.450312328,Юго-Восточная,,,2025,2024,296 days 11:43:23.165140872,426943.3860856812,2070.3347244036268,0.9084967320261438,Осень,4,10,0.0002687429548287,0.0002687429548287,0.0008062288644860999,11.609695648603656,0,0,,,,,,,road
,2025-11-05 11:31:19.640477802,Юго-Восточная,,,2025,2024,308 days 09:31:58.355306346,444091.97258843906,17148.586502757855,0.9150326797385621,Осень,4,11,0.0002687429548287,0.0002687429548287,0.0008062288644860999,11.609695648603656,0,0,,,,,,,road
,2025-11-06 09:11:48.400289772,Юго-Восточная,,,2025,2024,309 days 07:12:27.115118316,445392.4519186386,1300.4793301995378,0.9215686274509803,Осень,4,11,0.0002687429548287,0.0002687429548287,0.0008062288644860999,11.609695648603656,0,0,,,,,,,road
,2025-11-06 09:37:51.316991262,Юго-Восточная,,,2025,2024,309 days 07:38:30.031819806,445418.5005303302,26.04861169157084,0.9281045751633987,Осень,4,11,0.0002687429548287,0.0002687429548287,0.0008062288644860999,11.609695648603656,0,0,,,,,,,road
,2025-11-10 04:08:12.381864378,Юго-Восточная,,,2025,2024,313 days 02:08:51.096692922,450848.8516115487,5430.351081218512,0.934640522875817,Осень,4,11,0.0002687429548287,0.0002687429548287,0.0008062288644860999,11.609695648603656,0,0,,,,,,,road
,2025-11-10 16:19:33.348478740,Юго-Восточная,,,2025,2024,313 days 14:20:12.063307284,451580.20105512143,731.349443572748,0.9411764705882353,Осень,4,11,0.0002687429548287,0.0002687429548287,0.0008062288644860999,11.609695648603656,0,0,,,,,,,road
,2025-11-10 19:40:02.838653820,Юго-Восточная,,,2025,2024,313 days 17:40:41.553482364,451780.6925580394,200.49150291795377,0.9477124183006536,Осень,4,11,0.0002687429548287,0.0002687429548287,0.0008062288644860999,11.609695648603656,0,0,,,,,,,road
,2025-11-17 11:29:39.264763008,Юго-Восточная,,,2025,2024,320 days 09:30:17.979591552,461370.2996598592,9589.607101819827,0.954248366013072,Осень,4,11,0.0002687429548287,0.0002687429548287,0.0008062288644860999,11.609695648603656,0,0,,,,,,,road
,2025-11-21 12:49:05.616468732,Юго-Восточная,,,2025,2024,324 days 10:49:44.331297276,467209.7388549546,5839.439195095387,0.9607843137254902,Осень,4,11,0.0002687429548287,0.0002687429548287,0.0008062288644860999,11.609695648603656,0,0,,,,,,,road
,2025-11-21 19:32:10.614754554,Юго-Восточная,,,2025,2024,324 days 17:32:49.329583098,467612.8221597183,403.0833047637134,0.9673202614379085,Осень,4,11,0.0002687429548287,0.0002687429548287,0.0008062288644860999,11.609695648603656,0,0,,,,,,,road
,2025-11-25 16:34:23.454690660,Юго-Восточная,,,2025,2024,328 days 14:35:02.169519204,473195.0361586534,5582.213998935069,0.9738562091503268,Осень,4,11,0.0002687429548287,0.0002687429548287,0.0008062288644860999,11.609695648603656,0,0,,,,,,,road
,2025-11-30 11:47:40.709565270,Юго-Восточная,,,2025,2024,333 days 09:48:19.424393814,480108.32373989694,6913.287581243552,0.9803921568627451,Осень,4,11,0.0002687429548287,0.0002687429548287,0.0008062288644860999,11.609695648603656,0,0,,,,,,,road
,2025-12-06 13:58:21.599685510,Юго-Восточная,,,2025,2024,339 days 11:59:00.314514054,488879.0052419009,8770.68150200398,0.9869281045751634,Осень,4,12,0.0002687429548287,0.0002687429548287,0.0008062288644860999,11.609695648603656,0,0,,,,,,,road
,2025-12-08 14:37:50.870316936,Юго-Восточная,,,2025,2024,341 days 12:38:29.585145480,491798.493085758,2919.4878438570886,0.9934640522875817,Осень,4,12,0.0002687429548287,0.0002687429548287,0.0008062288644860999,11.609695648603656,0,0,,,,,,,road
,2025-12-11 18:00:25.677857790,Юго-Восточная,,,2025,2024,344 days 16:01:04.392686334,496321.07321143895,4522.58012568095,1.0,Осень,4,12,0.0002687429548287,0.0002687429548287,0.0008062288644860999,11.609695648603656,0,0,,,,,,,road
