CATEGORY,№,START_TIME,ROAD,RESPONSIBILITY,FREIGHT,PASSENGER,COMMUTER,REASON,DEPARTMENT,YEAR,FREIGHT_COUNT,FREIGHT_TIMEOUT,PASSENGER_COUNT,PASSENGER_TIMEOUT,COMMUTER_COUNT,COMMUTER_TIMEOUT
2,12693537,2023-01-29 15:00:00,Куйбышевская,"КБШ, ШЧ-16","1шт 0,28ч",,,Электрический пробой выравнивателей (ограничителей) аппаратуры защиты рельсовых цепей,CSH,2023,1.0,"0,28ч",,,,
2,12693928,2023-01-29 21:30:00,Куйбышевская,"КБШ, ИЧ СТЕРЛИТАМАК Ш","1шт 0,27ч",,,Перегорание плавкой вставки (проволоки) предохранителей аппаратуры защиты схемы управления стрелкой,CSH,2023,1.0,"0,27ч",,,,
2,12695464,2023-01-31 11:45:00,Куйбышевская,"КБШ, ИЧ ЖИГУЛЕВСКОЕ МОРЕ Ш","1шт 0,33ч",,,Другие неисправности предохранителей аппаратуры защиты рельсовых цепей,CSH,2023,1.0,"0,33ч",,,,
2,12693962,2023-01-31 21:27:00,Куйбышевская,"КБШ, ШЧ-13","4шт 2,6ч",,,"Подгар, сваривание контактов релейных блоков аппаратуры постовых устройств ЭЦ",CSH,2023,4.0,"2,6ч",,,,
3,12695790,2023-01-31 23:43:00,Куйбышевская,"КБШ, ШЧ-12",,,,"Обрыв жил сигнально-блокировочного металлического кабеля светофоров, указателей и полос",CSH,2023,,,,,,
2,12734622,2023-02-06 16:00:00,Куйбышевская,"КБШ, ШЧ-13",,"1шт 0,1ч","1шт 0,27ч",Потеря контакта в ламподержателе линзового светофора,CSH,2023,,,1.0,"0,1ч",1.0,"0,27ч"
2,12743704,2023-02-10 03:36:00,Куйбышевская,"КБШ, ШЧ-2",,"1шт 0,12ч",,Нарушение электрических характеристик реле аппаратуры рельсовых цепей,CSH,2023,,,1.0,"0,12ч",,
2,12720681,2023-02-23 10:28:00,Куйбышевская,"КБШ, ШЧ-4",,"1шт 0,12ч",,Электрический пробой выравнивателей (ограничителей) аппаратуры защиты постовых устройств ЭЦ,CSH,2023,,,1.0,"0,12ч",,
3,12722962,2023-02-27 07:16:00,Куйбышевская,"КБШ, ШЧ-13",,,,Неисправность элементов пульта-табло постовых устройств ЭЦ,CSH,2023,,,,,,
2,12729974,2023-02-28 14:47:00,Куйбышевская,"КБШ, ШЧ-12","1шт 0,27ч",,,"Подгар, сваривание контактов трансмиттеров аппаратуры АБ",CSH,2023,1.0,"0,27ч",,,,
2,12728207,2023-02-28 20:10:00,Куйбышевская,"КБШ, ИЧ МОРШАНСК Ш",,"1шт 0,1ч",,Перегорание предохранителя электропитания устройств УКСПС,CSH,2023,,,1.0,"0,1ч",,
3,12782775,2023-03-05 18:39:00,Куйбышевская,"КБШ, ШЧ-9",,,"1шт 0,07ч",Нарушение контакта в монтаже в путевых ящиках для размещения аппаратуры рельсовых цепей,CSH,2023,,,,,1.0,"0,07ч"
3,12782776,2023-03-22 18:37:00,Куйбышевская,"КБШ, ШЧ-12",,,"1шт 0,05ч",Потеря контакта в ламподержателе линзового светофора,CSH,2023,,,,,1.0,"0,05ч"
2,12782806,2023-03-22 21:47:00,Куйбышевская,"КБШ, ШЧ-12",,"1шт 0,1ч",,Нарушение контакта во внутреннем монтаже пульта-табло постовых устройств ЭЦ,CSH,2023,,,1.0,"0,1ч",,
2,12765362,2023-03-30 21:31:00,Куйбышевская,"КБШ, ШЧ-13","2шт 0,5ч",,,Электрический пробой выравнивателей (ограничителей) аппаратуры защиты рельсовых цепей,CSH,2023,2.0,"0,5ч",,,,
3,12769686,2023-03-31 12:43:00,Куйбышевская,"КБШ, ШЧ-13",,,,Разрегулировка контактов элементов пульта-табло постовых устройств ЭЦ,CSH,2023,,,,,,
2,12767767,2023-04-02 13:31:00,Куйбышевская,"КБШ, ШЧ-13","2шт 1,07ч",,,Подгар контактов реле аппаратуры АБ,CSH,2023,2.0,"1,07ч",,,,
2,12815393,2023-04-27 20:11:00,Куйбышевская,"КБШ, ШЧ-6","1шт 0,25ч",,,Неисправность УКСПС из-за потери контакта в соединениях датчика,CSH,2023,1.0,"0,25ч",,,,
2,12815354,2023-04-27 22:20:00,Куйбышевская,"КБШ, ИЧ МОРШАНСК Ш",,,"1шт 0,1ч",Другие неисправности предохранителей аппаратуры защиты рельсовых цепей,CSH,2023,,,,,1.0,"0,1ч"
2,12815314,2023-04-27 23:32:00,Куйбышевская,"КБШ, ШЧ-2","1шт 0,25ч",,,Сверхнормативное переходное сопротивление контактов АВМ рельсовых цепей,CSH,2023,1.0,"0,25ч",,,,
2,12815309,2023-04-28 04:15:00,Куйбышевская,"КБШ, ШЧ-5","1шт 0,27ч",,,Подгар контактов реле аппаратуры рельсовых цепей,CSH,2023,1.0,"0,27ч",,,,
3,12813710,2023-04-29 06:49:00,Куйбышевская,"КБШ, ШЧ-4",,,,Обрыв монтажа светодиодного светофора,CSH,2023,,,,,,
2,12865784,2023-05-29 14:08:00,Куйбышевская,"КБШ, ШЧ-16","1шт 0,28ч",,,"Электрический пробой выравнивателей (ограничителей) аппаратуры защиты светофоров, указателей и полос",CSH,2023,1.0,"0,28ч",,,,
2,12866204,2023-05-30 16:48:00,Куйбышевская,"КБШ, ИЧ БУГУЛЬМА Ш","1шт 0,37ч",,,Другие неисправности предохранителей аппаратуры защиты АБ,CSH,2023,1.0,"0,37ч",,,,
2,12864199,2023-05-31 03:41:00,Куйбышевская,"КБШ, ШЧ-1","1шт 0,27ч",,,Пробой элементов блока выпрямителей сопряжения БВС 4Л аппаратуры рельсовых цепей,CSH,2023,1.0,"0,27ч",,,,
3,12866238,2023-05-31 10:30:00,Куйбышевская,"КБШ, ИЧ БУГУЛЬМА Ш",,,,Неисправность элементов пульта табло устройств АБ,CSH,2023,,,,,,
3,12887617,2023-06-12 08:21:00,Куйбышевская,"КБШ, ИЧ МОРШАНСК Ш",,,,Электрический пробой элементов защитного блока аппаратуры АБ,CSH,2023,,,,,,
2,12910736,2023-06-30 07:49:00,Куйбышевская,"КБШ, ИЧ ЖИГУЛЕВСКОЕ МОРЕ Ш","1шт 0,28ч",,,Механическое заедание элементов пульта-табло постовых устройств ЭЦ,CSH,2023,1.0,"0,28ч",,,,
2,12910691,2023-06-30 10:40:00,Куйбышевская,"КБШ, ШЧ-1","1шт 0,27ч",,,Нарушение монтажа стативов для размещения постовых устройств ЭЦ,CSH,2023,1.0,"0,27ч",,,,
3,12909625,2023-06-30 14:55:00,Куйбышевская,"КБШ, ШЧ-9",,,,Перегорание лампы линзового светофора,CSH,2023,,,,,,
2,12910078,2023-06-30 17:55:00,Куйбышевская,"КБШ, ШЧ-2","1шт 0,25ч",,,Обрыв монтажа линзового светофора,CSH,2023,1.0,"0,25ч",,,,
3,12910417,2023-06-30 17:58:00,Куйбышевская,"КБШ, ШЧ-5",,,,"Нарушение монтажа шкафов для размещения аппаратуры светофоров, указателей и полос",CSH,2023,,,,,,
2,12908236,2023-06-30 21:13:00,Куйбышевская,"КБШ, ШЧ-4","1шт 0,27ч",,,Нарушение электрических характеристик реле аппаратуры постовых устройств ЭЦ,CSH,2023,1.0,"0,27ч",,,,
2,12910628,2023-06-30 22:55:00,Куйбышевская,"КБШ, ШЧ-12","1шт 0,27ч",,,"Электрический пробой выравнивателей (ограничителей) аппаратуры защиты светофоров, указателей и полос",CSH,2023,1.0,"0,27ч",,,,
2,12910637,2023-06-30 23:08:00,Куйбышевская,"КБШ, ШЧ-12","1шт 0,27ч",,,"Нарушение монтажа шкафов для размещения аппаратуры светофоров, указателей и полос",CSH,2023,1.0,"0,27ч",,,,
2,12953691,2023-07-30 21:22:00,Куйбышевская,"КБШ, ШЧ-6","1шт 0,27ч",,,Неисправность бесконтактной аппаратуры линейного пункта ДЦ,CSH,2023,1.0,"0,27ч",,,,
2,12953865,2023-07-30 21:25:00,Куйбышевская,"КБШ, ШЧ-9","1шт 0,27ч",,,Нарушение контакта в монтаже в путевых ящиках для размещения аппаратуры рельсовых цепей,CSH,2023,1.0,"0,27ч",,,,
2,12953866,2023-07-31 04:42:00,Куйбышевская,"КБШ, ШЧ-5","1шт 0,32ч",,,Неисправность контактной системы реле аппаратуры рельсовых цепей,CSH,2023,1.0,"0,32ч",,,,
2,12955187,2023-07-31 14:13:00,Куйбышевская,"КБШ, ИЧ БУГУЛЬМА Ш","1шт 0,25ч",,,Другие неисправности предохранителей аппаратуры защиты АБ,CSH,2023,1.0,"0,25ч",,,,
2,12954317,2023-07-31 14:33:00,Куйбышевская,"КБШ, ШЧ-1","1шт 0,27ч",,,Нарушение электрических характеристик реле аппаратуры рельсовых цепей,CSH,2023,1.0,"0,27ч",,,,
2,12954275,2023-07-31 20:06:00,Куйбышевская,"КБШ, ШЧ-13","1шт 0,27ч",,,"Перегорание плавкой вставки (проволоки) предохранителей аппаратуры защиты светофоров, указателей и полос",CSH,2023,1.0,"0,27ч",,,,
2,12954200,2023-07-31 21:18:00,Куйбышевская,"КБШ, ШЧ-4","1шт 0,28ч",,,Неисправность деталей блока элементов аппаратуры рельсовых цепей,CSH,2023,1.0,"0,28ч",,,,
2,12995289,2023-08-31 15:50:00,Куйбышевская,"КБШ, ШЧ-1","1шт 0,27ч",,,Другие неисправности предохранителей аппаратуры защиты рельсовых цепей,CSH,2023,1.0,"0,27ч",,,,
2,12995337,2023-08-31 16:07:00,Куйбышевская,"КБШ, ШЧ-5","1шт 0,27ч",,,Подгар контактов реле аппаратуры постовых устройств ЭЦ,CSH,2023,1.0,"0,27ч",,,,
2,12995149,2023-08-31 18:15:00,Куйбышевская,"КБШ, ШЧ-6","1шт 0,27ч",,,Сверхнормативное переходное сопротивление контактов АВМ рельсовых цепей,CSH,2023,1.0,"0,27ч",,,,
2,12994600,2023-08-31 20:00:00,Куйбышевская,"КБШ, ШЧ-4","1шт 0,27ч",,,Обрыв плавкой вставки (проволоки) предохранителей аппаратуры защиты рельсовых цепей,CSH,2023,1.0,"0,27ч",,,,
3,12995987,2023-08-31 20:34:00,Куйбышевская,"КБШ, ШЧ-13",,,,Короткое замыкание (пробой) элементов защитного блока аппаратуры АБ,CSH,2023,,,,,,
3,12994466,2023-08-31 21:20:00,Куйбышевская,"КБШ, ШЧ-9",,,,Износ элементов реле аппаратуры АБ,CSH,2023,,,,,,
2,12996065,2023-08-31 21:40:00,Куйбышевская,"КБШ, ШЧ-13","1шт 0,27ч",,,Неисправность монтажа релейного шкафа,CSH,2023,1.0,"0,27ч",,,,
3,12996154,2023-08-31 23:16:00,Куйбышевская,"КБШ, ШЧ-10",,,,"Обрыв обмотки реле аппаратуры светофоров, указателей и полос",CSH,2023,,,,,,
2,12996170,2023-08-31 23:42:00,Куйбышевская,"КБШ, ШЧ-10","1шт 0,27ч",,,Излом датчика УКСПС по старой трещине,CSH,2023,1.0,"0,27ч",,,,
2,12996175,2023-08-31 23:43:00,Куйбышевская,"КБШ, ШЧ-10","1шт 0,27ч",,,Ослабление крепления предохранителей аппаратуры защиты рельсовых цепей,CSH,2023,1.0,"0,27ч",,,,
3,12996431,2023-09-05 05:02:00,Куйбышевская,"ПРИВ, ШЧ-7 (Э)",,,,Другие неисправности АВМ рельсовых цепей,CSH,2023,,,,,,
2,13036714,2023-09-28 12:58:00,Куйбышевская,"КБШ, ШЧ-13","1шт 0,25ч",,,"Другие неисправности предохранителей аппаратуры защиты светофоров, указателей и полос",CSH,2023,1.0,"0,25ч",,,,
2,13068235,2023-10-24 04:12:00,Куйбышевская,"КБШ, ШЧ-1",,"1шт 0,15ч",,Неисправность элементов пульта-табло постовых устройств ЭЦ,CSH,2023,,,1.0,"0,15ч",,
2,13079620,2023-10-30 06:08:00,Куйбышевская,"КБШ, ШЧ-13","1шт 0,27ч",,,"Перегорание плавкой вставки (проволоки) предохранителей аппаратуры защиты светофоров, указателей и полос",CSH,2023,1.0,"0,27ч",,,,
3,13080271,2023-10-30 12:10:00,Куйбышевская,"КБШ, ШЧ-16",,,,Нарушение электрических характеристик реле аппаратуры постовых устройств ЭЦ,CSH,2023,,,,,,
3,13080288,2023-10-30 18:00:00,Куйбышевская,"КБШ, ШЧ-16",,,,Неисправность путевой перемычки,CSH,2023,,,,,,
2,13079564,2023-10-30 22:42:00,Куйбышевская,"КБШ, ШЧ-2","1шт 0,27ч",,,"Неисправность элементов крепления приборов в шкафах для размещения аппаратуры светофоров, указателей и полос",CSH,2023,1.0,"0,27ч",,,,
2,13080888,2023-10-31 00:00:00,Куйбышевская,"КБШ, ШЧ-4","1шт 0,25ч",,,Нарушение временных характеристик реле аппаратуры,CSH,2023,1.0,"0,25ч",,,,
2,13081024,2023-10-31 04:42:00,Куйбышевская,"КБШ, ШЧ-10","1шт 0,3ч",,,Износ элементов реле аппаратуры АБ,CSH,2023,1.0,"0,3ч",,,,
3,13080664,2023-10-31 22:10:00,Куйбышевская,"КБШ, ШЧ-4",,,,Неисправность монтажа в путевом ящике,CSH,2023,,,,,,
3,13081016,2023-10-31 23:22:00,Куйбышевская,"КБШ, ШЧ-12",,,,"Короткое замыкание (электрический пробой) элементов трансформаторов аппаратуры светофоров, указателей и полос",CSH,2023,,,,,,
2,13081052,2023-10-31 23:32:00,Куйбышевская,"КБШ, ШЧ-12","1шт 0,27ч",,,Заклинивание подвижных частей трансмиттеров аппаратуры рельсовых цепей,CSH,2023,1.0,"0,27ч",,,,
3,13078806,2023-10-31 23:40:00,Куйбышевская,"КБШ, ШЧ-6",,,,Сверхнормативное переходное сопротивление контактов АВМ рельсовых цепей,CSH,2023,,,,,,
1,12756794,2023-03-24 09:00:00,Куйбышевская,"КБШ, ТЧЭ-16",,,,Прочая неисправность балансира буксовой ступени рессорного подвешивания,CT,2023,,,,,,
1,12770977,2023-04-04 09:40:00,Куйбышевская,"КБШ, ТЧЭ-3",,"4шт (к учету 1) 2,62ч","1шт 0,1ч",Прочая неисправность остова тягового двигателя постоянного тока,CT,2023,,,1.0,"2,62ч",1.0,"0,1ч"
3,12819572,2023-05-01 07:25:00,Куйбышевская,"КБШ, ТЧЭ-17",,,,"Ползун, выбоина на поверхности катания бандажа колесной пары локомотива, МВПС",CT,2023,,,,,,
3,12920949,2023-07-09 14:35:00,Куйбышевская,"КБШ, ТЧЭ-19",,,,Неисправность счетчика электрической энергии постоянного тока,CT,2023,,,,,,
3,12941063,2023-07-22 00:19:00,Куйбышевская,"КБШ, ТЧЭ-19",,,,Неисправность низковольтной части датчика боксования,CT,2023,,,,,,
3,12669371,2023-01-11 12:44:00,Куйбышевская,"С-КАВ, ВЧДЭ-5 БАТАЙСК",,,,Тонкий гребень колеса грузового вагона,CV,2023,,,,,,
3,12669612,2023-01-11 23:44:00,Куйбышевская,"Ю-ВОСТ, ВЧДЭ-3 СТОЙЛЕНСКАЯ",,,,Тонкий гребень колеса грузового вагона,CV,2023,,,,,,
3,12672823,2023-01-15 17:30:00,Куйбышевская,"МОСК, ВЧДЭ-13 БЕКАСОВО",,,,Тонкий гребень колеса грузового вагона,CV,2023,,,,,,
3,12681703,2023-01-20 11:10:00,Куйбышевская,"С-КАВ, ВЧДЭ-5 БАТАЙСК",,,,Тонкий гребень колеса грузового вагона,CV,2023,,,,,,
3,12692976,2023-01-25 00:07:00,Куйбышевская,"Ю-УР, ВЧДЭ-1 ЧЕЛЯБИНСК",,,,Неравномерный прокат по кругу катания колеса грузового вагона выше нормы,CV,2023,,,,,,
3,12687315,2023-01-25 08:26:00,Куйбышевская,"Ю-УР, ВЧДЭ-2 ОРЕНБУРГ",,,,Выщербина на ободе колеса грузового вагона,CV,2023,,,,,,
3,12689532,2023-01-26 17:00:00,Куйбышевская,"С-КАВ, ВЧДЗ-13 КРАСНОДАР",,,,Тонкий гребень колеса грузового вагона,CV,2023,,,,,,
3,12690437,2023-01-27 07:55:00,Куйбышевская,"Ю-УР, ВЧДЭ-1 ЧЕЛЯБИНСК",,,,Тонкий гребень колеса грузового вагона,CV,2023,,,,,,
3,12714029,2023-02-14 09:10:00,Куйбышевская,"Ю-УР, ВЧДЭ-1 ЧЕЛЯБИНСК",,,,Неравномерный прокат по кругу катания колеса грузового вагона выше нормы,CV,2023,,,,,,
3,12714728,2023-02-15 14:37:00,Куйбышевская,"Ю-УР, ВЧДЭ-1 ЧЕЛЯБИНСК",,,,Неравномерный прокат по кругу катания колеса грузового вагона выше нормы,CV,2023,,,,,,
2,12715199,2023-02-15 22:17:00,Куйбышевская,"Ю-УР, ВЧДЭ-1 ЧЕЛЯБИНСК","8шт (к учету 5) 2,47ч",,,Неисправности авторежима грузового вагона,CV,2023,5.0,"2,47ч",,,,
3,12718958,2023-02-19 15:30:00,Куйбышевская,"С-КАВ, ВЧДЭ-5 БАТАЙСК",,,,Тонкий гребень колеса грузового вагона,CV,2023,,,,,,
3,12752228,2023-03-12 00:07:00,Куйбышевская,"МОСК, ВЧДЭ-37 БРЯНСК",,,,Выщербина на ободе колеса грузового вагона,CV,2023,,,,,,
3,12750969,2023-03-15 17:08:00,Куйбышевская,"Ю-УР, ВЧДЭ-1 ЧЕЛЯБИНСК",,,,Тонкий гребень колеса грузового вагона,CV,2023,,,,,,
3,12757278,2023-03-22 00:35:00,Куйбышевская,"Ю-ВОСТ, ВЧДЭ-3 СТОЙЛЕНСКАЯ",,,,Тонкий гребень колеса грузового вагона,CV,2023,,,,,,
3,12766265,2023-03-30 16:35:00,Куйбышевская,"С-КАВ, ВЧДЭ-5 БАТАЙСК",,,,Тонкий гребень колеса грузового вагона,CV,2023,,,,,,
3,12773499,2023-04-04 02:20:00,Куйбышевская,"Ю-УР, ВЧДЭ-1 ЧЕЛЯБИНСК",,,,Тонкий гребень колеса грузового вагона,CV,2023,,,,,,
1,12781358,2023-04-08 21:02:00,Куйбышевская,"КБШ, ВЧДЭ-2 ПЕНЗА","1шт 0,27ч",,,Невключение предохранителя замка от саморасцепа механизма автосцепки грузового вагона,CV,2023,1.0,"0,27ч",,,,
3,12800134,2023-04-11 15:30:00,Куйбышевская,"Ю-УР, ВЧДЭ-1 ЧЕЛЯБИНСК",,,,Тонкий гребень колеса грузового вагона,CV,2023,,,,,,
3,12792527,2023-04-12 10:34:00,Куйбышевская,"СВЕРД, ВЧДЭ-4",,,,Тонкий гребень колеса грузового вагона,CV,2023,,,,,,
3,12794926,2023-04-14 09:23:00,Куйбышевская,"Ю-ВОСТ, ВЧДЭ-3 СТОЙЛЕНСКАЯ",,,,Тонкий гребень колеса грузового вагона,CV,2023,,,,,,
3,12795302,2023-04-14 09:30:00,Куйбышевская,"Ю-УР, ВЧДЭ-1 ЧЕЛЯБИНСК",,,,Тонкий гребень колеса грузового вагона,CV,2023,,,,,,
3,12794938,2023-04-16 15:17:00,Куйбышевская,"Ю-ВОСТ, ВЧДЭ-3 СТОЙЛЕНСКАЯ",,,,Тонкий гребень колеса грузового вагона,CV,2023,,,,,,
3,12811660,2023-04-19 21:47:00,Куйбышевская,"ПРИВ, ВЧД АТКАРСК",,,,"Неисправности сепараторов (износ центрирующей поверхности, изломы и др.)",CV,2023,,,,,,
3,12806114,2023-04-20 16:11:00,Куйбышевская,"С-КАВ, ВЧДЗ-13 КРАСНОДАР",,,,Тонкий гребень колеса грузового вагона,CV,2023,,,,,,
3,12809721,2023-04-24 05:10:00,Куйбышевская,"Ю-ВОСТ, ВЧДЭ-6 КОЧЕТОВКА",,,,Тонкий гребень колеса грузового вагона,CV,2023,,,,,,
3,12821815,2023-04-29 14:16:00,Куйбышевская,"С-КАВ, ВЧДЗ-13 КРАСНОДАР",,,,Тонкий гребень колеса грузового вагона,CV,2023,,,,,,
3,12832962,2023-05-07 11:30:00,Куйбышевская,"Ю-УР, ВЧДЭ-1 ЧЕЛЯБИНСК",,,,Тонкий гребень колеса грузового вагона,CV,2023,,,,,,
3,12840211,2023-05-13 18:50:00,Куйбышевская,"С-КАВ, ВЧДЗ-13 КРАСНОДАР",,,,Тонкий гребень колеса грузового вагона,CV,2023,,,,,,
3,12847212,2023-05-17 17:55:00,Куйбышевская,"Ю-ВОСТ, ВЧДЭ-2 ЛИСКИ",,,,Тонкий гребень колеса грузового вагона,CV,2023,,,,,,
3,12856004,2023-05-22 00:10:00,Куйбышевская,"С-КАВ, ВЧДЗ-13 КРАСНОДАР",,,,Тонкий гребень колеса грузового вагона,CV,2023,,,,,,
3,12903619,2023-06-18 16:55:00,Куйбышевская,"КРАС, ВЧДЭ-1 БОГОТОЛ",,,,Надиры типа «ёлочка» на деталях подшипника,CV,2023,,,,,,
3,12892912,2023-06-19 00:44:00,Куйбышевская,"КБШ, ВЧДЭ-17 КИНЕЛЬ",,,,Технологический нагрев буксового узла,CV,2023,,,,,,
3,12907448,2023-06-30 11:41:00,Куйбышевская,"КБШ, ВЧДЭ-17 КИНЕЛЬ",,,,Технологический нагрев буксового узла,CV,2023,,,,,,
3,12917630,2023-07-04 10:16:00,Куйбышевская,"З-СИБ, ВЧДЭ-25 НОВОКУЗНЕЦК",,,,Тонкий гребень колеса грузового вагона,CV,2023,,,,,,
3,12973815,2023-08-10 20:12:00,Куйбышевская,"З-СИБ, ВЧД-4 ТАТАРСКАЯ",,,,Неисправность магистральной части воздухораспределителя,CV,2023,,,,,,
3,12983654,2023-08-18 22:35:00,Куйбышевская,"ОКТ, ВЧДЭ-13 САНКТ-ПЕТЕРБУРГ-СОРТ-ВИТ",,,,Тонкий гребень колеса грузового вагона,CV,2023,,,,,,
3,13022672,2023-09-15 20:37:00,Куйбышевская,"Д-ВОСТ, ВЧДЭ-4 УССУРИЙСК",,,,Ослабление (разрушение) торцевого крепления,CV,2023,,,,,,
3,13020400,2023-09-17 11:40:00,Куйбышевская,"СВЕРД, ВЧДЭ-4",,,,Тонкий гребень колеса грузового вагона,CV,2023,,,,,,
3,13033323,2023-09-21 13:16:00,Куйбышевская,"Ю-УР, ВЧДЭ-1 ЧЕЛЯБИНСК",,,,Тонкий гребень колеса грузового вагона,CV,2023,,,,,,
3,13037335,2023-09-29 02:20:00,Куйбышевская,"Ю-ВОСТ, ВЧДЭ-2 ЛИСКИ",,,,Тонкий гребень колеса грузового вагона,CV,2023,,,,,,
3,13060630,2023-10-13 22:26:00,Куйбышевская,"Ю-ВОСТ, ВЧДЭ-3 СТОЙЛЕНСКАЯ",,,,Тонкий гребень колеса грузового вагона,CV,2023,,,,,,
2,13075801,2023-10-26 17:11:00,Куйбышевская,"Ю-УР, ВЧДЭ-1 ЧЕЛЯБИНСК","8шт (к учету 5) 2,8ч",,,Ослабление крепления предохранительной скобы,CV,2023,5.0,"2,8ч",,,,
