CATEGORY,№,START_TIME,ROAD,RESPONSIBILITY,FREIGHT,PASSENGER,COMMUTER,REASON,DEPARTMENT,YEAR,FREIGHT_COUNT,FREIGHT_TIMEOUT,PASSENGER_COUNT,PASSENGER_TIMEOUT,COMMUTER_COUNT,COMMUTER_TIMEOUT,DELTA_TIME,DELTA_MINUTES,TIME_DIFF,EVENT_NUMBER,INDEX,SEASON,LAMBDA0,CUSUM_ALARM
2,13160616,2024-01-02 04:54:00,Юго-Восточная,"Ю-ВОСТ, ШЧ-3 (Э)",,"1шт ч(к учету 0,13ч)",,"Основная обмотка, короткое замыкание",CSH,2024,,,1.0,"0,13ч",,,0 days 00:00:00,0.0,0.0,1,0.0,Зима,0.0003837131221167,0
2,13163104,2024-01-04 07:03:00,Юго-Восточная,"Ю-ВОСТ, ШЧ-15",,"1шт ч(к учету 0,12ч)",,"Внутренний монтаж, обрыв",CSH,2024,,,1.0,"0,12ч",,,2 days 02:09:00,3009.0,3009.0,2,0.0059880239520958,Зима,0.0003837131221167,0
2,13164273,2024-01-04 23:41:00,Юго-Восточная,"Ю-ВОСТ, ШЧ-5 (Р)",,"2шт ч(к учету 0,45ч)",,"Контактная система, увеличенное сопротивление контакта",CSH,2024,,,2.0,"0,45ч",,,2 days 18:47:00,4007.0,998.0,3,0.0119760479041916,Зима,0.0003837131221167,0
3,13167304,2024-01-07 10:49:00,Юго-Восточная,"МОСК, ТЧЭ-36",,,,Трещина трубки радиатора секции холодильника,CT,2024,,,,,,,5 days 05:55:00,7555.0,3548.0,4,0.0179640718562874,Зима,0.0003837131221167,0
2,13173137,2024-01-11 04:15:00,Юго-Восточная,"Ю-ВОСТ, ШЧ-3 (Э)",,"2шт ч(к учету 0,45ч)",,"Обмотка, обрыв",CSH,2024,,,2.0,"0,45ч",,,8 days 23:21:00,12921.0,5366.0,5,0.0239520958083832,Зима,0.0003837131221167,0
3,13175638,2024-01-11 23:00:00,Юго-Восточная,"Ю-ВОСТ, ШЧ-4 (Э)","1шт ч(к учету 0,03ч)",,,"Автопереключатель, индевение контактов",CSH,2024,1.0,"0,03ч",,,,,9 days 18:06:00,14046.0,1125.0,6,0.029940119760479,Зима,0.0003837131221167,0
3,13181475,2024-01-15 16:09:00,Юго-Восточная,"Ю-ВОСТ, ШЧ-5 (Р)",,,,"Контактная система, сваривание",CSH,2024,,,,,,,13 days 11:15:00,19395.0,5349.0,7,0.0359281437125748,Зима,0.0003837131221167,0
2,13184661,2024-01-18 05:30:00,Юго-Восточная,"Ю-ВОСТ, ШЧ-9","1шт ч(к учету 0,28ч)",,,"Жилы, обрыв",CSH,2024,1.0,"0,28ч",,,,,16 days 00:36:00,23076.0,3681.0,8,0.0419161676646706,Зима,0.0003837131221167,0
2,13187818,2024-01-20 18:17:00,Юго-Восточная,"Ю-ВОСТ, ШЧ-16",,,"1шт ч(к учету 0,17)ч",Нарушение контакта трос/штепсель,CSH,2024,,,,,1.0,"0,17ч",18 days 13:23:00,26723.0,3647.0,9,0.0479041916167664,Зима,0.0003837131221167,0
3,13188592,2024-01-21 14:46:00,Юго-Восточная,"Ю-ВОСТ, ШЧ-15",,,,"Жилы, внутренний обрыв",CSH,2024,,,,,,,19 days 09:52:00,27952.0,1229.0,10,0.0538922155688622,Зима,0.0003837131221167,0
3,13195361,2024-01-26 08:01:00,Юго-Восточная,"Ю-ВОСТ, ШЧ-14 (Э)",,,,Неисправность маршрутизатора,CSH,2024,,,,,,,24 days 03:07:00,34747.0,6795.0,11,0.059880239520958,Зима,0.0003837131221167,0
2,13196100,2024-01-27 05:15:00,Юго-Восточная,"Ю-ВОСТ, ШЧ-4 (Э)",,,"3шт ч(к учету 0,52)ч","Жилы, внутренний обрыв",CSH,2024,,,,,3.0,"0,52ч",25 days 00:21:00,36021.0,1274.0,12,0.0658682634730539,Зима,0.0003837131221167,0
3,13199492,2024-01-30 17:24:00,Юго-Восточная,"Ю-ВОСТ, ШЧ-11",,,,"Обмотка, обрыв",CSH,2024,,,,,,,28 days 12:30:00,41070.0,5049.0,13,0.0718562874251497,Зима,0.0003837131221167,0
3,13215330,2024-01-31 09:25:00,Юго-Восточная,"Ю-ВОСТ, ШЧ-3 (Э)",,"1шт ч(к учету 0,02ч)",,"Электродвигатель, постоянного тока (МСП, ДСП), обрыв внутреннего монтажа",CSH,2024,,,1.0,"0,02ч",,,29 days 04:31:00,42031.0,961.0,14,0.0778443113772455,Зима,0.0003837131221167,0
2,13200780,2024-01-31 18:10:00,Юго-Восточная,"Ю-ВОСТ, ШЧ-5 (Р)",,,"2шт ч(к учету 0,2)ч","Контактная система, увеличенное сопротивление контакта",CSH,2024,,,,,2.0,"0,2ч",29 days 13:16:00,42556.0,525.0,15,0.0838323353293413,Зима,0.0003837131221167,0
2,13204707,2024-02-03 23:02:00,Юго-Восточная,"Ю-ВОСТ, ШЧ-14 (Э)","1шт ч(к учету 0,63ч)",,,Потеря контакта в дужке,CSH,2024,1.0,"0,63ч",,,,,32 days 18:08:00,47168.0,4612.0,16,0.0898203592814371,Зима,0.0003837131221167,0
3,13208567,2024-02-06 10:18:00,Юго-Восточная,"Ю-ВОСТ, ШЧ-3 (Э)",,,,Обрыв жил контрольного кабеля линий СЦБ,CSH,2024,,,,,,,35 days 05:24:00,50724.0,3556.0,17,0.0958083832335329,Зима,0.0003837131221167,0
3,13221070,2024-02-13 22:19:00,Юго-Восточная,"Ю-ВОСТ, ШЧ-4 (Э)",,,,"Жилы, обрыв",CSH,2024,,,,,,,42 days 17:25:00,61525.0,10801.0,18,0.1017964071856287,Зима,0.0003837131221167,0
3,13223764,2024-02-15 08:40:00,Юго-Восточная,"Ю-ВОСТ, ШЧ-3 (Э)",,,,Обрыв жил контрольного кабеля линий СЦБ,CSH,2024,,,,,,,44 days 03:46:00,63586.0,2061.0,19,0.1077844311377245,Зима,0.0003837131221167,0
2,13226786,2024-02-17 18:44:00,Юго-Восточная,"Ю-ВОСТ, ШЧ-7","1шт ч(к учету 0,23ч)","2шт ч(к учету 0,15ч)",,Сбой АЛС с задержкой поезда,CSH,2024,1.0,"0,23ч",2.0,"0,15ч",,,46 days 13:50:00,67070.0,3484.0,20,0.1137724550898203,Зима,0.0003837131221167,0
3,13249999,2024-02-18 01:43:00,Юго-Восточная,"Ю-ВОСТ, ШЧ-11","2шт ч(к учету 0,22ч)",,,"Срабатывание, атмосферные перенапряжения",CSH,2024,2.0,"0,22ч",,,,,46 days 20:49:00,67489.0,419.0,21,0.1197604790419161,Зима,0.0003837131221167,0
3,13229752,2024-02-20 11:35:00,Юго-Восточная,"Ю-ВОСТ, ВЧДЭ-3 СТОЙЛЕНСКАЯ",,,,Износ тормозной колодки грузового вагона,CV,2024,,,,,,,49 days 06:41:00,70961.0,3472.0,22,0.1257485029940119,Зима,0.0003837131221167,0
3,13231437,2024-02-21 12:40:00,Юго-Восточная,"Ю-ВОСТ, ВЧДЭ-6 КОЧЕТОВКА",,,,Отсутствие/нетиповой указатель грузовых режимов торможения,CV,2024,,,,,,,50 days 07:46:00,72466.0,1505.0,23,0.1317365269461078,Зима,0.0003837131221167,0
2,13234084,2024-02-23 22:35:00,Юго-Восточная,"Ю-ВОСТ, ШЧ-7","2шт ч(к учету 0,33ч)","1шт ч(к учету 0,22ч)",,"Жилы, внутренний обрыв",CSH,2024,2.0,"0,33ч",1.0,"0,22ч",,,52 days 17:41:00,75941.0,3475.0,24,0.1377245508982036,Зима,0.0003837131221167,0
2,13235142,2024-02-25 08:39:00,Юго-Восточная,"Ю-ВОСТ, ШЧ-4 (Э)",,,"1шт ч(к учету 0,18)ч","Жилы, сообщение",CSH,2024,,,,,1.0,"0,18ч",54 days 03:45:00,77985.0,2044.0,25,0.1437125748502994,Зима,0.0003837131221167,0
2,13235445,2024-02-25 11:42:00,Юго-Восточная,"Ю-ВОСТ, ШЧ-5 (Р)",,"3шт ч(к учету 0,38ч)",,"Контактная система, потеря контакта",CSH,2024,,,3.0,"0,38ч",,,54 days 06:48:00,78168.0,183.0,26,0.1497005988023952,Зима,0.0003837131221167,0
3,13237350,2024-02-27 06:48:00,Юго-Восточная,"Ю-ВОСТ, ВЧДЭ-2 ЛИСКИ",,,,Технологический нагрев буксового узла,CV,2024,,,,,,,56 days 01:54:00,80754.0,2586.0,27,0.155688622754491,Зима,0.0003837131221167,0
2,13237681,2024-02-27 11:43:00,Юго-Восточная,"Ю-ВОСТ, ШЧ-5 (Р)",,"2шт ч(к учету 0,33ч)",,"Конденсатор, обрыв конденсатора",CSH,2024,,,2.0,"0,33ч",,,56 days 06:49:00,81049.0,295.0,28,0.1616766467065868,Зима,0.0003837131221167,0
2,13238234,2024-02-27 21:06:00,Юго-Восточная,"Ю-ВОСТ, ШЧ-15","2шт ч(к учету 0,38ч)",,"1шт ч(к учету 0,2)ч","Автопереключатель, индевение контактов",CSH,2024,2.0,"0,38ч",,,1.0,"0,2ч",56 days 16:12:00,81612.0,563.0,29,0.1676646706586826,Зима,0.0003837131221167,0
3,13247279,2024-03-05 13:43:00,Юго-Восточная,"Ю-ВОСТ, ШЧ-15",,,,"Срабатывание (перегорание), воздействие тягового тока",CSH,2024,,,,,,,63 days 08:49:00,91249.0,9637.0,30,0.1736526946107784,Весна,0.0002742467479524,0
3,13256071,2024-03-09 09:30:00,Юго-Восточная,"С-КАВ, ВЧДЗ-13 КРАСНОДАР",,,,Тонкий гребень колеса грузового вагона,CV,2024,,,,,,,67 days 04:36:00,96756.0,5507.0,31,0.1796407185628742,Весна,0.0002742467479524,0
3,13254917,2024-03-11 04:33:00,Юго-Восточная,"Ю-ВОСТ, ШЧ-15",,,,"Лампы, перегорание основной нити",CSH,2024,,,,,,,68 days 23:39:00,99339.0,2583.0,32,0.18562874251497,Весна,0.0002742467479524,0
2,13255661,2024-03-11 12:15:00,Юго-Восточная,"Ю-ВОСТ, ШЧ-14 (Э)","2шт ч(к учету 1,38ч)",,,Излом провода под гайкой,CSH,2024,2.0,"1,38ч",,,,,69 days 07:21:00,99801.0,462.0,33,0.1916167664670658,Весна,0.0002742467479524,0
3,13265399,2024-03-11 21:44:00,Юго-Восточная,"С-КАВ, ВЧДЭ-5 БАТАЙСК",,,,Тонкий гребень колеса грузового вагона,CV,2024,,,,,,,69 days 16:50:00,100370.0,569.0,34,0.1976047904191616,Весна,0.0002742467479524,0
3,13264343,2024-03-17 00:10:00,Юго-Восточная,"МОСК, ТЧЭ-36",,,,"Низкое сопротивление изоляции провода, кабеля низковольтных цепей и цепей управления",CT,2024,,,,,,,74 days 19:16:00,107716.0,7346.0,35,0.2035928143712574,Весна,0.0002742467479524,0
3,13267811,2024-03-20 03:04:00,Юго-Восточная,"Ю-ВОСТ, ВЧДЭ-3 СТОЙЛЕНСКАЯ",,,,Излом/трещина ниппеля разобщительного крана,CV,2024,,,,,,,77 days 22:10:00,112210.0,4494.0,36,0.2095808383233532,Весна,0.0002742467479524,0
2,13272497,2024-03-24 00:34:00,Юго-Восточная,"Ю-ВОСТ, ШЧ-14 (Э)","2шт ч(к учету 0,7ч)",,,"Контактная система, потеря контакта",CSH,2024,2.0,"0,7ч",,,,,81 days 19:40:00,117820.0,5610.0,37,0.2155688622754491,Весна,0.0002742467479524,0
2,13276172,2024-03-27 03:44:00,Юго-Восточная,"Ю-ВОСТ, ШЧ-5 (Р)",,"1шт ч(к учету 0,28ч)","1шт ч(к учету 0,35)ч","Внутренний монтаж, обрыв монтажного провода",CSH,2024,,,1.0,"0,28ч",1.0,"0,35ч",84 days 22:50:00,122330.0,4510.0,38,0.2215568862275449,Весна,0.0002742467479524,0
2,13278870,2024-03-28 19:05:00,Юго-Восточная,"Ю-ВОСТ, ШЧ-14 (Э)","2шт ч(к учету 0,97ч)",,,"Автопереключатель, разрегулировка контактов",CSH,2024,2.0,"0,97ч",,,,,86 days 14:11:00,124691.0,2361.0,39,0.2275449101796407,Весна,0.0002742467479524,0
2,13279884,2024-03-29 15:40:00,Юго-Восточная,"Ю-ВОСТ, ШЧ-14 (Э)","2шт ч(к учету 0,88ч)",,,"Диод, пробой",CSH,2024,2.0,"0,88ч",,,,,87 days 10:46:00,125926.0,1235.0,40,0.2335329341317365,Весна,0.0002742467479524,0
3,13280719,2024-03-30 12:51:00,Юго-Восточная,"Ю-ВОСТ, ШЧ-15",,,,"Контактная система, потеря контакта",CSH,2024,,,,,,,88 days 07:57:00,127197.0,1271.0,41,0.2395209580838323,Весна,0.0002742467479524,0
3,13288923,2024-04-04 03:49:00,Юго-Восточная,"Ю-ВОСТ, ШЧ-5 (Р)",,,,"Обмотка, короткое замыкание",CSH,2024,,,,,,,92 days 22:55:00,133855.0,6658.0,42,0.2455089820359281,Весна,0.0002742467479524,0
2,13294663,2024-04-07 02:04:00,Юго-Восточная,"Ю-ВОСТ, ШЧ-4 (Э)",,"1шт ч(к учету 0,18ч)",,"Автопереключатель, разрегулировка контактов",CSH,2024,,,1.0,"0,18ч",,,95 days 21:10:00,138070.0,4215.0,43,0.2514970059880239,Весна,0.0002742467479524,0
2,13294786,2024-04-07 05:11:00,Юго-Восточная,"Ю-ВОСТ, ШЧ-3 (Э)","1шт ч(к учету 0,23ч)",,"1шт ч(к учету 0,45)ч",Обрыв монтажного провода,CSH,2024,1.0,"0,23ч",,,1.0,"0,45ч",96 days 00:17:00,138257.0,187.0,44,0.2574850299401197,Весна,0.0002742467479524,0
2,13296080,2024-04-08 04:35:00,Юго-Восточная,"Ю-ВОСТ, ШЧ-7",,"3шт ч(к учету 0,42ч)",,"Конденсатор, короткое замыкание",CSH,2024,,,3.0,"0,42ч",,,96 days 23:41:00,139661.0,1404.0,45,0.2634730538922156,Весна,0.0002742467479524,0
2,13305647,2024-04-11 22:43:00,Юго-Восточная,"Ю-ВОСТ, ШЧ-11","2шт ч(к учету 1,03ч)",,,Нарушение контакта трос/штепсель,CSH,2024,2.0,"1,03ч",,,,,100 days 17:49:00,145069.0,5408.0,46,0.2694610778443114,Весна,0.0002742467479524,0
3,13305559,2024-04-11 22:56:00,Юго-Восточная,"Ю-ВОСТ, ШЧ-14 (Э)","1шт ч(к учету 0,12ч)",,,"Контактная система, подгар контактов",CSH,2024,1.0,"0,12ч",,,,,100 days 18:02:00,145082.0,13.0,47,0.2754491017964072,Весна,0.0002742467479524,0
3,13307704,2024-04-13 01:55:00,Юго-Восточная,"Ю-ВОСТ, ШЧ-15",,,,Нарушение изоляции,CSH,2024,,,,,,,101 days 21:01:00,146701.0,1619.0,48,0.281437125748503,Весна,0.0002742467479524,0
3,13309378,2024-04-14 13:03:00,Юго-Восточная,"МОСК, ТЧЭ-36",,,,"Низкое сопротивление изоляции провода, кабеля низковольтных цепей и цепей управления",CT,2024,,,,,,,103 days 08:09:00,148809.0,2108.0,49,0.2874251497005988,Весна,0.0002742467479524,0
2,13318904,2024-04-20 09:35:00,Юго-Восточная,"Ю-ВОСТ, ШЧ-11",,,"1шт ч(к учету 0,1)ч","Клеммная колодка резьб, прожег изоляции",CSH,2024,,,,,1.0,"0,1ч",109 days 04:41:00,157241.0,8432.0,50,0.2934131736526946,Весна,0.0002742467479524,0
2,13325495,2024-04-24 00:00:00,Юго-Восточная,"Ю-ВОСТ, ШЧ-15","1шт ч(к учету 0,5ч)",,,"Контактная система, потеря контакта",CSH,2024,1.0,"0,5ч",,,,,112 days 19:06:00,162426.0,5185.0,51,0.2994011976047904,Весна,0.0002742467479524,0
2,13332987,2024-04-28 10:07:00,Юго-Восточная,"Ю-ВОСТ, ШЧ-15","2шт ч(к учету 0,6ч)",,,Неисправность болометра,CSH,2024,2.0,"0,6ч",,,,,117 days 05:13:00,168793.0,6367.0,52,0.3053892215568862,Весна,0.0002742467479524,0
3,13333146,2024-04-28 12:23:00,Юго-Восточная,"Ю-ВОСТ, ШЧ-15",,,,"Контактная система, потеря контакта",CSH,2024,,,,,,,117 days 07:29:00,168929.0,136.0,53,0.311377245508982,Весна,0.0002742467479524,0
2,13335658,2024-05-01 05:05:00,Юго-Восточная,"Ю-ВОСТ, ШЧ-3 (Э)","2шт (к учету 1) ч(к учету 0,47ч)","1шт ч(к учету 0,13ч)",,"Контактная система, потеря контакта",CSH,2024,1.0,"0,47ч",1.0,"0,13ч",,,120 days 00:11:00,172811.0,3882.0,54,0.3173652694610778,Весна,0.0002742467479524,0
3,13337437,2024-05-02 12:47:00,Юго-Восточная,"Ю-ВОСТ, ШЧ-3 (Э)",,,,Неисправность болометра,CSH,2024,,,,,,,121 days 07:53:00,174713.0,1902.0,55,0.3233532934131736,Весна,0.0002742467479524,0
2,13346813,2024-05-07 10:30:00,Юго-Восточная,"Ю-ВОСТ, ИЧ-2 ТАМБОВ Ш",,,"1шт ч(к учету 0,15)ч","Кнопки, механическое заедание кнопки",CSH,2024,,,,,1.0,"0,15ч",126 days 05:36:00,181776.0,7063.0,56,0.3293413173652694,Весна,0.0002742467479524,0
3,13356547,2024-05-08 12:49:00,Юго-Восточная,"С-КАВ, ВЧДЗ-13 КРАСНОДАР",,,,Тонкий гребень колеса грузового вагона,CV,2024,,,,,,,127 days 07:55:00,183355.0,1579.0,57,0.3353293413173652,Весна,0.0002742467479524,0
3,13360192,2024-05-15 10:55:00,Юго-Восточная,"Ю-ВОСТ, ШЧ-7",,,,Ослабление крепления монтажных проводов на контактах,CSH,2024,,,,,,,134 days 06:01:00,193321.0,9966.0,58,0.3413173652694611,Весна,0.0002742467479524,0
2,13360896,2024-05-15 18:55:00,Юго-Восточная,"Ю-ВОСТ, ШЧ-3 (Э)",,"2шт ч(к учету 0,27ч)",,Излом повода под гайкой,CSH,2024,,,2.0,"0,27ч",,,134 days 14:01:00,193801.0,480.0,59,0.3473053892215569,Весна,0.0002742467479524,0
3,13365020,2024-05-18 16:46:00,Юго-Восточная,"Ю-ВОСТ, ШЧ-14 (Э)",,,,Неисправность болометра,CSH,2024,,,,,,,137 days 11:52:00,197992.0,4191.0,60,0.3532934131736527,Весна,0.0002742467479524,0
2,13365460,2024-05-19 06:05:00,Юго-Восточная,"Ю-ВОСТ, ШЧ-15","2шт ч(к учету 1,5ч)","2шт (к учету 1) ч(к учету 0,63ч)",,"Срабатывание, несоответствие номинала",CSH,2024,2.0,"1,5ч",1.0,"0,63ч",,,138 days 01:11:00,198791.0,799.0,61,0.3592814371257485,Весна,0.0002742467479524,0
2,13374314,2024-05-24 17:58:00,Юго-Восточная,"Ю-ВОСТ, ШЧ-9",,"1шт ч(к учету 0,13ч)","1шт ч(к учету 0,32)ч","Жилы, внутренний обрыв",CSH,2024,,,1.0,"0,13ч",1.0,"0,32ч",143 days 13:04:00,206704.0,7913.0,62,0.3652694610778443,Весна,0.0002742467479524,0
3,13387622,2024-05-25 19:30:00,Юго-Восточная,"С-КАВ, ВЧДЭ-5 БАТАЙСК",,,,Тонкий гребень колеса грузового вагона,CV,2024,,,,,,,144 days 14:36:00,208236.0,1532.0,63,0.3712574850299401,Весна,0.0002742467479524,0
2,13375739,2024-05-26 12:41:00,Юго-Восточная,"Ю-ВОСТ, ШЧ-5 (Р)","1шт ч(к учету 0,75ч)","1шт ч(к учету 0,3ч)",,Неисправность,CSH,2024,1.0,"0,75ч",1.0,"0,3ч",,,145 days 07:47:00,209267.0,1031.0,64,0.3772455089820359,Весна,0.0002742467479524,0
2,13378609,2024-05-28 15:00:00,Юго-Восточная,"Ю-ВОСТ, ШЧ-5 (Р)",,"1шт ч(к учету 0,23ч)","1шт ч(к учету 0,17)ч","Конденсатор, снижение емкости",CSH,2024,,,1.0,"0,23ч",1.0,"0,17ч",147 days 10:06:00,212286.0,3019.0,65,0.3832335329341317,Весна,0.0002742467479524,0
2,13383506,2024-05-31 21:42:00,Юго-Восточная,"Ю-ВОСТ, ШЧ-4 (Э)",,,"2шт ч(к учету 0,18)ч","Жилы, обрыв",CSH,2024,,,,,2.0,"0,18ч",150 days 16:48:00,217008.0,4722.0,66,0.3892215568862275,Весна,0.0002742467479524,0
3,13384170,2024-06-01 14:06:00,Юго-Восточная,"Ю-ВОСТ, ШЧ-15",,,,Неисправность болометра,CSH,2024,,,,,,,151 days 09:12:00,217992.0,984.0,67,0.3952095808383233,Лето,0.000382878307209,0
3,13384447,2024-06-01 20:53:00,Юго-Восточная,"Ю-ВОСТ, ШЧ-9",,,,"Жилы, внутренний обрыв",CSH,2024,,,,,,,151 days 15:59:00,218399.0,407.0,68,0.4011976047904191,Лето,0.000382878307209,0
2,13388893,2024-06-04 15:08:00,Юго-Восточная,"Ю-ВОСТ, ШЧ-14 (Э)","2шт ч(к учету 0,22ч)","1шт ч(к учету 0,37ч)",,"Жилы, обрыв",CSH,2024,2.0,"0,22ч",1.0,"0,37ч",,,154 days 10:14:00,222374.0,3975.0,69,0.4071856287425149,Лето,0.000382878307209,0
2,13392012,2024-06-05 19:56:00,Юго-Восточная,"Ю-ВОСТ, ШЧ-5 (Р)",,"1шт ч(к учету 0,1ч)",,"Диоды, обрыв",CSH,2024,,,1.0,"0,1ч",,,155 days 15:02:00,224102.0,1728.0,70,0.4131736526946107,Лето,0.000382878307209,0
3,13435505,2024-06-07 14:43:00,Юго-Восточная,"Ю-ВОСТ, ШЧ-14 (Э)","1шт ч(к учету 0,02ч)",,,"Срабатывание (перегорание), атмосферные перенапряжения",CSH,2024,1.0,"0,02ч",,,,,157 days 09:49:00,226669.0,2567.0,71,0.4191616766467065,Лето,0.000382878307209,0
2,13396290,2024-06-07 19:54:00,Юго-Восточная,"Ю-ВОСТ, ШЧ-15","2шт ч(к учету 0,33ч)","3шт ч(к учету 0,65ч)","2шт ч(к учету 0,33)ч","Внутренний монтаж, обрыв",CSH,2024,2.0,"0,33ч",3.0,"0,65ч",2.0,"0,33ч",157 days 15:00:00,226980.0,311.0,72,0.4251497005988024,Лето,0.000382878307209,0
3,13435511,2024-06-10 01:08:00,Юго-Восточная,"Ю-ВОСТ, ШЧ-9","1шт ч(к учету 0,02ч)",,,"Диод, пробой",CSH,2024,1.0,"0,02ч",,,,,159 days 20:14:00,230174.0,3194.0,73,0.4311377245508982,Лето,0.000382878307209,0
3,13405589,2024-06-10 17:29:00,Юго-Восточная,"ПРИВ, ВЧД АТКАРСК",,,,Неисправность механизма авторегулятора,CV,2024,,,,,,,160 days 12:35:00,231155.0,981.0,74,0.437125748502994,Лето,0.000382878307209,0
2,13400008,2024-06-11 00:31:00,Юго-Восточная,"Ю-ВОСТ, ШЧ-4 (Э)",,"1шт ч(к учету 0,2ч)",,Обрыв монтажного провода,CSH,2024,,,1.0,"0,2ч",,,160 days 19:37:00,231577.0,422.0,75,0.4431137724550898,Лето,0.000382878307209,0
3,13404615,2024-06-13 14:20:00,Юго-Восточная,"МОСК, ТЧЭ-36",,,,"Низкое сопротивление изоляции провода, кабеля низковольтных цепей и цепей управления",CT,2024,,,,,,,163 days 09:26:00,235286.0,3709.0,76,0.4491017964071856,Лето,0.000382878307209,0
2,13407532,2024-06-16 06:21:00,Юго-Восточная,"Ю-ВОСТ, ШЧ-7",,"1шт ч(к учету 0,15ч)",,"Клеммная колодка резьб, плохой контакт",CSH,2024,,,1.0,"0,15ч",,,166 days 01:27:00,239127.0,3841.0,77,0.4550898203592814,Лето,0.000382878307209,0
2,13412939,2024-06-20 09:46:00,Юго-Восточная,"Ю-ВОСТ, ШЧ-3 (Э)","1шт ч(к учету 0,48ч)",,,"Отставание (неприлегание) остряка от рамного рельса на 4 мм и более, измеряемое против первой тяги",CSH,2024,1.0,"0,48ч",,,,,170 days 04:52:00,245092.0,5965.0,78,0.4610778443113772,Лето,0.000382878307209,0
3,13416543,2024-06-23 15:22:00,Юго-Восточная,"Ю-ВОСТ, ШЧ-15",,,,Неисправность болометра,CSH,2024,,,,,,,173 days 10:28:00,249748.0,4656.0,79,0.467065868263473,Лето,0.000382878307209,0
3,13416544,2024-06-23 15:22:00,Юго-Восточная,"Ю-ВОСТ, ШЧ-15",,,,Неисправность болометра,CSH,2024,,,,,,,173 days 10:28:00,249748.0,0.0,80,0.4730538922155688,Лето,0.000382878307209,0
2,13424516,2024-06-29 03:55:00,Юго-Восточная,"Ю-ВОСТ, ШЧ-15",,"1шт ч(к учету 0,12ч)",,"Внутренний монтаж, короткое замыкание",CSH,2024,,,1.0,"0,12ч",,,178 days 23:01:00,257701.0,7953.0,81,0.4790419161676646,Лето,0.000382878307209,0
3,13424506,2024-06-29 04:04:00,Юго-Восточная,"Ю-ВОСТ, ШЧ-5 (Р)",,,,Неисправность элементов,CSH,2024,,,,,,,178 days 23:10:00,257710.0,9.0,82,0.4850299401197604,Лето,0.000382878307209,0
3,13425446,2024-06-30 05:52:00,Юго-Восточная,"Ю-ВОСТ, ШЧ-9",,,,Излом провода под гайкой,CSH,2024,,,,,,,180 days 00:58:00,259258.0,1548.0,83,0.4910179640718562,Лето,0.000382878307209,0
2,13425977,2024-06-30 18:20:00,Юго-Восточная,"Ю-ВОСТ, ШЧ-15","1шт ч(к учету 0,65ч)","2шт ч(к учету 0,43ч)","1шт ч(к учету 0,53)ч",Обрыв жил контрольного кабеля линий СЦБ,CSH,2024,1.0,"0,65ч",2.0,"0,43ч",1.0,"0,53ч",180 days 13:26:00,260006.0,748.0,84,0.497005988023952,Лето,0.000382878307209,0
2,13426037,2024-06-30 20:45:00,Юго-Восточная,"Ю-ВОСТ, ШЧ-11","2шт ч(к учету 0,43ч)",,"1шт ч(к учету 0,22)ч","Обмотка, короткое замыкание",CSH,2024,2.0,"0,43ч",,,1.0,"0,22ч",180 days 15:51:00,260151.0,145.0,85,0.5029940119760479,Лето,0.000382878307209,0
3,13429258,2024-07-02 17:58:00,Юго-Восточная,"Ю-ВОСТ, ШЧ-5 (Р)",,,,"Обмотка, обрыв",CSH,2024,,,,,,,182 days 13:04:00,262864.0,2713.0,86,0.5089820359281437,Лето,0.000382878307209,0
2,13431001,2024-07-03 12:32:00,Юго-Восточная,"Ю-ВОСТ, ШЧ-3 (Э)","1шт ч(к учету 0,98ч)","2шт ч(к учету 0,77ч)","1шт ч(к учету 0,17)ч",Излом наконечника,CSH,2024,1.0,"0,98ч",2.0,"0,77ч",1.0,"0,17ч",183 days 07:38:00,263978.0,1114.0,87,0.5149700598802395,Лето,0.000382878307209,0
2,13437373,2024-07-06 22:00:00,Юго-Восточная,"Ю-ВОСТ, ШЧ-3 (Э)",,"2шт ч(к учету 0,28ч)",,Ослабление затяжки болтов,CSH,2024,,,2.0,"0,28ч",,,186 days 17:06:00,268866.0,4888.0,88,0.5209580838323353,Лето,0.000382878307209,0
2,13443831,2024-07-10 08:05:00,Юго-Восточная,"МОСК, ТЧЭ-36","1шт ч(к учету 0,22ч)","1шт ч(к учету 0,1ч)",,"Пробой изоляции провода, кабеля низковольтных цепей и цепей управления на корпус",CT,2024,1.0,"0,22ч",1.0,"0,1ч",,,190 days 03:11:00,273791.0,4925.0,89,0.5269461077844312,Лето,0.000382878307209,0
3,13444740,2024-07-10 18:06:00,Юго-Восточная,"Ю-ВОСТ, ШЧ-4 (Э)",,,,Излом наконечника,CSH,2024,,,,,,,190 days 13:12:00,274392.0,601.0,90,0.5329341317365269,Лето,0.000382878307209,0
2,13446921,2024-07-11 18:51:00,Юго-Восточная,"Ю-ВОСТ, ШЧ-9",,"1шт ч(к учету 0,42ч)",,"Жилы, обрыв",CSH,2024,,,1.0,"0,42ч",,,191 days 13:57:00,275877.0,1485.0,91,0.5389221556886228,Лето,0.000382878307209,0
3,13449445,2024-07-13 17:13:00,Юго-Восточная,"Ю-ВОСТ, ШЧ-5 (Р)",,,,"Контактная система, подгар контактов",CSH,2024,,,,,,,193 days 12:19:00,278659.0,2782.0,92,0.5449101796407185,Лето,0.000382878307209,0
2,13450062,2024-07-14 11:27:00,Юго-Восточная,"Ю-ВОСТ, ШЧ-4 (Э)","1шт ч(к учету 0,27ч)",,"1шт ч(к учету 0,05)ч",Излом провода под гайкой,CSH,2024,1.0,"0,27ч",,,1.0,"0,05ч",194 days 06:33:00,279753.0,1094.0,93,0.5508982035928144,Лето,0.000382878307209,0
2,13457482,2024-07-20 05:47:00,Юго-Восточная,"Ю-ВОСТ, ШЧ-5 (Р)","1шт ч(к учету 0,98ч)",,,"Лампы, перегорание основной нити",CSH,2024,1.0,"0,98ч",,,,,200 days 00:53:00,288053.0,8300.0,94,0.5568862275449101,Лето,0.000382878307209,0
3,13461840,2024-07-24 00:35:00,Юго-Восточная,"Ю-ВОСТ, ШЧ-7",,,,"Жилы, внутренний обрыв",CSH,2024,,,,,,,203 days 19:41:00,293501.0,5448.0,95,0.562874251497006,Лето,0.000382878307209,0
2,13464257,2024-07-25 12:52:00,Юго-Восточная,"Ю-ВОСТ, ШЧ-15","2шт ч(к учету 0,85ч)",,,Нарушение изоляции монтажных проводов,CSH,2024,2.0,"0,85ч",,,,,205 days 07:58:00,295678.0,2177.0,96,0.5688622754491018,Лето,0.000382878307209,0
3,13465571,2024-07-26 11:57:00,Юго-Восточная,"Ю-ВОСТ, ТЧЭ-17",,,,Прочая неисправность силовых контактов электромагнитного контактора вспомогательных цепей и цепей управления,CT,2024,,,,,,,206 days 07:03:00,297063.0,1385.0,97,0.5748502994011976,Лето,0.000382878307209,0
2,13466215,2024-07-27 05:37:00,Юго-Восточная,"МОСК, ШЧ-28",,,"1шт ч(к учету 0,1)ч",Ослабление затяжки болтов,CSH,2024,,,,,1.0,"0,1ч",207 days 00:43:00,298123.0,1060.0,98,0.5808383233532934,Лето,0.000382878307209,0
2,13467218,2024-07-28 09:55:00,Юго-Восточная,"Ю-ВОСТ, ШЧ-7","2шт ч(к учету 1,5ч)","1шт ч(к учету 0,23ч)",,"Жилы, сообщение",CSH,2024,2.0,"1,5ч",1.0,"0,23ч",,,208 days 05:01:00,299821.0,1698.0,99,0.5868263473053892,Лето,0.000382878307209,0
2,13467910,2024-07-29 02:43:00,Юго-Восточная,"Ю-ВОСТ, ШЧ-7","1шт ч(к учету 0,45ч)",,,"Лампы, перегорание основной нити",CSH,2024,1.0,"0,45ч",,,,,208 days 21:49:00,300829.0,1008.0,100,0.592814371257485,Лето,0.000382878307209,0
3,13471442,2024-07-31 16:00:00,Юго-Восточная,"Ю-ВОСТ, ШЧ-7",,,,"Срабатывание (перегорание), воздействие тягового тока",CSH,2024,,,,,,,211 days 11:06:00,304506.0,3677.0,101,0.5988023952095808,Лето,0.000382878307209,0
2,13474433,2024-08-02 22:00:00,Юго-Восточная,"Ю-ВОСТ, ШЧ-3 (Э)",,"1шт ч(к учету 0,12ч)",,"Контактная система, Потеря контакта",CSH,2024,,,1.0,"0,12ч",,,213 days 17:06:00,307746.0,3240.0,102,0.6047904191616766,Лето,0.000382878307209,0
2,13474931,2024-08-03 13:18:00,Юго-Восточная,"Ю-ВОСТ, ШЧ-15","5шт ч(к учету 1,68ч)","4шт ч(к учету 0,72ч)","1шт ч(к учету 0,38)ч","Жилы, внутренний обрыв",CSH,2024,5.0,"1,68ч",4.0,"0,72ч",1.0,"0,38ч",214 days 08:24:00,308664.0,918.0,103,0.6107784431137725,Лето,0.000382878307209,0
3,13480258,2024-08-07 02:45:00,Юго-Восточная,"Ю-ВОСТ, ШЧ-14 (Э)",,,,"Лампы, перегорание основной нити",CSH,2024,,,,,,,217 days 21:51:00,313791.0,5127.0,104,0.6167664670658682,Лето,0.000382878307209,0
3,13482474,2024-08-07 15:37:00,Юго-Восточная,"Ю-ВОСТ, ШЧ-3 (Э)",,,,"Диод, обрыв",CSH,2024,,,,,,,218 days 10:43:00,314563.0,772.0,105,0.6227544910179641,Лето,0.000382878307209,0
2,13531363,2024-08-08 09:23:00,Юго-Восточная,"Ю-ВОСТ, ШЧ-14 (Э)","1шт ч(к учету 0,52ч)",,,"Не срабатывание (не перегорание), атмосферные перенапряжения",CSH,2024,1.0,"0,52ч",,,,,219 days 04:29:00,315629.0,1066.0,106,0.6287425149700598,Лето,0.000382878307209,0
2,13494837,2024-08-15 14:34:00,Юго-Восточная,"Ю-ВОСТ, ШЧ-14 (Э)",,"1шт ч(к учету 0,3ч)",,Нарушение контакта трос/штепсель,CSH,2024,,,1.0,"0,3ч",,,226 days 09:40:00,326020.0,10391.0,107,0.6347305389221557,Лето,0.000382878307209,0
2,13495286,2024-08-16 02:30:00,Юго-Восточная,"Ю-ВОСТ, ШЧ-4 (Э)",,"3шт ч(к учету 0,75ч)",,"Контактная система, потеря контакта",CSH,2024,,,3.0,"0,75ч",,,226 days 21:36:00,326736.0,716.0,108,0.6407185628742516,Лето,0.000382878307209,0
2,13497476,2024-08-18 07:46:00,Юго-Восточная,"Ю-ВОСТ, ШЧ-7",,"2шт ч(к учету 0,23ч)",,Сообщение,CSH,2024,,,2.0,"0,23ч",,,229 days 02:52:00,329932.0,3196.0,109,0.6467065868263473,Лето,0.000382878307209,0
3,13498256,2024-08-19 00:44:00,Юго-Восточная,"МОСК, ТЧЭ-36",,,,"Низкое сопротивление изоляции провода, кабеля низковольтных цепей и цепей управления",CT,2024,,,,,,,229 days 19:50:00,330950.0,1018.0,110,0.6526946107784432,Лето,0.000382878307209,0
2,13498188,2024-08-19 03:03:00,Юго-Восточная,"Ю-ВОСТ, ШЧ-7",,"2шт ч(к учету 0,47ч)",,"Срабатывание, воздействие тягового тока",CSH,2024,,,2.0,"0,47ч",,,229 days 22:09:00,331089.0,139.0,111,0.6586826347305389,Лето,0.000382878307209,0
3,13500360,2024-08-20 15:40:00,Юго-Восточная,"Ю-ВОСТ, ШЧ-9",,"1шт ч(к учету 0,03ч)",,"Механические повреждения подразделениями ОАО ""РЖД""",CSH,2024,,,1.0,"0,03ч",,,231 days 10:46:00,333286.0,2197.0,112,0.6646706586826348,Лето,0.000382878307209,0
3,13505301,2024-08-24 11:34:00,Юго-Восточная,"МОСК, ТЧЭ-36",,,,"Низкое сопротивление изоляции провода, кабеля низковольтных цепей и цепей управления",CT,2024,,,,,,,235 days 06:40:00,338800.0,5514.0,113,0.6706586826347305,Лето,0.000382878307209,0
2,13505606,2024-08-25 06:30:00,Юго-Восточная,"Ю-ВОСТ, ШЧ-5 (Р)",,"1шт ч(к учету 0,22ч)",,"Контактная система, сваривание контактов",CSH,2024,,,1.0,"0,22ч",,,236 days 01:36:00,339936.0,1136.0,114,0.6766467065868264,Лето,0.000382878307209,0
3,13507021,2024-08-26 04:26:00,Юго-Восточная,"МОСК, ТЧЭ-36",,,,"Низкое сопротивление изоляции провода, кабеля низковольтных цепей и цепей управления",CT,2024,,,,,,,236 days 23:32:00,341252.0,1316.0,115,0.6826347305389222,Лето,0.000382878307209,0
3,13510328,2024-08-29 02:01:00,Юго-Восточная,"МОСК, ТЧЭ-36",,,,"Низкое сопротивление изоляции провода, кабеля низковольтных цепей и цепей управления",CT,2024,,,,,,,239 days 21:07:00,345427.0,4175.0,116,0.688622754491018,Лето,0.000382878307209,0
2,13515202,2024-09-03 03:33:00,Юго-Восточная,"Ю-ВОСТ, ШЧ-15",,"1шт ч(к учету 0,12ч)",,"Жилы, сообщение",CSH,2024,,,1.0,"0,12ч",,,244 days 22:39:00,352719.0,7292.0,117,0.6946107784431138,Осень,0.0002687429548287,0
2,13516310,2024-09-03 12:18:00,Юго-Восточная,"Ю-ВОСТ, ШЧ-5 (Р)",,"2шт ч(к учету 0,48ч)",,"Контактная система, потеря контакта",CSH,2024,,,2.0,"0,48ч",,,245 days 07:24:00,353244.0,525.0,118,0.7005988023952096,Осень,0.0002687429548287,0
2,13521713,2024-09-05 15:15:00,Юго-Восточная,"Ю-ВОСТ, ШЧ-9",,"2шт ч(к учету 0,67ч)",,"Выводные клеммы, окисление контактов",CSH,2024,,,2.0,"0,67ч",,,247 days 10:21:00,356301.0,3057.0,119,0.7065868263473054,Осень,0.0002687429548287,0
3,13525837,2024-09-08 16:54:00,Юго-Восточная,"Ю-ВОСТ, ШЧ-7",,,,"Жилы, внутренний обрыв",CSH,2024,,,,,,,250 days 12:00:00,360720.0,4419.0,120,0.7125748502994012,Осень,0.0002687429548287,0
2,13526176,2024-09-09 04:38:00,Юго-Восточная,"Ю-ВОСТ, ШЧ-14 (Э)",,"1шт ч(к учету 0,17ч)",,Ослабление затяжки болтов,CSH,2024,,,1.0,"0,17ч",,,250 days 23:44:00,361424.0,704.0,121,0.718562874251497,Осень,0.0002687429548287,0
3,13541260,2024-09-11 12:54:00,Юго-Восточная,"Ю-УР, ВЧДЭ-1 ЧЕЛЯБИНСК",,,,Тонкий гребень колеса грузового вагона,CV,2024,,,,,,,253 days 08:00:00,364800.0,3376.0,122,0.7245508982035929,Осень,0.0002687429548287,0
3,13552085,2024-09-12 11:09:00,Юго-Восточная,"Ю-ВОСТ, ШЧ-11",,,"1шт ч(к учету 0,07)ч",Обрыв монтажного провода,CSH,2024,,,,,1.0,"0,07ч",254 days 06:15:00,366135.0,1335.0,123,0.7305389221556886,Осень,0.0002687429548287,0
3,13541006,2024-09-14 18:48:00,Юго-Восточная,"С-КАВ, ВЧДЭ-5 БАТАЙСК",,,,Тонкий гребень колеса грузового вагона,CV,2024,,,,,,,256 days 13:54:00,369474.0,3339.0,124,0.7365269461077845,Осень,0.0002687429548287,0
3,13552088,2024-09-15 06:45:00,Юго-Восточная,"Ю-ВОСТ, ШЧ-11",,,"1шт ч(к учету 0,07)ч",Сбой АЛС с задержкой поезда,CSH,2024,,,,,1.0,"0,07ч",257 days 01:51:00,370191.0,717.0,125,0.7425149700598802,Осень,0.0002687429548287,0
2,13538873,2024-09-16 04:27:00,Юго-Восточная,"Ю-ВОСТ, ШЧ-4 (Э)","1шт ч(к учету 0,55ч)",,,Неисправность элементов,CSH,2024,1.0,"0,55ч",,,,,257 days 23:33:00,371493.0,1302.0,126,0.7485029940119761,Осень,0.0002687429548287,0
2,13542315,2024-09-18 02:05:00,Юго-Восточная,"Ю-ВОСТ, ШЧ-7",,"2шт ч(к учету 0,95ч)",,"Курбельный контакт, разрегулировка",CSH,2024,,,2.0,"0,95ч",,,259 days 21:11:00,374231.0,2738.0,127,0.7544910179640718,Осень,0.0002687429548287,0
2,13553537,2024-09-26 12:01:00,Юго-Восточная,"Ю-ВОСТ, ШЧ-3 (Э)","1шт ч(к учету 0,22ч)","4шт ч(к учету 0,78ч)","1шт ч(к учету 0,23)ч",Неисправность устройств электроснабжения,CSH,2024,1.0,"0,22ч",4.0,"0,78ч",1.0,"0,23ч",268 days 07:07:00,386347.0,12116.0,128,0.7604790419161677,Осень,0.0002687429548287,0
2,13554476,2024-09-27 05:48:00,Юго-Восточная,"Ю-ВОСТ, ШЧ-3 (Э)","3шт ч(к учету 1,22ч)","1шт ч(к учету 0,1ч)",,Обрыв монтажного провода,CSH,2024,3.0,"1,22ч",1.0,"0,1ч",,,269 days 00:54:00,387414.0,1067.0,129,0.7664670658682635,Осень,0.0002687429548287,0
3,13557105,2024-09-29 17:41:00,Юго-Восточная,"Ю-ВОСТ, ШЧ-3 (Э)",,,,"Нарушение контакта в штепсельных розетках, неисправность контактных губок",CSH,2024,,,,,,,271 days 12:47:00,391007.0,3593.0,130,0.7724550898203593,Осень,0.0002687429548287,0
3,13560676,2024-10-02 06:23:00,Юго-Восточная,"Ю-ВОСТ, ШЧ-3 (Э)",,,,"Контактная система, потеря контакта",CSH,2024,,,,,,,274 days 01:29:00,394649.0,3642.0,131,0.7784431137724551,Осень,0.0002687429548287,0
2,13568177,2024-10-06 13:46:00,Юго-Восточная,"Ю-ВОСТ, ШЧ-3 (Э)",,"2шт ч(к учету 0,27ч)",,Обрыв,CSH,2024,,,2.0,"0,27ч",,,278 days 08:52:00,400852.0,6203.0,132,0.7844311377245509,Осень,0.0002687429548287,0
3,13594020,2024-10-08 16:46:00,Юго-Восточная,"Ю-ВОСТ, ШЧ-5 (Р)","1шт ч(к учету 0,03ч)",,,Отсутствие смазки на башмаках,CSH,2024,1.0,"0,03ч",,,,,280 days 11:52:00,403912.0,3060.0,133,0.7904191616766467,Осень,0.0002687429548287,0
2,13574024,2024-10-09 14:08:00,Юго-Восточная,"Ю-ВОСТ, ШЧ-7",,,"2шт ч(к учету 0,63)ч","Жилы, внутренний обрыв",CSH,2024,,,,,2.0,"0,63ч",281 days 09:14:00,405194.0,1282.0,134,0.7964071856287425,Осень,0.0002687429548287,0
2,13585227,2024-10-16 18:13:00,Юго-Восточная,"Ю-ВОСТ, ШЧ-5 (Р)",,"1шт ч(к учету 0,23ч)",,"Контактная система, подгар контактов",CSH,2024,,,1.0,"0,23ч",,,288 days 13:19:00,415519.0,10325.0,135,0.8023952095808383,Осень,0.0002687429548287,0
2,13589522,2024-10-20 12:36:00,Юго-Восточная,"Ю-ВОСТ, ШЧ-11","1шт ч(к учету 0,32ч)",,,"Контактная система, потеря контакта",CSH,2024,1.0,"0,32ч",,,,,292 days 07:42:00,420942.0,5423.0,136,0.8083832335329342,Осень,0.0002687429548287,0
3,13595453,2024-10-25 13:44:00,Юго-Восточная,"Ю-ВОСТ, ШЧ-14 (Э)",,,,"Срабатывание (перегорание), воздействие тягового тока",CSH,2024,,,,,,,297 days 08:50:00,428210.0,7268.0,137,0.8143712574850299,Осень,0.0002687429548287,0
3,13595658,2024-10-25 19:07:00,Юго-Восточная,"Ю-ВОСТ, ШЧ-11",,,,"Лампы, перегорание основной нити",CSH,2024,,,,,,,297 days 14:13:00,428533.0,323.0,138,0.8203592814371258,Осень,0.0002687429548287,0
2,13595659,2024-10-25 19:10:00,Юго-Восточная,"Ю-ВОСТ, ШЧ-3 (Э)","1шт ч(к учету 0,43ч)","4шт ч(к учету 0,82ч)",,"Стрелочный ОК, МОТ1, неисправность",CSH,2024,1.0,"0,43ч",4.0,"0,82ч",,,297 days 14:16:00,428536.0,3.0,139,0.8263473053892215,Осень,0.0002687429548287,0
3,13600438,2024-10-30 17:57:00,Юго-Восточная,"Ю-ВОСТ, ШЧ-5 (Р)",,,,"Контактная система, потеря контакта",CSH,2024,,,,,,,302 days 13:03:00,435663.0,7127.0,140,0.8323353293413174,Осень,0.0002687429548287,0
2,13603707,2024-11-02 13:53:00,Юго-Восточная,"Ю-ВОСТ, ШЧ-7",,,"2шт ч(к учету 0,37)ч","Контактная система, потеря контакта",CSH,2024,,,,,2.0,"0,37ч",305 days 08:59:00,439739.0,4076.0,141,0.8383233532934131,Осень,0.0002687429548287,0
2,13604129,2024-11-03 00:49:00,Юго-Восточная,"Ю-ВОСТ, ШЧ-14 (Э)",,"2шт (к учету 1) ч(к учету 0,95ч)",,"Диод, обрыв",CSH,2024,,,1.0,"0,95ч",,,305 days 19:55:00,440395.0,656.0,142,0.844311377245509,Осень,0.0002687429548287,0
2,13604847,2024-11-03 20:35:00,Юго-Восточная,"Ю-ВОСТ, ШЧ-7",,"4шт ч(к учету 0,97ч)",,"Не срабатывание (не перегорание), коммутационные перенапряжения",CSH,2024,,,4.0,"0,97ч",,,306 days 15:41:00,441581.0,1186.0,143,0.8502994011976048,Осень,0.0002687429548287,0
3,13609764,2024-11-07 02:40:00,Юго-Восточная,"Ю-ВОСТ, ШЧ-5 (Р)",,,,"Конденсатор, обрыв",CSH,2024,,,,,,,309 days 21:46:00,446266.0,4685.0,144,0.8562874251497006,Осень,0.0002687429548287,0
2,13620085,2024-11-13 23:25:00,Юго-Восточная,"Ю-ВОСТ, ШЧ-15","4шт (к учету 2) ч(к учету 1,73ч)","1шт ч(к учету 0,27ч)",,Обрыв обмотки,CSH,2024,2.0,"1,73ч",1.0,"0,27ч",,,316 days 18:31:00,456151.0,9885.0,145,0.8622754491017964,Осень,0.0002687429548287,0
3,13624964,2024-11-14 22:09:00,Юго-Восточная,"С-КАВ, ВЧДЭ-5 БАТАЙСК",,,,Тонкий гребень колеса грузового вагона,CV,2024,,,,,,,317 days 17:15:00,457515.0,1364.0,146,0.8682634730538922,Осень,0.0002687429548287,0
2,13623005,2024-11-16 02:07:00,Юго-Восточная,"Ю-ВОСТ, ШЧ-15",,"1шт ч(к учету 0,32ч)",,Излом повода под гайкой,CSH,2024,,,1.0,"0,32ч",,,318 days 21:13:00,459193.0,1678.0,147,0.874251497005988,Осень,0.0002687429548287,0
2,13629395,2024-11-22 11:27:00,Юго-Восточная,"Ю-ВОСТ, ШЧ-9",,,"1шт ч(к учету 0,5)ч","Жилы, внутренний обрыв",CSH,2024,,,,,1.0,"0,5ч",325 days 06:33:00,468393.0,9200.0,148,0.8802395209580839,Осень,0.0002687429548287,0
3,13631729,2024-11-25 12:08:00,Юго-Восточная,"Ю-ВОСТ, ШЧ-15",,,,Отсутствие смазки на башмаках,CSH,2024,,,,,,,328 days 07:14:00,472754.0,4361.0,149,0.8862275449101796,Осень,0.0002687429548287,0
3,13631939,2024-11-25 13:34:00,Юго-Восточная,"Ю-ВОСТ, ШЧ-15",,,,Нарушение контакта,CSH,2024,,,,,,,328 days 08:40:00,472840.0,86.0,150,0.8922155688622755,Осень,0.0002687429548287,0
2,13632248,2024-11-25 23:34:00,Юго-Восточная,"Ю-ВОСТ, ШЧ-5 (Р)",,"1шт ч(к учету 0,55ч)",,"Контактная система, увеличенное сопротивление контакта",CSH,2024,,,1.0,"0,55ч",,,328 days 18:40:00,473440.0,600.0,151,0.8982035928143712,Осень,0.0002687429548287,0
2,13636893,2024-11-30 04:26:00,Юго-Восточная,"Ю-ВОСТ, ШЧ-5 (Р)",,"3шт ч(к учету 0,43ч)",,"Кнопки, механическое заедание кнопки",CSH,2024,,,3.0,"0,43ч",,,332 days 23:32:00,479492.0,6052.0,152,0.9041916167664672,Осень,0.0002687429548287,0
2,13643766,2024-12-05 10:03:00,Юго-Восточная,"Ю-ВОСТ, ШЧ-3 (Э)",,,"1шт ч(к учету 0,35)ч","Нарушение контакта в разъемах блоков, замятие контакта",CSH,2024,,,,,1.0,"0,35ч",338 days 05:09:00,487029.0,7537.0,153,0.9101796407185628,Зима,0.0003837131221167,0
3,13644874,2024-12-05 19:17:00,Юго-Восточная,"Ю-ВОСТ, ШЧ-5 (Р)",,,,"Электродвигатель, постоянного тока (МСП, ДСП), неисправность щеточного  узла",CSH,2024,,,,,,,338 days 14:23:00,487583.0,554.0,154,0.9161676646706588,Зима,0.0003837131221167,0
2,13646913,2024-12-07 16:21:00,Юго-Восточная,"Ю-ВОСТ, ШЧ-3 (Э)",,,"1шт ч(к учету 0,15)ч","Нарушение контакта в штепсельных розетках, замятие контакта",CSH,2024,,,,,1.0,"0,15ч",340 days 11:27:00,490287.0,2704.0,155,0.9221556886227544,Зима,0.0003837131221167,0
3,13647419,2024-12-08 13:45:00,Юго-Восточная,"Ю-ВОСТ, ШЧ-15",,,,"Срабатывание (перегорание), атмосферные перенапряжения",CSH,2024,,,,,,,341 days 08:51:00,491571.0,1284.0,156,0.9281437125748504,Зима,0.0003837131221167,0
2,13647750,2024-12-08 21:50:00,Юго-Восточная,"Ю-ВОСТ, ШЧ-9",2шт ч(к учету 1ч),,,Неисправность резьбовых соединений,CSH,2024,1.0,1ч,,,,,341 days 16:56:00,492056.0,485.0,157,0.934131736526946,Зима,0.0003837131221167,0
2,13650192,2024-12-10 11:35:00,Юго-Восточная,"Ю-ВОСТ, ШЧ-7","2шт ч(к учету 0,68ч)","2шт (к учету 1) ч(к учету 0,47ч)",,"Автопереключатель, разрегулировка контактов",CSH,2024,2.0,"0,68ч",1.0,"0,47ч",,,343 days 06:41:00,494321.0,2265.0,158,0.940119760479042,Зима,0.0003837131221167,0
2,13657184,2024-12-15 23:16:00,Юго-Восточная,"Ю-ВОСТ, ШЧ-5 (Р)","4шт ч(к учету 2,32ч)",,,"Тиристоры, обрыв",CSH,2024,4.0,"2,32ч",,,,,348 days 18:22:00,502222.0,7901.0,159,0.9461077844311376,Зима,0.0003837131221167,0
2,13657893,2024-12-16 17:40:00,Юго-Восточная,"Ю-ВОСТ, ШЧ-3 (Э)",,"2шт ч(к учету 0,23ч)",,"Контактная система, потеря контакта",CSH,2024,,,2.0,"0,23ч",,,349 days 12:46:00,503326.0,1104.0,160,0.9520958083832336,Зима,0.0003837131221167,0
3,13660124,2024-12-18 11:39:00,Юго-Восточная,"Ю-ВОСТ, ШЧ-7",,,,"Внутренний монтаж, обрыв",CSH,2024,,,,,,,351 days 06:45:00,505845.0,2519.0,161,0.9580838323353292,Зима,0.0003837131221167,0
2,13660788,2024-12-19 01:47:00,Юго-Восточная,"Ю-ВОСТ, ШЧ-11","1шт ч(к учету 0,33ч)",,,Обрыв монтажного провода,CSH,2024,1.0,"0,33ч",,,,,351 days 20:53:00,506693.0,848.0,162,0.9640718562874252,Зима,0.0003837131221167,0
3,13662218,2024-12-20 03:12:00,Юго-Восточная,"Ю-ВОСТ, ШЧ-3 (Э)",,,,Ослабление затяжки болтов,CSH,2024,,,,,,,352 days 22:18:00,508218.0,1525.0,163,0.9700598802395208,Зима,0.0003837131221167,0
2,13681814,2024-12-22 13:54:00,Юго-Восточная,"Ю-ВОСТ, ШЧ-5 (Р)","1шт ч(к учету 0,43ч)",,,"Изоляция, понижение сопротивления",CSH,2024,1.0,"0,43ч",,,,,355 days 09:00:00,511740.0,3522.0,164,0.9760479041916168,Зима,0.0003837131221167,0
2,13667694,2024-12-25 06:34:00,Юго-Восточная,"Ю-ВОСТ, ШЧ-4 (Э)",,"1шт ч(к учету 0,22ч)",,"Жилы, внутренний обрыв",CSH,2024,,,1.0,"0,22ч",,,358 days 01:40:00,515620.0,3880.0,165,0.9820359281437124,Зима,0.0003837131221167,0
2,13670366,2024-12-26 20:08:00,Юго-Восточная,"Ю-ВОСТ, ШЧ-9","1шт ч(к учету 0,87ч)",,,Излом планки,CSH,2024,1.0,"0,87ч",,,,,359 days 15:14:00,517874.0,2254.0,166,0.9880239520958084,Зима,0.0003837131221167,0
2,13671738,2024-12-28 06:40:00,Юго-Восточная,"Ю-ВОСТ, ШЧ-5 (Р)",,"1шт ч(к учету 0,12ч)",,"Электродвигатель, постоянного тока (МСП, ДСП), обрыв обмотки якоря",CSH,2024,,,1.0,"0,12ч",,,361 days 01:46:00,519946.0,2072.0,167,0.994011976047904,Зима,0.0003837131221167,0
3,13672463,2024-12-28 17:35:00,Юго-Восточная,"Ю-ВОСТ, ШЧ-3 (Э)",,,,Нарушение контакта,CSH,2024,,,,,,,361 days 12:41:00,520601.0,655.0,168,1.0,Зима,0.0003837131221167,0
